,0,1,2,3,4,5,6,7,8,9,10,11,12,13,14,15,16,17,18,19,20,21,22,23,24,25,26,27,28,29,30,31,32,33,34,35,36,37,38,39
Banpo 1-dong,673,835,684,101,72,1194,133,72,301,286,317,368,164,139,336,494,165,428,412,165,274,156,1639,1261,86,142,106,297,118,762,168,566,448,174,1417,259,242,53,512,308
Geoyeo 2-dong,53,92,77,6,9,103,9,13,23,31,26,22,11,13,39,59,12,34,44,19,33,19,206,125,7,1,16,27,10,58,22,66,58,26,266,25,24,5,40,22
Daebang-dong,552,844,649,87,114,1218,107,64,461,270,262,309,182,142,278,477,165,353,364,168,294,186,1665,1320,90,81,107,251,127,667,142,498,405,149,1475,269,215,69,481,283
Sinjeong 1-dong,164,205,159,24,24,297,25,19,68,67,84,65,55,37,85,122,32,96,87,46,85,39,404,347,28,9,26,48,24,213,43,126,104,35,324,69,45,15,131,70
Gayang 2-dong,242,404,311,36,40,579,54,36,154,163,140,159,126,62,140,243,60,178,199,73,106,81,657,586,41,28,48,126,63,360,72,237,179,92,804,136,78,21,256,115
Itaewon 2-dong,397,603,482,55,104,823,101,60,290,193,202,180,218,124,376,330,113,283,248,102,194,106,924,828,63,60,76,193,71,474,109,348,259,107,892,224,161,47,411,174
Jamsil 4-dong,360,580,423,43,57,845,85,60,186,153,195,175,249,115,230,268,89,276,229,92,198,139,1035,902,67,68,55,277,65,468,99,366,281,92,877,191,93,45,352,193
Gaepo 4-dong,347,487,331,24,25,630,64,53,105,105,124,158,84,197,126,191,72,176,188,83,111,143,858,931,150,11,45,87,150,487,68,225,185,80,577,137,53,35,204,113
Gaepo 1-dong,137,148,130,14,14,222,30,16,52,41,41,61,35,55,68,70,26,55,70,33,46,35,268,263,32,14,17,45,52,130,34,67,62,26,233,55,26,4,103,62
Geoyeo 1-dong,63,107,100,11,7,130,16,6,35,32,39,40,24,19,18,68,14,52,58,16,39,20,202,153,13,12,13,29,16,83,16,56,52,16,152,39,37,6,77,27
Guro 3-dong,398,640,504,57,65,809,137,67,281,160,210,238,205,103,280,344,113,345,277,119,245,161,1098,1018,112,64,71,234,117,536,174,325,289,131,929,244,99,54,425,173
Seokgwan-dong,192,313,225,26,11,374,35,31,89,85,101,142,78,48,88,167,42,110,123,36,84,42,477,455,35,19,34,86,48,236,49,176,94,54,479,108,79,10,171,86
Dohwa-dong,443,629,530,59,74,915,110,56,235,216,234,217,224,121,261,405,117,313,301,104,228,105,1246,995,73,56,92,195,78,544,111,390,263,129,1178,223,183,31,395,211
Gocheok 1-dong,411,621,456,54,74,939,142,48,174,174,271,206,154,98,222,462,93,267,280,125,208,134,1155,973,63,78,122,209,85,528,92,307,307,86,1292,265,150,38,331,211
Banghwa 2-dong,111,124,106,9,10,167,19,12,49,29,40,28,26,28,45,73,19,72,52,19,47,27,235,184,6,18,10,56,16,110,27,103,79,25,181,38,21,6,93,57
Samseon-dong,367,562,453,37,41,749,94,64,167,183,194,201,99,90,181,296,112,222,232,129,159,112,1042,812,66,39,57,168,72,472,100,297,246,117,946,179,161,41,315,157
Hongje 3-dong,206,246,208,23,13,371,48,34,91,77,90,113,66,59,73,145,44,120,104,59,64,65,443,468,50,42,31,94,65,284,58,161,123,46,411,91,55,23,154,86
Gayang 3-dong,563,712,627,80,75,1018,150,72,341,196,269,258,226,160,275,449,121,350,300,138,206,193,1330,1247,78,127,88,240,145,645,134,447,357,101,1185,258,145,66,462,267
Sangam-dong,1103,1673,1264,151,222,2267,277,192,611,517,578,504,496,301,720,907,265,800,761,351,510,414,2763,2404,240,138,179,516,217,1420,373,907,723,303,2710,546,293,315,992,479
Macheon 2-dong,424,377,299,34,28,509,66,48,96,122,153,225,83,117,116,208,108,184,172,78,94,73,659,703,53,18,44,117,74,347,69,338,167,79,567,109,161,23,179,117
Jungang-dong,362,532,442,60,44,811,77,46,208,133,186,160,168,85,288,261,113,233,232,83,168,128,886,853,68,48,90,194,61,495,98,277,248,95,844,172,68,32,334,152
Gwanak-gu Sinsa-dong,183,206,162,54,31,362,48,17,85,91,92,85,44,29,64,135,33,93,113,47,83,29,465,341,27,23,27,68,30,154,47,146,119,48,306,84,52,15,128,84
Noryangjin 2-dong,262,420,318,220,30,500,67,34,107,103,108,119,75,86,158,461,58,134,164,53,140,69,706,605,70,53,39,101,62,319,65,241,222,109,544,130,55,22,205,102
Ichon 2-dong,159,127,97,13,14,215,27,15,54,54,67,74,47,33,55,75,33,77,84,22,46,40,299,317,25,6,9,59,52,157,33,118,71,25,219,50,34,15,93,41
Sogong-dong,923,1342,1064,105,169,1886,306,181,843,366,551,465,682,295,604,690,242,672,583,234,388,324,2228,2065,184,145,108,534,205,1114,266,741,660,216,2033,427,219,89,807,413
Ogeum-dong,329,484,468,36,35,794,84,43,157,143,171,157,90,79,170,244,74,209,228,84,177,86,942,779,51,36,47,136,61,437,106,361,277,96,979,142,92,51,329,172
Nagseongdae-dong,358,552,458,54,52,744,84,57,315,161,192,186,171,86,239,295,112,236,202,93,175,119,920,788,74,28,53,185,85,449,104,310,276,96,945,195,137,30,298,157
Jamsilbon-dong,298,385,281,25,18,564,63,39,99,110,158,97,78,55,129,168,83,145,139,56,100,64,638,538,22,48,32,116,43,279,72,232,204,73,450,116,45,20,219,120
Sadang 5-dong,116,129,85,12,13,152,16,11,35,24,42,32,30,20,51,48,21,60,37,24,38,35,231,191,25,8,12,67,16,115,12,64,52,41,169,50,23,1,38,34
Samgaksan-dong,427,635,534,63,45,993,121,69,157,222,208,203,143,102,244,462,115,278,263,149,217,117,1291,969,52,64,81,165,86,525,105,389,360,151,1895,258,173,38,381,234
Jangwi 1-dong,103,189,129,15,13,202,17,9,48,44,43,88,26,36,52,92,31,66,86,43,61,38,339,269,25,25,17,49,20,148,37,108,64,27,220,49,27,12,93,50
Pil-dong,324,513,343,36,62,654,79,79,211,158,175,184,875,105,171,241,82,197,201,100,139,131,782,740,100,38,61,167,85,425,97,256,221,68,684,182,69,28,265,178
"Junggye 2,3-dong",842,927,766,91,39,1396,147,102,252,269,333,413,152,179,435,538,191,437,392,133,281,192,1809,1674,111,80,113,251,125,820,162,574,453,213,2019,291,156,33,488,327
Songjeong-dong,143,222,160,14,25,339,30,17,58,73,70,88,52,36,86,115,32,93,73,40,61,37,362,339,25,45,20,62,27,197,38,102,99,26,344,80,37,9,111,75
Anam-dong,482,749,645,54,56,1111,110,111,282,240,260,262,203,143,338,417,156,363,309,154,255,147,1354,1236,92,75,103,232,118,664,180,506,337,160,1238,247,155,51,481,238
Sadang 4-dong,164,230,179,44,22,287,51,23,73,71,78,80,54,60,55,136,30,87,101,33,62,60,410,357,36,38,21,76,42,192,30,136,107,41,365,85,47,21,119,58
Jongam-dong,338,455,390,61,34,737,70,42,128,123,155,155,116,80,191,235,69,206,253,85,151,105,860,717,67,23,57,132,59,397,79,261,268,107,708,167,102,30,261,155
Jamsil 7-dong,17,45,17,2,2,48,2,3,15,9,12,15,8,14,23,23,4,23,13,5,4,6,53,50,3,0,0,16,4,22,7,23,10,7,106,16,12,1,13,10
Sanggye 1-dong,505,629,568,68,39,1002,106,74,183,203,213,223,141,177,259,376,135,303,304,149,175,148,1353,1170,165,40,100,164,181,614,125,396,293,135,972,214,102,40,349,202
Namyeong-dong,697,720,650,64,85,1162,112,92,281,306,322,345,277,173,317,384,160,363,438,100,256,184,1288,1282,101,72,102,342,117,721,147,538,382,147,1249,235,93,53,522,276
Macheon 1-dong,26,19,23,1,1,35,3,1,3,10,21,12,1,3,1,15,6,13,9,8,9,2,49,38,12,3,5,7,5,27,5,15,13,8,16,10,2,1,10,7
Seocho 2-dong,443,592,508,51,218,849,107,68,200,220,237,208,180,114,254,309,91,286,311,96,179,142,1061,935,94,63,82,193,93,571,112,365,304,117,965,214,97,51,400,196
Seonghyeon-dong,384,526,470,64,40,794,97,60,187,185,208,169,109,90,207,277,119,242,283,97,187,101,954,869,48,63,63,150,72,443,93,387,290,120,813,211,166,41,351,186
Hongje 2-dong,176,202,174,16,27,302,33,27,47,49,78,105,35,100,55,88,37,117,92,63,45,76,403,462,100,41,22,69,78,239,40,122,84,35,285,65,55,21,125,54
Jamsil 6-dong,513,745,631,80,132,1074,141,69,648,245,278,272,526,126,342,536,172,415,316,156,265,169,1355,1152,108,85,61,585,116,653,163,419,440,125,1396,274,124,109,482,250
Hyochang-dong,353,390,335,33,19,597,76,44,118,108,147,163,71,61,157,193,57,170,162,66,106,84,665,618,35,63,60,92,41,339,84,314,211,74,680,121,66,32,257,128
Mangu 3-dong,99,135,112,9,10,222,25,11,38,53,46,51,28,21,49,71,34,99,66,17,44,169,256,227,40,22,9,48,20,164,20,75,65,31,222,40,29,11,73,54
Junghwa 2-dong,196,237,233,27,27,399,40,20,78,94,109,90,45,48,94,146,57,145,143,64,90,61,463,395,27,8,25,61,34,204,38,154,147,72,401,103,94,24,155,75
Dapsimri 1-dong,306,475,342,53,18,634,61,45,138,174,158,169,103,110,198,250,81,186,210,79,179,99,878,763,66,34,65,116,76,385,75,278,248,75,750,160,120,22,284,156
Wolgok 2-dong,167,271,200,27,19,363,46,22,80,67,107,98,66,46,95,139,48,112,134,51,82,51,415,410,25,21,31,75,34,231,56,162,143,43,424,87,57,18,184,79
Seongsan 1-dong,493,657,603,68,65,923,116,72,227,177,260,266,172,120,332,418,106,337,299,106,208,141,1178,1074,111,78,85,197,108,561,126,438,332,129,1040,195,99,52,440,246
Bulgwang-dong,341,474,375,65,39,688,84,41,160,164,134,185,130,79,161,283,69,165,234,80,148,87,823,663,66,84,51,176,93,378,78,284,218,106,782,154,105,47,265,188
Guui 3-dong,366,499,448,46,53,759,92,57,241,202,197,229,245,155,212,256,93,325,293,95,164,154,913,853,118,26,105,294,99,444,126,295,261,93,725,223,81,33,307,190
Sinwol 5-dong,290,387,361,42,20,647,63,35,111,170,134,132,58,61,121,245,74,171,170,65,120,75,729,593,24,17,35,114,50,341,56,254,204,58,595,148,118,16,240,160
Ssangmun 4-dong,227,314,247,30,9,405,53,21,91,104,103,112,56,54,76,162,53,131,111,70,98,59,615,518,24,46,27,77,40,289,62,195,151,65,698,98,70,14,187,93
Jongno 5.6-ga-dong,564,903,654,67,97,1139,128,105,342,214,284,260,522,191,406,392,152,369,314,151,290,176,1303,1288,139,84,98,361,142,713,193,421,432,131,1310,273,157,48,484,253
Jeongneung 1-dong,393,249,235,30,22,338,41,22,125,80,65,127,47,52,63,110,47,119,91,48,96,43,412,520,35,10,20,61,33,259,47,206,105,53,292,53,36,13,132,97
Guro 4-dong,196,269,214,32,266,415,34,39,88,98,86,83,70,56,120,225,42,114,144,55,129,58,454,457,83,36,40,90,82,361,75,135,159,49,596,113,80,33,271,92
Heukseok-dong,428,768,547,51,50,839,96,61,237,174,223,242,651,149,259,318,99,264,355,110,200,163,1119,1045,119,47,93,193,179,587,134,374,297,106,1076,212,86,42,364,189
Sungin 2-dong,103,129,108,12,16,207,17,15,60,51,48,46,39,32,64,74,22,60,68,18,37,28,189,233,26,7,12,47,32,100,37,92,63,29,192,53,17,12,96,33
Sugung-dong,313,449,341,41,574,656,59,64,147,170,121,137,132,89,141,210,75,184,185,77,138,102,715,682,55,59,48,224,68,352,98,278,190,98,579,112,68,28,308,133
Siheung 4-dong,90,113,93,4,4,129,19,10,25,60,40,59,10,43,35,65,13,50,51,24,27,26,197,188,25,10,16,23,32,117,20,80,46,36,142,48,22,10,38,42
Sinwol 6-dong,27,46,26,3,0,64,7,4,3,20,14,17,8,4,15,29,8,19,30,9,10,5,88,62,3,7,7,12,0,28,5,31,22,7,104,13,11,3,34,6
Wolgye 1-dong,159,255,211,15,23,326,41,30,70,64,98,94,50,53,102,128,32,106,101,40,79,57,429,385,34,36,31,83,39,232,37,145,135,29,417,92,50,11,136,72
Bomun-dong,100,141,154,23,12,238,28,16,56,39,55,49,57,22,67,83,31,79,58,17,53,38,290,242,18,19,16,46,14,152,20,85,107,40,290,67,66,8,92,56
Sinjeong 7-dong,217,342,231,18,27,446,53,22,100,102,152,128,67,57,129,197,63,151,133,52,111,47,528,448,27,22,32,103,36,260,52,217,139,76,484,109,66,19,177,95
Beon 3-dong,136,178,171,17,13,231,31,12,73,41,61,65,44,47,51,104,27,81,82,36,49,28,366,312,36,31,32,49,43,155,32,113,69,44,284,54,30,9,99,47
Jeongneung 4-dong,194,261,200,24,11,408,55,22,67,119,95,88,64,84,79,128,48,121,105,60,70,63,616,454,54,33,34,63,43,239,40,168,131,50,556,83,45,11,134,85
Chang 3-dong,112,105,88,8,2,130,15,8,12,25,31,38,9,47,32,34,10,49,52,17,21,19,220,226,47,0,10,28,33,108,27,79,56,14,89,37,8,3,40,39
Sinsa 1-dong,141,197,178,16,15,275,27,23,45,76,67,64,30,33,62,130,30,77,84,26,74,33,422,284,25,29,27,58,23,144,23,148,133,49,418,68,38,10,110,75
Singil 6-dong,258,413,316,41,49,597,67,54,135,119,152,167,121,74,176,213,82,142,202,59,145,86,758,602,62,24,38,113,53,345,85,251,194,97,591,146,62,31,262,117
Cheongpa-dong,361,475,426,48,37,704,60,41,173,168,172,265,146,82,198,257,97,254,268,84,156,88,790,742,51,60,65,141,64,388,115,370,242,102,816,178,92,42,302,194
Sungin 1-dong,241,343,258,23,13,425,56,44,65,52,65,164,43,164,92,97,46,117,106,50,87,104,527,636,370,28,30,105,181,319,38,156,138,54,351,136,55,20,169,93
Banghwa 3-dong,223,406,316,28,30,643,89,35,117,178,149,129,96,78,158,213,65,175,185,90,128,86,756,716,50,15,48,102,66,370,57,230,177,69,556,151,82,25,221,148
Yangpyeong 2-dong,568,781,614,78,64,1080,110,76,244,235,246,259,219,161,293,380,135,314,295,149,240,186,1349,1261,141,50,81,224,147,691,123,420,373,155,1191,289,140,45,439,247
Gongdeok-dong,987,1418,1083,141,109,1948,252,124,478,416,505,442,435,269,516,797,238,632,585,260,502,225,2522,2176,167,200,157,438,222,1100,244,863,659,243,2357,517,259,113,822,430
Dorim-dong,166,258,221,32,21,354,30,16,58,92,82,94,49,89,102,125,55,103,118,37,63,42,473,375,50,26,35,76,73,214,43,153,144,42,346,76,45,7,124,81
Sinchon-dong,2293,3514,2954,348,316,5081,612,396,1868,1206,1173,1129,1491,665,1707,2067,679,1668,1443,615,1114,649,6061,5249,440,431,437,1280,521,2783,747,2014,1915,575,5890,1122,664,225,2188,1111
Itaewon 1-dong,400,602,498,48,83,862,92,48,481,177,211,163,382,103,310,290,104,308,239,81,199,117,949,899,80,32,79,199,69,496,104,367,286,104,916,166,106,43,355,215
Dobong 2-dong,493,724,565,47,37,945,125,70,231,170,212,229,158,185,232,379,130,289,261,140,212,138,1383,1296,175,58,80,189,267,674,95,448,364,153,1112,268,108,35,402,223
Sinjeong 3-dong,267,364,267,42,36,479,48,27,106,110,103,126,89,98,106,185,59,174,155,76,94,67,655,561,58,36,34,102,64,339,57,215,161,58,574,128,89,15,197,110
Jeongneung 2-dong,159,194,181,20,15,295,26,17,70,84,62,87,92,47,81,119,27,103,76,48,60,34,419,334,34,10,30,63,47,218,61,146,112,32,353,92,46,18,100,57
Galhyeon 2-dong,445,708,501,69,46,1013,115,59,227,230,241,211,142,115,265,400,125,319,272,131,221,140,1355,987,80,42,73,208,124,525,108,372,344,137,1264,238,270,48,339,214
Bangi 1-dong,267,375,294,37,37,561,54,21,78,151,116,148,50,56,88,259,41,134,191,87,99,54,686,583,15,16,66,90,40,250,49,253,196,64,802,107,104,16,151,131
Insu-dong,197,239,211,24,17,384,37,25,71,80,63,84,51,47,98,142,40,121,85,42,87,50,520,445,26,40,19,65,21,227,42,146,133,59,698,95,47,8,140,98
Bangbae 4-dong,393,667,579,44,97,851,117,49,193,162,225,213,236,95,227,273,116,262,286,115,189,130,1090,1016,59,61,68,247,78,524,111,339,255,85,925,213,92,61,381,228
Banghak 3-dong,279,431,304,32,27,523,76,82,90,110,106,200,66,114,141,235,68,149,178,80,123,80,757,631,82,21,58,119,110,373,80,262,197,89,638,148,87,21,190,125
Hongeun 1-dong,202,237,223,24,15,375,33,26,64,70,97,96,57,60,94,116,50,84,128,40,93,55,462,380,38,64,34,79,41,207,46,166,112,64,492,78,81,14,148,66
Jungnim-dong,289,392,289,28,27,486,61,48,116,94,108,150,68,160,143,193,48,151,157,56,102,110,668,638,75,6,42,116,79,425,71,178,177,68,491,113,40,27,189,109
Deungchon 2-dong,323,520,396,54,37,697,101,43,146,221,176,163,81,83,208,375,86,220,221,100,163,101,1044,813,55,96,58,152,71,461,93,344,265,116,1279,217,212,33,278,165
Suyu 3-dong,194,239,153,17,17,279,36,19,73,47,82,78,58,43,94,94,48,93,87,29,44,41,355,378,16,53,14,72,34,160,27,136,111,35,301,54,58,14,109,76
Sindang 1-dong,368,502,431,36,53,745,86,60,206,219,183,212,201,102,220,293,95,250,233,83,187,101,890,780,70,65,71,191,72,408,87,367,265,114,868,212,80,37,324,174
Bogwang-dong,421,542,419,51,32,757,79,38,154,164,162,190,109,122,201,297,96,200,200,110,162,109,1007,910,77,28,49,188,139,478,99,358,247,92,980,173,139,58,296,186
Junggok 2-dong,113,178,147,11,16,252,22,20,71,74,63,81,52,39,76,114,47,93,86,33,70,47,308,290,25,28,24,67,25,143,37,142,86,23,330,70,49,15,128,49
Dangsan  2-dong,802,1036,895,118,120,1510,157,125,386,325,347,354,315,272,382,612,165,516,408,210,372,233,1960,1741,221,122,118,420,218,1015,205,658,516,194,1788,374,304,60,657,328
Sindaebang 2-dong,305,516,434,39,124,669,72,56,189,157,153,175,148,112,205,283,85,236,191,89,160,82,1081,765,64,51,46,158,66,432,102,310,230,68,1007,167,80,35,258,151
Myeonmok 2-dong,91,171,155,13,10,240,19,20,68,57,57,57,64,32,68,84,32,77,68,38,54,33,308,301,32,16,12,57,35,163,35,101,107,26,272,64,30,10,100,43
Jongno 1.2.3.4-ga-dong,3434,5307,4205,437,626,7051,895,865,2966,1577,1903,1794,2451,1057,2556,2713,949,2717,2082,854,1617,1154,8680,7904,801,20310,587,2146,884,4437,1053,2959,2395,914,8023,1712,873,415,3257,1648
Sangdo 4-dong,92,144,91,8,15,168,14,10,26,33,36,42,22,28,61,62,26,61,59,21,37,23,264,192,16,0,9,29,24,108,24,85,59,26,223,22,9,4,74,46
Sewon-dong,160,214,176,15,16,300,25,12,77,50,57,61,28,40,89,95,44,87,74,28,81,36,430,364,23,41,27,59,27,191,53,161,126,57,340,58,38,11,111,65
Sangdo 3-dong,158,175,130,12,54,300,24,18,62,74,61,77,38,44,41,142,32,86,83,28,66,54,337,278,42,19,28,62,48,170,32,129,96,38,274,64,37,10,88,48
Gasan-dong,1033,1271,984,89,143,1846,250,126,451,333,407,589,767,318,545,567,244,556,481,216,470,321,2177,2222,268,156,119,570,246,1232,281,743,605,228,2049,393,153,83,764,363
Deungchon 3-dong,226,289,267,27,30,484,50,33,106,85,102,121,55,70,117,199,57,170,172,63,87,60,521,531,53,50,74,111,54,241,65,208,158,40,478,102,42,21,195,92
Seongsu 1-ga2-dong,203,315,213,21,35,421,56,30,100,109,95,92,87,65,107,174,48,144,140,50,101,77,514,461,39,38,36,119,43,290,77,173,143,50,488,85,64,36,219,85
Hwagok 3-dong,52,110,88,9,3,133,24,4,28,33,30,24,32,22,34,52,12,42,42,11,28,10,197,163,17,23,9,37,13,102,12,59,52,18,161,26,24,3,53,29
Samcheong-dong,497,763,513,52,92,990,121,73,386,250,267,260,367,140,431,378,140,459,304,94,227,164,1195,1087,90,98,87,285,109,546,178,430,341,150,972,202,94,56,453,208
Irwonbon-dong,118,144,117,14,9,219,20,13,43,57,58,48,30,45,48,66,23,58,62,40,40,37,267,227,19,17,26,50,15,145,22,88,83,36,194,58,22,11,74,53
Suseo-dong,175,299,192,28,20,407,39,26,75,84,87,116,73,77,97,126,39,108,118,33,94,61,499,443,55,3,29,100,67,242,53,193,144,50,408,77,125,26,159,77
Mangwon 1-dong,292,411,327,34,35,557,74,52,120,128,132,167,100,113,137,214,65,194,167,75,134,110,715,622,69,59,39,132,52,366,71,269,185,76,688,161,85,22,268,153
Mok 3-dong,102,185,150,63,14,223,31,22,58,71,64,50,33,33,56,148,31,82,68,36,82,19,316,252,25,31,16,43,15,159,28,132,102,28,325,48,33,12,106,51
Hwanghak-dong,122,187,117,8,13,216,27,10,69,63,61,65,94,31,44,87,34,92,82,22,40,23,288,263,24,3,27,44,12,126,26,102,93,30,326,50,46,8,101,51
Ihwa-dong,817,831,744,88,57,1229,122,87,410,302,313,366,231,190,322,535,193,451,380,118,251,148,1441,1431,107,114,112,242,125,736,175,701,463,177,1222,288,155,46,523,262
Sangbong 2-dong,154,221,172,19,21,307,22,17,59,84,90,85,52,37,109,117,30,89,113,39,61,52,427,344,23,5,20,69,25,198,38,139,100,49,355,66,49,11,135,67
Haengun-dong,609,788,657,89,71,1154,142,80,230,258,272,344,204,194,329,393,155,405,335,136,238,190,1466,1458,139,139,97,276,142,686,159,427,378,155,1283,313,116,59,408,264
Jeongneung 3-dong,151,253,215,14,26,338,33,15,69,65,71,70,46,38,92,91,31,97,97,34,62,49,443,350,17,3,20,72,74,176,48,124,123,55,384,54,37,12,104,66
Jangji-dong,273,401,287,37,53,592,60,35,239,163,155,131,415,66,153,226,78,178,173,59,137,87,651,639,50,46,40,115,65,342,87,252,219,86,538,126,118,13,223,129
Singil 7-dong,157,171,126,19,19,229,22,35,41,52,66,102,36,74,51,54,28,59,91,28,41,51,306,340,44,0,25,55,72,179,39,112,81,21,203,33,25,8,92,61
Sanggye 3.4-dong,720,1045,845,100,71,1620,154,114,333,405,333,367,343,174,496,1464,197,513,499,187,341,219,2088,1665,165,107,118,303,169,878,217,610,510,235,2267,440,954,62,533,350
Junggok 3-dong,440,624,473,65,53,854,98,60,220,253,198,217,178,100,223,359,118,254,268,98,191,133,1120,883,72,107,76,206,99,485,111,371,343,130,1191,230,180,34,300,215
Junggok 1-dong,472,648,479,47,40,896,116,49,197,176,192,242,154,100,234,396,122,283,271,138,158,133,1184,1075,71,71,90,206,102,592,112,355,309,115,1002,226,177,46,327,205
Wangsimni 2-dong,1211,1230,963,54,43,1176,233,97,153,161,247,1653,123,269,278,411,175,494,431,149,251,194,2032,2106,103,33,100,284,185,1595,141,802,468,475,781,325,99,79,430,411
Sadang-dong,746,934,746,81,98,1292,157,95,286,297,315,362,229,227,315,487,170,437,420,151,272,230,1580,1490,163,125,106,267,161,830,168,492,411,199,1368,322,133,79,502,286
Seogyo-dong,4055,6425,5058,549,728,9049,1151,770,3634,2290,2210,2122,2419,1244,3651,3799,1203,4281,2579,1069,1988,1268,10423,9218,738,693,761,2377,894,5265,1273,3688,3221,1074,10237,2183,1171,480,4238,2015
Munjeong 2-dong,179,277,269,20,24,409,58,32,92,108,92,85,80,43,124,141,32,122,100,44,102,54,458,402,21,18,32,78,19,235,65,150,141,39,449,96,71,18,170,86
Jamwon-dong,669,988,716,75,108,1427,157,113,352,268,357,351,257,168,371,514,166,412,434,185,292,200,1783,1573,133,98,140,292,146,845,190,631,468,200,1593,312,183,57,571,304
Daerim 1-dong,113,204,178,23,18,302,33,22,136,65,70,65,64,46,77,146,61,105,94,46,65,79,396,338,35,30,40,55,37,191,28,116,108,41,358,109,42,16,138,81
Beon 1-dong,163,200,173,12,7,276,40,14,34,66,54,62,93,35,53,93,40,82,82,28,59,86,369,404,32,11,20,51,31,262,35,154,113,17,274,44,38,14,76,58
Jangan 1-dong,229,350,243,28,22,445,63,19,106,112,100,129,83,77,139,254,65,126,154,81,126,75,518,461,35,49,25,110,47,266,57,167,159,60,437,138,49,11,193,102
Sindang 6-dong,63,73,65,9,9,115,12,10,36,29,22,33,24,19,43,52,17,37,35,8,35,11,188,155,12,0,13,30,13,77,20,42,28,14,154,22,43,3,55,29
Sangdo 2-dong,420,585,497,66,104,926,101,66,151,187,207,236,167,144,191,455,106,276,314,121,172,141,1036,925,79,66,97,214,75,517,105,344,295,109,925,215,336,54,374,160
Ujangsan-dong,599,478,398,28,33,651,71,33,122,155,161,203,93,91,197,232,76,215,206,81,151,113,940,894,43,19,53,115,44,414,75,339,222,109,616,148,63,29,260,159
Jamsil 2-dong,1339,2281,1720,184,252,2935,366,233,1821,692,857,701,847,363,927,1282,408,1037,926,326,641,381,4027,3118,223,272,231,829,293,1910,432,1233,1054,378,4160,744,392,212,1458,620
Seongsan 2-dong,558,902,684,75,87,1183,123,89,457,262,335,299,289,169,330,497,129,410,376,161,274,163,1387,1340,179,79,110,332,179,731,151,479,447,179,1409,282,181,62,528,252
Suyu 2-dong,202,259,217,21,14,365,40,23,69,95,104,102,60,42,88,125,51,105,82,30,79,44,484,406,23,25,32,72,19,212,64,258,120,59,391,99,60,24,151,94
Jayang 3-dong,123,151,129,9,15,201,26,20,45,40,47,62,31,34,53,100,35,66,55,24,43,28,233,248,21,15,24,48,28,114,30,131,61,22,301,43,29,7,89,59
Amsa 1-dong,277,408,319,30,24,556,70,42,103,160,136,132,78,93,168,278,66,159,146,90,147,72,699,600,85,57,34,113,97,329,55,242,200,62,682,150,74,28,296,140
Banpo 4-dong,561,807,663,84,85,1111,128,103,341,274,259,249,267,134,325,403,154,400,377,145,258,218,1285,1280,104,42,130,249,135,595,152,482,381,127,1054,290,130,66,474,238
Sinwol 2-dong,128,208,161,18,1,356,34,18,47,64,123,78,31,38,69,87,38,102,93,48,76,59,323,423,22,11,12,47,31,193,29,77,85,23,270,52,33,11,170,63
Jangan 2-dong,241,395,277,25,36,580,67,27,129,105,159,157,81,82,127,201,78,159,172,57,94,93,661,670,59,30,50,97,88,336,65,245,146,74,604,135,65,22,188,123
Donam 1-dong,74,96,96,4,7,151,9,3,31,23,30,37,18,20,44,64,14,52,53,19,40,10,198,135,7,10,13,38,20,75,17,58,43,13,213,51,25,5,60,29
Sanggye 5-dong,77,106,80,7,8,149,16,16,29,33,49,44,17,38,36,53,14,44,54,11,24,19,164,155,25,7,21,26,24,89,16,72,47,6,138,32,15,10,50,43
Banghak 2-dong,282,364,269,30,19,427,63,43,86,101,97,181,54,206,109,190,63,143,153,76,91,101,598,647,139,26,45,97,115,391,65,228,164,73,453,94,97,24,156,101
Bangbae 1-dong,327,475,443,53,68,659,109,71,153,130,190,185,190,94,173,324,92,232,237,100,145,120,879,755,61,17,77,174,89,427,97,282,213,92,926,165,102,46,345,172
Hannam-dong,1707,2513,2039,224,264,3617,460,285,1243,840,923,885,991,466,1320,1315,482,1315,1082,493,734,499,4302,3903,332,242,302,874,372,2087,529,1509,1328,489,3886,853,389,199,1585,851
Sinwol 1-dong,119,230,202,20,14,303,46,25,66,81,64,49,49,34,80,154,21,88,117,50,73,36,371,268,22,6,30,86,23,165,35,118,119,39,384,83,86,17,130,74
Eungam 1-dong,146,196,150,23,28,274,35,11,53,67,46,67,51,32,68,131,34,88,85,35,51,32,433,294,18,15,17,51,19,176,33,121,113,37,381,72,52,24,102,59
Junggyebon-dong,155,161,122,12,11,189,25,16,35,30,68,84,38,45,66,86,21,61,62,29,47,30,262,255,17,23,7,41,31,149,13,89,71,30,274,52,56,12,55,42
Ichon 1-dong,87,130,85,17,20,169,19,15,51,32,46,52,50,31,51,80,20,62,46,15,49,21,236,226,35,12,11,60,21,112,32,71,59,13,180,49,13,4,102,34
Sinjeong 2-dong,43,43,40,3,4,47,5,2,19,10,7,19,11,4,19,64,9,18,37,8,11,17,85,92,9,2,6,17,13,30,5,28,20,10,167,22,42,2,28,13
Sadang 1-dong,467,612,444,53,307,848,101,48,157,186,201,232,125,116,271,307,115,259,244,76,188,114,1027,943,47,100,50,160,66,446,97,382,288,126,911,195,68,46,345,165
Sanggye 10-dong,235,303,237,24,27,416,47,35,177,97,124,125,99,71,129,144,42,158,152,45,77,71,533,489,65,37,44,123,61,303,71,191,161,69,478,110,55,16,205,99
Seongnae 2-dong,396,622,502,194,42,943,93,63,180,232,193,214,121,113,229,383,118,260,265,125,230,118,1065,919,79,92,64,178,91,450,112,385,359,136,1081,194,98,49,350,186
Garibong-dong,160,209,169,18,34,292,49,21,50,63,85,98,48,53,71,95,37,102,83,28,87,48,343,359,32,0,16,94,31,173,57,123,106,42,332,81,37,10,127,64
Hangangro-dong,1168,1611,1285,123,196,2304,280,201,918,500,679,562,867,361,734,779,281,769,728,259,498,380,2747,2470,244,207,159,1126,243,1377,306,893,789,324,2682,553,242,106,964,518
Yeomni-dong,228,339,285,27,40,519,56,30,130,119,112,115,111,48,135,242,74,158,153,72,144,59,650,533,46,22,41,134,49,277,61,208,137,62,597,113,107,32,213,99
Jowon-dong,97,131,106,14,9,189,21,11,37,39,46,60,31,23,35,85,18,69,64,27,52,26,262,221,10,11,20,33,12,116,32,81,80,31,235,32,98,6,82,42
Seocho 1-dong,468,645,484,43,67,900,101,64,241,212,224,213,331,108,254,349,133,288,253,100,225,139,1153,976,78,14,54,274,93,563,129,326,312,132,1503,227,110,38,353,188
Sajik-dong,850,1177,907,88,118,1644,187,229,441,328,405,396,438,268,505,593,202,681,455,161,352,266,1866,1727,209,110,138,413,200,1013,255,656,525,187,1700,385,153,61,766,379
Guro 1-dong,263,351,334,26,36,528,50,22,137,98,114,105,141,46,134,238,66,161,165,75,135,62,669,538,20,24,37,119,37,298,63,213,182,66,872,116,94,44,210,100
Siheung 5-dong,393,436,363,44,24,797,52,46,122,138,148,180,81,95,129,239,68,159,192,211,146,230,829,796,95,51,186,122,81,341,72,258,217,83,802,160,177,330,252,129
Banghak 1-dong,340,521,386,34,29,694,70,38,171,150,207,156,85,108,194,249,85,214,195,97,138,89,805,765,62,83,46,160,80,360,78,290,233,100,712,141,67,32,236,187
Guro 5-dong,502,726,568,70,76,955,124,92,277,175,279,246,211,127,300,442,124,335,285,96,224,144,1332,1092,66,92,103,256,108,606,163,385,378,133,1335,239,133,53,390,227
Doksan 4-dong,210,312,245,19,23,434,30,32,97,91,103,116,68,85,100,131,72,118,125,51,93,67,509,472,61,45,40,91,62,294,72,185,154,70,409,91,46,13,168,81
Changsin 3-dong,18,31,20,1,4,47,8,2,7,9,16,7,5,6,9,21,9,13,9,7,13,10,42,50,2,9,3,7,2,27,9,21,12,7,100,9,17,3,24,7
Hwagok 4-dong,141,192,152,19,15,258,40,14,50,73,66,51,30,27,109,101,40,79,105,35,84,49,318,307,30,11,32,44,29,163,36,152,112,32,319,76,34,4,109,68
Yangpyeong 1-dong,247,365,305,38,45,484,57,32,120,86,116,107,109,76,169,171,60,196,137,54,117,56,606,561,53,11,43,107,79,325,62,212,190,86,538,111,39,25,232,129
Yangjae 2-dong,546,832,661,54,77,1157,155,94,306,218,276,262,540,170,336,351,148,411,313,125,262,176,1409,1249,103,106,89,329,100,667,168,458,427,142,1487,256,125,51,489,252
Oksu-dong,204,292,204,29,12,361,29,49,94,76,88,186,65,52,96,119,52,152,156,51,117,45,453,436,24,51,41,106,35,226,55,220,118,58,350,75,33,25,186,88
Hoegi-dong,278,402,276,37,29,592,69,42,138,152,159,138,114,81,160,242,79,166,194,63,135,65,689,606,46,47,51,147,52,339,78,263,237,60,779,122,106,28,258,121
Myeonmok 3.8-dong,317,429,336,36,32,632,57,42,124,158,169,165,99,109,146,234,70,181,180,63,130,98,775,706,129,71,50,93,157,445,67,228,225,72,691,135,99,29,239,134
Sinsu-dong,239,319,244,32,31,504,42,36,102,112,165,131,78,57,95,200,78,125,147,70,117,66,584,542,43,22,39,77,48,283,55,209,152,46,497,121,73,29,233,113
Pyeongchang-dong,311,433,348,30,59,589,77,38,149,105,141,196,175,97,178,209,81,226,193,68,148,80,758,668,62,39,43,169,69,344,79,285,195,116,610,134,50,42,256,148
Muk 2-dong,184,332,273,26,10,432,96,27,77,62,78,120,60,72,137,204,49,122,104,64,68,64,619,549,62,31,30,80,83,334,41,178,137,64,360,121,64,18,154,100
Guui 1-dong,151,195,183,15,36,318,36,19,77,53,77,89,78,56,95,130,50,106,109,40,87,41,445,338,41,6,25,81,41,171,43,157,104,63,346,63,42,11,125,90
Bangbae 3-dong,93,183,150,18,27,260,25,18,191,56,50,36,127,35,66,91,24,75,93,32,79,42,263,222,7,25,21,65,13,100,32,105,90,12,245,62,30,21,112,53
Bulgwang 1-dong,485,734,488,56,57,890,110,77,205,206,206,264,123,317,268,341,101,298,307,114,220,171,1248,1284,232,33,87,204,337,674,137,370,342,119,1064,259,210,55,330,213
Myeonmok 4-dong,212,320,243,25,14,432,64,25,79,67,73,116,50,51,107,186,56,133,113,51,116,47,703,516,30,22,34,84,26,277,43,204,174,64,670,135,60,14,159,99
Songjung-dong,685,777,611,47,68,913,106,45,213,186,209,360,166,316,226,296,101,298,296,136,201,161,1443,1455,180,49,88,273,252,727,149,464,281,144,916,215,113,37,346,215
Neung-dong,132,187,149,27,25,277,29,30,77,56,85,62,71,45,75,103,42,106,110,56,66,55,284,286,12,6,27,54,33,198,62,110,90,33,279,68,41,18,121,63
Cheonho 2-dong,602,897,748,86,98,1322,186,99,605,259,349,297,654,192,340,605,140,519,348,176,319,217,1626,1436,162,89,86,302,187,794,190,477,392,160,1422,350,157,93,507,323
Haengdang 1-dong,282,396,335,30,33,673,64,32,126,159,134,171,123,78,143,240,88,183,217,59,109,79,861,696,44,26,67,103,41,355,82,273,212,66,807,199,111,30,197,155
Sinjeong 4-dong,303,445,346,44,34,661,81,39,151,153,164,157,128,97,160,261,75,189,194,79,161,91,863,727,61,36,30,140,55,369,101,259,240,75,874,157,123,17,303,138
Nanhyang-dong,27,56,36,9,1,106,4,3,21,29,24,15,7,14,22,39,12,28,32,12,22,15,109,73,7,16,5,25,5,53,9,36,26,15,120,22,11,4,37,17
Gunja-dong,297,405,314,30,37,511,68,41,113,113,151,159,149,86,164,158,72,174,186,73,152,77,613,692,51,18,39,106,72,320,70,225,155,76,476,131,44,18,208,126
Mok 2-dong,268,397,352,43,28,526,83,28,102,124,116,125,93,60,127,326,71,195,170,84,128,60,982,632,49,63,53,120,35,310,59,248,215,103,1295,135,196,19,222,127
Gireum 1-dong,233,367,291,15,21,523,55,39,115,104,141,112,90,77,138,180,64,138,149,70,98,85,605,562,44,44,29,105,47,308,77,254,179,61,576,117,55,18,188,107
Dogok 2-dong,428,513,423,45,130,749,92,59,223,156,229,213,189,178,227,264,112,276,260,120,162,158,884,981,88,59,79,193,125,500,131,316,267,75,755,166,93,43,297,179
Wolgye 3-dong,196,356,271,37,22,467,60,47,126,110,114,125,108,71,110,283,61,154,177,106,103,90,694,463,51,22,79,155,51,311,58,197,180,73,716,130,204,23,214,96
Buam-dong,209,325,225,26,47,474,51,36,141,104,116,114,106,67,162,167,60,194,103,56,105,59,561,479,40,14,51,95,43,280,79,166,169,48,480,95,54,19,204,121
Bukgajwa 2-dong,299,555,462,652,24,812,84,42,149,219,176,197,123,70,286,876,79,228,292,100,230,66,1153,728,50,60,56,135,78,440,94,312,295,133,990,161,80,33,343,180
Sinnae 2-dong,89,149,122,17,8,204,21,16,46,46,44,39,20,28,50,85,29,55,58,31,47,26,219,226,21,21,14,42,17,126,27,93,68,20,257,67,34,12,92,56
Yongsin-dong,366,578,393,49,36,792,91,69,170,198,183,185,176,118,253,347,87,224,222,112,197,139,985,889,187,66,40,181,157,472,130,333,317,93,893,217,103,23,316,170
Sindang 4-dong,127,141,154,18,7,216,27,10,37,54,60,57,13,26,59,103,17,57,99,27,64,29,269,268,14,18,26,50,30,135,19,115,82,33,263,43,48,12,112,51
Wonhyoro 2-dong,172,334,341,32,33,535,55,33,105,89,231,108,67,42,120,197,60,157,179,45,174,45,607,481,26,44,39,88,24,217,60,183,177,64,467,120,59,18,280,116
Daechi 2-dong,760,1076,880,86,69,1563,188,126,333,330,407,392,290,278,417,551,179,522,451,207,304,258,2034,1731,147,67,105,356,156,966,188,655,561,195,1723,333,148,94,586,366
Mok 5-dong,490,751,638,59,63,1125,163,82,331,238,309,273,236,166,331,353,124,377,272,148,258,174,1508,1215,135,52,89,222,130,654,137,456,348,160,1244,255,116,50,469,238
Imun 2-dong,221,289,218,29,25,414,48,29,100,75,94,72,77,61,124,122,52,105,108,58,110,65,547,529,46,41,20,71,44,292,51,181,126,56,369,126,49,21,167,106
Balsan 1-dong,322,511,349,44,107,654,100,39,189,145,204,169,122,104,205,312,91,226,230,99,161,98,877,743,55,52,42,165,89,420,91,328,201,88,794,140,136,30,281,139
Wolgye 2-dong,166,269,206,14,21,356,46,19,60,94,90,72,44,70,75,155,34,100,91,61,72,56,455,406,56,32,25,53,51,210,37,129,145,33,394,79,45,15,147,96
Gwangjang-dong,549,801,623,79,97,1182,131,58,308,264,294,317,262,128,323,487,155,398,354,132,218,190,1431,1220,90,47,122,293,102,681,160,518,419,192,1682,275,191,67,496,241
Noryangjin 1-dong,868,1289,1089,120,117,1864,207,103,371,377,444,427,345,249,497,669,217,583,562,239,404,236,2294,1973,172,149,160,458,195,1058,252,753,659,217,2197,361,356,84,657,459
Dunchon 1-dong,130,151,140,10,5,253,20,17,74,69,50,66,124,43,70,107,36,62,78,44,58,111,310,231,16,22,25,53,14,122,52,117,115,33,312,63,48,7,98,38
Siheung 2-dong,86,105,75,21,3,154,24,8,21,43,28,39,24,27,34,48,19,38,41,20,24,20,219,200,12,16,19,16,22,82,19,56,56,15,140,34,22,5,73,34
Pungnap 2-dong,298,409,348,37,36,604,88,48,130,128,157,127,137,82,141,184,70,176,193,109,129,126,685,707,70,37,35,142,86,377,55,222,197,80,554,127,82,94,228,128
Hongeun 2-dong,659,976,785,245,66,1343,159,102,294,296,344,318,232,148,336,544,164,392,392,156,326,167,1756,1434,87,111,113,258,108,759,163,565,436,173,1593,369,228,62,550,285
Myeonmok 7-dong,224,297,224,25,29,447,49,34,95,83,112,114,64,65,132,155,50,141,118,54,91,59,555,524,39,75,34,83,43,300,55,205,127,74,432,101,41,10,150,106
Changsin 1-dong,152,204,129,13,22,253,35,31,61,53,63,68,40,49,84,100,29,83,96,28,55,35,306,312,44,30,30,60,33,158,43,126,83,46,250,53,28,3,112,54
Myeongil 1-dong,192,309,234,30,26,483,46,28,106,126,93,101,61,54,142,226,60,130,158,66,95,62,611,478,49,44,32,78,37,239,47,178,169,62,658,86,98,68,200,117
Irwon 1-dong,145,233,161,20,18,226,34,27,43,33,61,82,81,44,79,90,47,71,78,37,66,50,322,303,39,28,14,66,31,155,43,113,93,50,250,66,36,17,117,79
Seocho 3-dong,1467,1936,1534,118,191,2744,320,174,1389,693,807,735,849,447,758,932,370,915,787,297,546,412,3120,3197,401,147,218,698,392,1693,357,1128,941,324,2867,631,264,104,1132,603
Sinwol 7-dong,86,103,115,8,2,168,20,13,28,28,32,64,16,26,25,56,15,30,85,22,30,29,177,185,29,0,23,17,14,79,28,90,55,38,99,35,28,11,63,45
Hoehyeon-dong,1170,1614,1382,134,194,2264,275,194,652,482,539,620,1035,357,674,734,279,785,787,238,629,372,2711,2499,235,203,205,3786,264,1427,388,966,758,292,2430,529,240,96,1046,539
Sadang 3-dong,333,382,314,32,48,516,55,30,123,129,147,149,80,86,136,193,93,191,154,80,111,79,665,653,53,23,38,87,75,301,61,250,192,66,533,102,64,24,174,128
Samseong-dong,161,236,203,24,8,352,42,16,59,54,90,91,39,52,76,177,50,92,129,56,68,54,438,411,43,11,47,68,58,230,60,139,109,49,443,77,54,15,160,95
Jayang 4-dong,222,290,257,29,30,396,55,33,95,84,118,97,76,72,180,155,60,104,144,46,88,64,477,448,46,14,52,85,37,248,78,218,149,61,483,93,48,14,196,100
Mia-dong,205,237,201,25,21,332,48,29,71,71,84,85,52,40,122,113,40,112,131,40,99,44,436,382,25,36,49,59,30,198,48,198,141,32,424,70,59,8,171,84
Geumho 4-ga-dong,201,250,182,16,12,307,28,29,68,75,82,106,41,77,96,119,45,92,118,43,70,67,429,383,49,35,27,71,63,208,35,162,95,29,331,71,54,17,137,59
Hongje 1-dong,85,120,72,15,7,162,25,7,40,30,31,52,23,24,39,38,29,56,37,13,23,30,243,229,15,0,11,39,17,103,28,59,71,28,138,27,10,5,65,35
Huam-dong,368,406,272,39,20,581,61,39,87,165,132,144,45,78,144,132,73,165,136,46,134,80,787,811,51,55,30,106,44,331,62,248,208,62,393,120,57,23,187,117
Yeonnam-dong,290,414,303,20,50,521,52,43,140,123,134,179,112,94,209,224,80,212,178,68,110,80,642,653,76,43,42,127,81,370,61,230,169,52,614,140,57,25,240,111
Suyu 1-dong,163,191,162,25,10,249,24,16,46,80,63,86,42,49,68,113,25,95,93,43,60,41,318,315,47,27,22,47,38,166,34,140,103,32,308,48,49,10,124,60
Banghwa 1-dong,142,227,186,30,11,330,41,24,52,77,82,60,45,28,100,140,43,88,187,51,60,48,407,315,33,42,35,78,40,186,44,124,114,39,360,79,41,17,126,69
Banpobon-dong,397,590,455,44,78,764,97,44,206,178,183,189,239,110,234,286,91,252,229,102,170,122,1028,885,55,70,72,198,101,525,126,384,297,89,842,174,85,33,325,170
Gaebong 1-dong,537,643,493,56,69,918,109,40,193,166,221,365,139,144,193,304,113,268,241,106,214,124,1086,1072,90,80,71,178,113,581,102,448,317,104,901,183,123,39,319,197
Cheongunhyoja-dong,1081,1482,1209,107,163,2177,290,253,654,466,570,515,547,345,661,705,305,817,672,262,456,346,2486,2389,295,167,175,536,286,1359,339,930,693,283,2170,572,200,100,1004,489
Myeonmokbon-dong,373,609,464,65,41,844,62,61,161,227,197,206,138,119,217,350,118,240,236,94,195,132,1166,923,92,72,77,189,72,494,120,382,306,92,1101,209,242,41,308,170
Myeonmok 5-dong,90,76,62,7,4,135,11,2,17,30,24,33,14,57,20,37,17,34,25,23,24,27,177,152,45,5,6,19,46,85,14,28,30,14,88,36,18,1,35,23
Yeomchang-dong,743,999,768,166,80,1415,174,84,281,312,320,375,259,279,356,496,188,444,492,162,346,174,1847,1654,159,128,115,274,253,909,204,624,445,193,1525,323,330,63,603,330
Dongseon-dong,942,1043,875,119,77,1574,174,221,336,334,357,440,377,224,439,590,201,521,516,191,307,207,1846,1808,129,152,147,352,193,943,210,931,510,185,1500,415,139,57,708,319
Sillim-dong,397,574,432,46,72,791,96,42,257,190,196,189,196,100,229,316,94,242,252,101,193,112,1105,863,78,59,76,216,80,465,100,348,312,117,980,196,90,42,348,176
Chengnyong-dong,155,166,142,11,9,254,29,21,41,58,59,73,30,36,57,76,52,90,69,25,61,30,328,299,14,20,24,47,34,152,34,122,95,33,273,76,73,18,105,49
Gayang 1-dong,429,660,527,57,63,923,89,52,199,204,225,221,139,133,232,394,105,262,271,124,209,109,1114,994,77,35,81,193,91,524,122,385,297,158,926,216,111,43,365,194
Hwigyeong 2-dong,203,270,167,19,22,390,45,19,79,94,104,112,48,45,93,101,62,130,108,39,78,38,486,398,22,32,26,54,39,218,40,184,132,46,326,93,81,21,123,94
Nonhyeon 2-dong,1108,1346,1127,121,144,1976,250,130,463,386,523,458,372,280,595,730,236,604,588,224,501,251,2474,2267,158,180,154,413,200,1184,287,982,681,209,1941,468,170,89,811,479
Yongmun-dong,100,176,130,18,11,245,39,12,57,46,49,50,45,34,50,85,27,76,70,29,45,23,264,280,21,8,28,49,32,114,39,86,66,27,270,54,14,15,85,52
Seongsu 2-ga1-dong,221,376,295,52,54,565,41,33,213,79,109,135,123,61,141,239,49,164,191,81,167,61,829,563,34,53,35,138,41,317,84,239,201,107,723,123,87,20,193,134
Gongneung 1.3-dong,553,789,566,68,50,1028,131,101,212,241,249,225,200,226,252,431,134,346,581,135,228,158,1426,1220,114,33,170,283,184,669,155,448,339,270,1467,266,150,53,463,220
Cheonyeon-dong,107,139,123,14,85,177,19,11,44,33,48,41,31,31,36,59,29,57,60,25,55,23,265,227,17,31,9,41,32,120,27,93,81,32,200,29,14,6,66,35
Beon 2-dong,543,750,601,79,44,967,120,66,200,183,229,244,127,216,266,345,99,283,265,122,314,157,1388,1135,144,47,55,189,156,594,125,420,355,113,924,233,95,31,406,220
Doksan 3-dong,810,1387,1054,120,100,1768,209,188,432,369,399,518,368,333,504,729,196,604,494,313,355,459,2277,2416,483,140,126,417,504,1302,231,768,603,216,2434,453,763,95,719,423
Samseong 2-dong,1081,1542,1206,132,155,2505,283,198,584,435,526,482,584,298,804,767,301,778,610,282,497,350,2526,2560,224,187,186,558,216,1261,316,855,754,256,2154,489,238,123,957,497
Junghwa 1-dong,192,280,215,27,33,394,42,29,95,77,85,108,82,69,110,148,31,114,137,47,87,60,475,438,54,15,26,87,66,260,46,184,155,61,567,101,81,24,159,91
Seogang-dong,364,533,366,47,51,715,76,38,184,161,179,157,129,98,265,265,102,297,192,100,154,109,831,794,46,38,102,152,64,342,92,317,249,100,837,189,60,32,345,149
Gahoe-dong,227,321,278,30,47,430,48,57,247,87,163,126,157,53,187,195,62,160,133,59,91,68,567,473,39,28,39,100,60,254,69,216,158,54,468,110,37,45,198,123
Bangbaebon-dong,315,353,303,33,31,548,76,32,113,101,134,112,79,95,187,206,63,152,195,70,101,69,700,610,34,63,41,117,52,334,53,271,170,60,704,128,72,19,251,129
Mangubon-dong,265,350,354,39,32,576,75,38,127,123,134,159,91,71,155,247,63,182,214,80,122,72,807,552,47,58,53,116,71,348,77,249,218,89,697,153,112,31,206,115
Banpo 3-dong,822,1216,962,97,358,1757,190,106,765,389,443,626,713,180,447,555,204,565,939,174,334,228,1954,1868,116,91,289,680,149,989,219,704,544,214,1760,369,232,89,750,373
Songpa 2-dong,215,214,189,29,44,319,30,19,68,68,62,91,36,33,70,127,44,107,125,49,67,48,418,415,23,0,25,60,23,171,45,174,109,52,332,96,36,13,126,62
Siheung 3-dong,121,207,169,30,17,238,30,17,45,55,54,45,87,35,63,98,19,81,95,39,70,40,362,269,24,0,25,85,17,151,35,126,118,27,409,53,47,7,111,48
Gannam-gu Sinsa-dong,1734,2744,2172,205,323,3744,483,282,1448,801,914,911,1241,482,1478,1481,536,1371,1038,412,852,524,4473,3841,264,319,322,931,398,2232,571,1547,1200,458,4301,863,480,180,1689,893
Seongbuk-dong,685,988,818,82,75,1441,154,85,337,336,401,388,249,204,421,514,155,446,431,187,322,201,1742,1527,143,88,89,330,162,805,208,657,493,171,1579,319,214,60,610,313
Amsa 3-dong,280,480,357,41,48,612,84,56,197,156,165,174,133,91,163,355,102,187,230,89,147,102,867,701,67,49,66,182,73,407,70,300,199,77,1065,158,188,40,287,133
Samjeon-dong,159,249,203,20,9,371,47,16,72,80,81,108,51,53,95,127,34,88,105,46,77,55,430,424,47,28,28,79,49,207,35,157,160,40,392,96,65,15,133,92
Chang 1-dong,309,492,341,34,21,559,78,37,77,91,121,141,64,201,151,209,59,184,167,94,94,110,879,811,148,17,52,111,162,423,80,231,200,71,524,170,65,22,184,176
Jeollo 1-dong,110,218,161,26,13,264,34,13,68,65,84,51,69,40,96,119,28,78,81,35,73,21,377,320,35,31,16,58,33,150,24,109,117,37,360,55,23,12,137,61
Wonhyoro 1-dong,261,266,190,15,17,341,46,33,86,53,64,266,59,67,100,113,62,139,139,49,80,54,467,499,41,3,42,92,37,255,55,186,134,70,335,92,32,24,146,86
Sinjeong 6-dong,179,322,221,30,18,405,39,29,88,82,78,113,67,61,88,172,50,138,152,43,91,57,469,412,33,6,37,111,48,218,52,158,109,59,525,100,95,13,140,92
Cheongdam-dong,1386,2100,1715,180,287,2840,371,232,1023,626,709,722,989,346,1007,1212,378,1152,896,373,602,439,3354,3017,297,184,286,692,279,1686,419,1198,1009,385,3283,688,386,158,1412,683
Wolgok 1-dong,154,231,203,30,52,340,38,15,83,90,87,99,53,44,92,115,48,108,102,48,82,37,434,373,21,32,31,70,51,182,53,149,132,47,439,67,39,15,139,87
Garakbon-dong,1332,790,626,56,98,1089,129,144,218,206,273,472,152,224,265,252,161,357,360,121,215,181,1218,1595,141,63,57,315,174,824,161,711,328,115,844,180,82,212,395,292
Naegok-dong,168,255,183,17,26,347,40,26,76,79,95,96,86,48,111,111,45,147,111,46,70,73,408,418,35,37,26,106,33,245,66,126,97,45,418,79,35,20,155,90
Dunchon 2-dong,167,192,152,8,15,272,27,29,54,62,81,81,122,42,50,115,44,83,95,32,51,86,356,335,42,37,20,50,42,185,36,130,91,45,322,89,33,14,98,74
Chunghyeon-dong,563,758,594,74,77,1001,144,75,242,214,267,285,217,197,299,507,129,341,339,143,197,164,1327,1221,98,67,98,273,136,641,131,504,382,154,1310,252,132,40,461,275
Namgajwa 1-dong,87,114,87,6,18,185,15,5,45,29,40,38,22,25,40,63,20,45,45,22,47,15,216,213,27,7,20,39,13,106,25,88,49,24,165,44,26,4,70,41
Sinwol 3-dong,209,253,231,32,18,400,41,19,77,92,77,80,39,67,96,147,58,112,98,37,109,45,437,391,25,23,30,71,38,176,60,141,136,44,399,86,48,13,157,97
Yongsan 2-ga-dong,737,1110,884,103,88,1397,151,131,441,342,318,345,435,164,518,591,214,502,428,206,347,222,2045,1615,124,149,132,322,158,922,203,622,538,191,1803,360,294,66,623,321
Jamsil 3-dong,699,1215,944,104,91,1770,217,124,885,396,390,401,388,191,456,793,206,519,562,321,334,250,2173,1742,119,67,131,359,134,985,200,639,568,247,1852,472,206,210,689,350
Amsa 2-dong,104,133,106,26,13,238,24,15,50,46,58,75,41,22,59,73,35,78,66,27,46,27,247,259,22,22,13,53,26,117,23,99,91,33,208,40,38,11,91,55
Majang-dong,337,538,453,49,73,718,90,65,506,150,235,180,368,101,206,328,86,236,207,86,153,93,875,772,67,18,65,224,63,433,118,315,303,106,924,184,205,30,331,159
Dogok 1-dong,532,818,657,63,363,1084,207,81,328,198,288,250,269,158,397,389,111,371,303,136,245,190,1332,1242,100,60,74,384,78,703,144,407,314,114,1208,241,105,47,459,245
Sindang 2-dong,208,341,270,23,42,454,40,37,91,102,117,111,95,67,149,186,56,137,157,61,89,85,546,509,48,97,41,118,57,288,60,180,170,42,448,103,92,16,216,122
Gyonam-dong,127,162,132,25,14,246,30,30,59,48,59,67,49,32,86,72,28,78,84,28,68,42,250,250,22,1,20,53,23,136,47,94,89,29,271,48,49,9,117,65
Chang 4-dong,299,330,270,46,29,433,59,33,83,100,112,162,43,90,95,174,68,140,154,63,102,60,634,562,47,25,29,107,64,293,55,234,171,62,523,107,59,24,193,126
Sinwon-dong,42,60,44,7,3,84,4,3,16,21,23,22,15,1,22,29,7,38,25,6,27,6,95,87,3,0,5,19,12,46,17,39,29,4,71,18,12,3,36,17
Deungchon 1-dong,174,216,157,21,29,306,42,24,68,87,94,72,46,28,69,93,45,80,90,47,81,50,352,344,13,21,28,60,24,179,16,161,98,38,316,73,51,19,143,70
Ssangmun 3-dong,108,189,143,11,10,244,39,11,59,85,59,57,27,22,66,98,33,59,78,28,52,29,361,281,35,10,17,49,27,126,23,134,88,36,327,63,48,10,81,65
Singil 5-dong,99,127,115,6,11,188,33,12,31,60,48,58,30,45,41,56,33,48,65,21,33,28,184,198,23,2,18,41,18,111,27,92,66,17,174,53,24,5,73,35
Wangsimridoseon-dong,197,339,254,30,15,498,55,27,92,176,101,128,92,48,125,192,62,126,168,53,93,76,585,451,43,17,21,100,25,270,56,222,238,77,449,110,73,14,177,120
Jeollo 2-dong,305,337,260,33,16,500,66,33,72,114,144,222,65,93,134,183,79,165,136,68,85,95,637,655,50,20,32,73,67,340,57,211,173,72,570,133,85,18,190,110
Sindang 3-dong,77,107,76,10,4,151,9,16,31,40,26,36,14,28,42,42,19,49,50,16,27,30,186,164,12,19,15,21,21,78,15,69,57,13,147,36,11,2,69,29
Seokchon-dong,166,178,166,34,14,275,32,16,44,70,80,74,42,48,70,107,36,85,111,37,81,31,361,292,26,7,29,49,35,156,29,114,90,44,296,61,42,19,93,66
Hwagok 6-dong,123,165,138,17,105,255,36,25,61,66,59,69,43,44,94,105,45,82,73,32,69,33,315,287,31,14,16,56,33,158,40,121,78,34,251,56,42,9,108,70
Sangil-dong,134,198,141,17,21,276,32,15,70,71,68,64,51,50,65,145,31,111,89,37,59,35,365,338,47,34,23,54,25,171,29,119,106,32,333,74,33,27,116,47
Eungam 2-dong,141,214,183,18,16,269,29,22,58,56,65,80,28,38,63,95,26,81,76,37,65,34,369,255,21,8,19,74,28,152,29,127,102,35,353,61,36,16,94,46
Gonghang-dong,693,973,928,105,142,1342,150,120,1619,260,401,324,916,214,419,583,173,555,424,160,365,246,1637,1471,115,128,101,587,132,763,255,614,437,131,1440,289,151,109,617,327
Euljiro-dong,415,597,463,43,63,801,106,81,237,200,199,182,231,143,260,389,109,289,247,123,213,123,967,920,104,26,62,218,107,524,104,380,293,114,1191,208,101,52,346,182
Singil 4-dong,80,128,103,12,13,168,19,11,29,29,39,41,16,21,43,49,30,45,44,20,31,12,192,162,14,17,14,24,17,95,18,88,56,15,157,34,32,4,49,48
Mullae-dong,921,1425,1036,109,139,1871,243,140,519,459,461,443,688,225,561,721,255,709,505,208,436,255,2552,2083,147,102,134,569,170,1109,273,817,638,280,2361,440,190,87,754,401
Cheongryangri-dong,362,541,454,52,58,752,94,64,320,175,216,179,274,113,243,252,118,254,202,81,191,108,1002,850,91,44,67,226,135,490,106,313,277,111,901,177,130,34,339,198
Sanggye 8-dong,130,187,109,16,9,251,21,18,59,63,44,60,28,39,74,136,33,65,72,46,51,36,305,231,16,52,19,57,32,143,33,117,84,44,251,57,162,5,99,48
Irwon 2-dong,375,460,409,56,43,728,71,34,138,155,155,178,116,99,169,299,81,205,247,114,134,105,881,796,55,38,61,152,109,396,109,332,255,104,805,181,104,41,251,165
Gocheok 2-dong,95,145,121,36,10,177,25,14,43,56,44,58,29,33,47,74,22,70,60,19,47,25,244,229,31,17,12,58,35,134,45,81,57,33,245,44,45,11,91,46
Yeoksam 1-dong,3575,5055,4051,468,602,7267,964,586,2925,1616,1816,1762,2297,962,2731,2734,1016,2503,2153,1020,1680,1285,8536,7602,580,509,579,2774,675,4205,1071,2958,2509,888,8287,1791,907,868,3317,1566
Sindaebang 1-dong,206,260,264,25,38,401,38,23,73,75,96,99,88,55,120,167,56,127,133,69,102,42,525,451,60,41,33,137,60,249,45,170,162,37,529,102,42,18,159,95
Ssangmun 2-dong,179,273,222,32,16,355,50,20,73,86,82,82,51,65,92,157,51,110,100,41,85,72,489,423,74,12,29,69,57,210,54,173,142,42,430,92,47,22,139,101
Yonggang-dong,380,586,463,67,44,790,91,56,244,187,186,159,154,120,230,290,105,283,204,104,182,108,976,894,94,44,62,255,94,476,153,315,254,104,771,184,92,31,315,182
Donam 2-dong,292,352,307,47,19,543,58,27,90,125,135,148,68,60,116,218,78,157,154,67,128,73,574,596,31,25,38,126,49,302,67,213,176,58,480,124,70,20,234,127
Seongnae 1-dong,106,176,155,18,30,235,27,21,96,63,58,72,71,37,90,116,46,80,68,29,51,46,304,288,31,30,23,57,28,165,55,97,83,35,275,39,36,9,125,55
Jegi-dong,255,381,339,34,20,582,56,36,110,155,124,167,94,70,168,226,49,188,208,48,110,65,675,630,64,28,48,108,51,328,87,237,207,83,693,153,106,19,207,121
Hwayang-dong,955,1390,1115,111,129,1838,239,149,775,403,551,447,616,278,615,740,234,625,570,205,405,258,2534,2132,199,164,144,512,187,1146,284,780,650,230,2306,480,258,101,800,445
Jangwi 3-dong,155,209,151,12,10,301,39,28,55,64,62,76,45,36,67,113,44,84,88,44,45,44,378,322,41,41,27,45,39,183,30,119,78,41,441,102,58,12,106,49
Dapsimri 2-dong,244,393,284,28,15,518,52,32,78,92,128,120,51,86,146,191,91,174,125,69,88,65,699,595,57,11,40,109,65,330,55,221,149,76,701,123,61,17,161,119
Jeungsan-dong,184,255,201,24,25,377,51,27,79,63,96,80,78,37,90,151,37,120,137,43,101,44,469,418,36,10,36,81,47,212,43,156,134,51,489,84,39,18,176,80
Sinwol 4-dong,166,239,197,36,20,354,51,27,74,78,72,70,58,59,109,151,36,119,103,53,64,50,477,444,52,16,28,60,64,251,44,178,118,43,521,102,82,33,163,79
Banpo 2-dong,241,343,282,21,30,552,67,22,101,115,137,108,80,55,96,182,69,155,150,79,127,58,592,537,36,7,37,107,46,272,64,176,165,55,535,150,42,18,174,128
Hapjeong-dong,557,777,595,71,104,1127,141,85,298,255,246,265,261,131,314,403,157,385,353,113,224,163,1269,1164,87,92,87,259,93,663,157,447,327,146,1205,249,139,57,489,236
Daejo-dong,152,209,178,28,14,318,37,23,73,69,76,86,37,45,91,105,24,102,119,44,62,48,408,335,27,46,35,62,30,174,38,131,123,58,327,70,46,9,141,67
Gongneung 2-dong,897,1332,949,77,87,1675,202,128,349,359,352,524,285,304,424,717,193,507,426,230,365,281,2341,2071,210,84,150,396,314,1102,190,719,507,261,2247,387,235,50,626,404
Sinsa 2-dong,190,246,194,23,20,344,41,9,57,81,78,88,46,60,92,115,37,88,105,44,85,42,465,384,36,40,26,82,48,171,35,175,125,50,468,62,54,14,123,60
Jayang 1-dong,262,406,349,36,35,494,56,25,106,166,136,164,62,68,129,288,53,163,139,46,121,69,841,511,43,9,25,98,42,314,50,251,195,78,1155,112,279,29,205,119
Dobong 1-dong,152,200,169,27,15,295,22,26,53,72,68,78,92,33,59,116,48,104,92,38,69,40,489,363,40,27,22,65,44,195,39,138,107,45,518,114,55,10,109,72
Yeouido-dong,3363,4872,3789,436,518,6840,845,635,2842,1412,1711,1816,5772,992,2057,2497,815,2443,2222,799,1605,1108,8399,7522,795,563,656,1775,1088,4136,995,2725,2178,859,7420,1609,763,304,3097,1471
Ui-dong,218,426,308,40,34,563,64,38,135,143,145,147,134,74,177,255,90,218,206,89,134,83,690,613,65,40,51,147,53,331,95,259,223,65,700,144,143,34,244,124
Garak 2-dong,236,331,282,33,17,477,56,35,68,91,125,118,48,92,94,186,39,159,126,55,109,66,687,552,83,28,42,94,72,296,40,222,160,89,568,115,72,15,200,107
Sindang 5-dong,70,99,83,10,6,152,22,15,36,38,35,34,24,12,55,64,20,45,40,22,27,32,194,159,17,14,18,29,13,84,15,65,44,19,145,36,9,31,66,43
Sangdo 1-dong,637,952,705,79,314,1264,159,84,284,271,292,342,243,196,345,536,149,397,397,175,284,184,1629,1464,159,57,106,297,178,742,238,518,432,169,1815,309,201,54,529,273
Mok 4-dong,125,217,203,21,22,274,28,20,70,57,63,67,38,49,99,122,43,109,80,33,95,48,414,333,47,21,17,73,58,201,40,146,80,53,377,82,71,5,127,83
Hwagok 1-dong,340,534,355,44,42,627,73,53,143,146,161,193,113,127,149,238,106,197,171,79,150,117,874,756,68,29,64,134,84,436,80,297,248,89,875,152,99,23,299,138
Mok 1-dong,525,843,646,86,76,1127,157,84,457,252,335,278,226,228,359,475,143,373,333,170,252,167,1622,1382,131,52,99,284,159,729,173,469,423,188,1448,304,478,43,450,268
Myeongil 2-dong,157,191,170,13,20,260,24,17,53,51,53,73,56,43,74,125,40,98,92,28,65,40,366,303,21,10,26,74,33,172,38,117,109,33,397,65,69,10,117,78
Daechi 4-dong,548,849,646,65,51,1261,146,94,273,283,300,354,229,205,306,437,132,380,433,148,269,188,1510,1397,168,68,106,254,158,710,151,519,410,155,1464,303,123,70,480,247
Nokbeon-dong,423,597,523,89,50,894,122,63,217,217,234,230,142,135,216,369,101,279,286,120,180,140,1143,968,114,64,82,191,112,482,97,318,263,104,1004,244,139,51,318,178
Boramae-dong,241,428,321,39,48,579,63,29,114,125,114,173,90,77,165,212,61,219,214,70,104,69,683,598,48,21,57,118,62,322,68,268,213,61,566,142,82,15,219,155
Oryu 2-dong,305,331,295,26,70,552,69,29,114,107,141,96,87,90,138,223,73,180,142,86,115,72,766,593,68,34,49,109,64,323,61,183,222,84,735,147,77,31,204,134
Siheung 1-dong,252,366,309,32,21,496,68,41,130,87,104,144,86,126,142,255,58,136,144,80,137,100,643,634,99,38,26,92,101,390,52,195,147,50,538,121,53,16,175,105
Cheonho 1-dong,165,263,213,22,21,374,31,22,63,96,85,103,43,54,79,147,39,98,113,42,69,42,433,361,39,3,26,82,32,192,34,176,173,59,338,74,85,8,154,91
Segok-dong,84,117,95,9,10,173,20,5,46,56,42,48,20,26,46,54,18,45,53,20,32,15,234,176,17,1,16,41,17,110,20,75,77,19,185,33,65,9,68,37
Myeongnyun3-ga-dong,38,67,38,12,7,67,11,8,14,15,15,13,50,10,30,22,12,29,23,12,14,23,98,79,3,5,5,29,11,45,21,44,19,10,100,20,9,3,33,18
Inheon-dong,98,142,101,15,6,205,28,17,28,45,47,47,32,30,44,100,25,48,59,33,53,30,328,187,23,14,5,24,18,132,18,87,78,21,287,71,34,7,66,47
Euncheon-dong,499,726,606,73,38,1097,113,50,206,318,236,273,109,129,232,437,130,334,288,136,213,166,1440,1170,72,44,83,179,92,602,118,477,380,141,1484,236,201,32,382,291
Gwanghui-dong,596,836,726,84,115,1138,149,104,298,270,318,321,353,171,365,466,152,424,353,134,260,165,1425,1384,153,69,103,316,147,747,177,467,408,163,1239,291,149,59,521,282
Seongnae 3-dong,126,175,134,16,18,230,26,21,62,38,47,56,51,47,55,102,28,76,68,31,54,39,341,311,37,27,23,55,41,167,27,99,88,29,296,59,45,6,91,54
Samseong 1-dong,2100,3325,2598,289,413,4504,596,427,2368,1072,1304,1077,1533,589,1623,1905,551,1599,1323,569,938,649,5391,4880,471,367,390,1187,487,2688,673,1733,1577,618,5665,1142,462,264,2068,1011
Munjeong 1-dong,97,150,108,21,12,185,16,9,38,62,40,41,28,21,43,74,22,69,59,34,37,33,242,205,17,0,16,43,23,112,31,88,58,27,240,44,98,19,95,53
Yongdap-dong,224,269,187,14,15,328,46,21,85,71,91,99,48,63,63,118,42,118,104,46,80,53,397,413,41,31,36,84,45,235,50,193,116,42,368,72,52,13,156,82
Seobinggo-dong,243,311,211,16,31,434,53,26,92,96,90,180,72,59,103,153,69,140,132,52,72,50,496,479,39,24,45,125,59,257,70,185,120,81,438,96,38,31,160,115
Ssangmun 1-dong,853,1298,1024,131,95,1777,202,117,361,418,409,411,351,231,478,710,246,571,505,234,402,238,2474,1981,155,111,156,368,176,1056,213,954,625,246,2907,431,404,96,745,436
Eungam 3-dong,317,506,368,36,38,609,99,56,187,182,152,171,141,111,193,281,106,212,189,90,137,104,903,775,79,94,38,154,93,374,58,272,232,103,883,175,110,32,278,168
Sangbong 1-dong,269,366,316,30,12,488,65,30,109,113,104,124,132,86,134,196,57,185,157,56,109,58,667,606,54,17,53,135,74,319,61,228,171,80,609,117,77,19,207,115
Chang 5-dong,255,306,224,27,22,334,44,28,77,88,106,114,73,79,96,115,54,100,127,46,90,54,491,470,49,31,32,85,73,257,46,172,116,45,489,77,46,10,144,101
Sageun-dong,391,546,406,51,30,731,94,56,169,169,171,225,126,105,186,261,101,225,237,121,154,116,938,924,73,41,90,233,96,484,143,300,224,130,806,207,94,53,320,141
Myeong-dong,2083,3476,2626,253,424,4594,606,556,2524,1022,1136,1210,2163,637,1686,1761,628,1763,1358,548,1005,747,5636,4860,577,356,343,1287,599,2907,724,1842,1538,615,5163,1094,615,265,2032,972
Nangok-dong,88,81,63,8,2,120,14,5,18,30,16,28,6,19,26,50,14,37,44,26,25,20,178,183,14,6,10,14,16,73,15,62,24,18,146,33,23,7,31,30
Jangchung-dong,308,470,353,31,55,575,69,58,218,146,147,137,192,103,194,236,71,202,152,79,131,94,713,661,78,63,46,160,73,343,75,216,231,94,706,152,54,30,297,120
Gusan-dong,103,191,171,29,6,261,27,24,39,84,63,52,19,24,71,176,28,72,82,31,76,27,337,219,16,16,17,37,22,129,31,118,133,54,323,51,52,6,109,74
Daechi 1-dong,178,253,168,19,23,398,43,23,131,77,105,95,82,71,144,138,46,135,122,41,88,54,437,387,39,13,25,85,55,204,50,164,114,68,360,91,66,13,139,87
Hwagok 8-dong,238,347,284,36,29,484,56,39,281,105,97,175,206,89,165,170,74,170,146,71,107,63,697,518,66,18,41,122,96,356,63,236,163,54,565,92,57,13,190,113
Guro 2-dong,461,534,454,47,65,773,85,45,126,160,190,234,133,175,197,326,101,277,245,80,168,121,982,897,90,42,60,196,132,487,100,360,273,94,861,190,132,38,295,191
Seocho 4-dong,920,1211,939,102,119,1677,207,121,464,338,353,401,465,232,537,581,188,527,425,188,401,270,1932,1911,226,121,119,496,253,969,215,701,541,185,1842,426,147,65,700,359
Gil-dong,527,645,536,73,43,848,105,49,197,215,232,227,136,99,215,404,121,292,245,100,197,141,1128,992,68,61,72,202,75,490,108,461,308,120,1054,200,289,78,374,196
Yeonhui-dong,1251,1800,1483,250,142,2758,339,173,688,722,674,608,423,311,825,1033,317,936,845,332,670,362,3151,2898,239,136,254,529,259,1576,363,1147,1030,335,2861,623,363,135,1118,613
Oryu 1-dong,57,89,74,11,14,137,18,11,36,19,29,30,23,27,27,42,16,55,37,17,26,16,140,145,15,0,8,29,16,71,21,54,35,22,128,38,15,8,55,39
Sanggye 6.7-dong,994,738,589,66,35,1008,148,58,155,218,284,445,123,157,268,364,127,357,280,125,214,150,1131,1408,78,33,79,167,89,669,143,489,343,142,1160,245,156,30,401,253
Bukgajwa 1-dong,223,316,304,427,47,528,45,50,68,132,132,115,31,46,182,500,49,118,180,57,166,64,619,488,63,20,44,82,52,253,74,230,188,63,485,87,61,19,211,117
Cheonho 3-dong,273,357,280,31,40,541,66,41,135,125,141,133,106,85,153,221,75,182,174,66,118,85,673,566,48,51,47,158,53,334,68,256,194,71,700,109,70,70,223,123
Gireum 2-dong,240,428,333,27,20,547,66,38,117,138,174,131,81,65,122,256,66,165,158,98,113,70,719,586,42,46,51,121,57,342,54,238,231,80,716,168,96,16,203,116
Hagye 1-dong,409,488,358,47,39,697,76,54,142,133,171,188,104,126,166,267,112,214,212,95,138,112,886,850,73,55,35,144,108,437,86,308,220,106,744,158,67,32,301,170
Namgajwa 2-dong,183,205,176,19,17,348,25,8,62,70,56,122,45,50,90,142,41,90,117,36,78,47,403,357,41,13,37,46,48,177,37,155,128,63,375,101,45,12,131,75
Hyehwa-dong,1308,1763,1431,138,183,2529,273,220,1127,693,740,569,647,272,809,1027,353,851,771,302,523,358,2911,2617,192,173,195,629,214,1428,351,1289,868,282,3252,526,324,161,1209,629
Muak-dong,137,167,162,12,8,259,27,24,40,58,66,76,62,31,50,89,31,73,69,39,70,35,328,309,14,16,7,61,28,167,46,121,88,35,423,95,24,2,93,61
Yeokchon-dong,368,562,464,46,42,780,77,64,204,194,192,226,118,97,217,323,116,261,283,95,175,105,975,845,92,34,64,197,97,459,96,377,305,121,970,169,93,45,337,213
Sindorim-dong,558,764,652,122,69,1107,119,92,279,240,321,275,216,174,276,655,115,319,370,233,238,198,1379,1193,152,44,90,282,154,670,125,411,390,147,1276,265,156,83,462,261
Doksan 2-dong,230,287,204,34,19,445,49,22,121,106,129,97,91,56,113,188,52,135,132,59,72,68,551,506,47,25,45,84,52,297,56,192,173,53,503,96,97,24,176,90
Miseong-dong,101,196,129,18,13,251,23,11,59,61,70,74,30,32,47,150,34,99,100,31,55,41,344,269,17,13,25,61,23,151,36,94,92,35,328,79,47,9,118,54
Bangi 2-dong,388,573,454,71,32,846,75,50,175,159,190,189,113,96,241,306,96,246,253,104,162,113,986,828,71,19,56,186,112,494,108,315,286,97,1000,204,129,54,351,176
Godeok 1-dong,119,192,145,24,32,279,30,24,71,61,74,69,53,32,73,118,39,75,87,37,64,36,319,286,20,40,18,61,23,148,48,113,108,29,376,61,34,15,130,51
Sinnae 1-dong,362,509,403,41,22,722,95,53,170,167,141,165,119,99,149,337,95,210,213,121,194,116,983,773,69,84,61,150,95,429,78,349,217,96,1029,238,214,41,260,150
Songcheon-dong,282,419,281,27,25,502,58,45,119,112,111,152,87,80,168,240,64,161,168,78,136,63,645,564,56,34,51,127,52,304,82,235,183,58,637,136,98,20,255,122
Daehak-dong,362,581,433,42,84,762,88,55,404,177,172,169,185,114,187,253,77,228,207,93,160,99,1000,798,67,53,67,162,86,464,98,324,229,82,850,197,73,31,290,190
Junggok 4-dong,312,410,312,24,34,508,55,32,116,152,109,166,73,76,116,226,57,152,189,59,123,70,747,592,52,23,45,113,50,324,62,293,202,79,786,115,81,20,207,113
Garak 1-dong,131,147,123,10,16,207,22,19,44,36,32,67,62,40,61,83,23,56,71,20,44,38,280,245,26,5,13,47,43,135,20,72,53,32,352,48,32,7,87,35
Daerim 2-dong,336,491,396,33,41,636,89,56,222,138,169,122,135,93,208,280,92,199,170,75,170,97,792,701,69,36,57,210,72,374,86,276,209,74,742,142,115,27,298,147
Eungbong-dong,94,140,114,12,10,166,22,16,42,40,54,42,37,33,56,70,15,58,54,26,48,31,244,198,22,21,15,41,19,94,21,75,61,24,207,50,23,14,76,49
Yeoksam 2-dong,412,556,486,51,46,828,92,75,186,165,197,200,146,116,242,288,82,252,268,91,218,141,1082,945,76,71,49,178,74,436,111,333,275,87,1147,183,128,29,348,174
Sanggye 2-dong,301,432,297,41,24,660,68,40,113,120,135,133,83,57,170,194,78,173,178,58,124,80,814,700,46,47,37,84,62,336,99,228,193,94,629,161,131,27,259,133
Ahyeon-dong,927,1277,1048,96,100,1830,221,134,436,365,396,416,358,265,498,646,228,543,512,206,411,293,2238,2015,195,156,143,391,219,1113,217,801,616,198,1941,455,238,96,727,410
Haengdang 2-dong,118,151,115,9,13,208,31,7,48,62,45,74,27,29,48,78,27,79,73,23,49,39,258,239,23,21,20,48,21,134,18,93,74,46,258,58,54,7,85,54
Daeheung-dong,475,692,515,63,65,947,141,99,503,195,207,255,192,184,247,431,137,292,276,145,461,181,1168,1153,92,49,61,216,110,578,109,344,312,125,1081,249,137,42,404,224
Changsin 2-dong,119,151,137,12,15,219,25,18,59,56,61,42,64,27,74,78,19,51,63,29,47,19,287,206,18,7,24,71,23,103,29,84,81,17,373,34,85,4,104,49
Singil 1-dong,244,253,220,31,32,428,45,25,64,93,63,119,88,85,79,136,48,118,119,42,81,47,500,482,64,24,26,79,102,246,52,174,122,44,381,90,74,10,159,79
Gaebong 2-dong,309,430,305,29,22,556,81,36,113,142,112,120,113,56,133,249,69,164,172,74,142,85,653,638,46,31,48,98,63,345,65,213,169,72,966,120,69,18,184,121
Bukahyeon-dong,82,116,98,9,6,149,16,12,28,29,29,41,24,22,38,65,20,57,47,30,37,26,166,161,19,0,6,44,24,98,28,65,62,17,349,36,57,15,61,44
Susaek-dong,209,338,269,49,73,449,63,32,131,90,116,129,75,58,129,177,45,160,164,60,112,65,521,442,26,31,45,97,44,254,70,203,149,60,576,109,73,38,233,83
Jingwan-dong,287,465,382,38,34,596,88,33,126,150,148,125,94,93,177,291,74,181,190,89,121,79,816,679,64,47,37,118,68,372,100,274,175,91,869,161,113,17,247,162
Oryun-dong,605,1012,747,72,131,1414,155,150,793,483,362,335,367,176,473,654,151,455,461,157,282,188,1649,1351,94,94,124,439,155,753,282,564,511,210,1886,346,261,65,652,300
Serim-dong,214,328,252,25,31,431,54,31,104,105,108,131,79,85,123,230,51,108,143,64,119,71,539,436,52,61,32,94,62,263,42,200,141,61,660,90,75,16,182,118
Seongsu 2-ga 3-dong,345,428,347,40,48,597,74,44,150,135,130,147,125,64,196,264,97,205,202,83,130,104,672,666,49,40,65,162,71,349,100,271,225,87,665,149,57,26,248,147
Yangjae 1-dong,404,581,457,39,78,865,117,59,208,156,225,258,183,193,252,268,101,306,244,109,179,141,975,1035,126,26,69,202,110,560,116,363,260,97,766,233,65,73,348,209
Geumho 1-ga-dong,133,200,150,14,19,304,27,24,80,63,84,69,48,51,71,144,40,105,84,33,65,30,336,322,20,26,22,59,22,143,51,125,92,33,302,57,42,14,123,67
Yeongdeungpo-dong,760,1164,951,104,132,1553,223,140,1079,351,357,370,530,216,530,716,194,553,430,207,338,210,1932,1744,174,154,119,448,186,993,219,640,574,212,1743,376,224,96,689,391
Hagye 2-dong,160,271,211,19,12,334,35,25,51,71,96,87,39,73,92,121,33,102,124,43,72,53,430,443,62,47,20,99,84,218,34,141,107,59,358,88,37,11,176,68
Pungnap 1-dong,68,128,81,22,8,160,13,19,25,37,50,48,14,16,40,48,26,48,68,23,23,27,192,180,6,24,8,32,35,90,14,72,58,25,170,35,11,12,60,39
Singil 3-dong,106,191,111,20,10,226,28,10,51,50,65,57,40,26,55,113,23,51,79,21,53,30,329,250,11,33,12,38,30,129,21,85,82,32,358,50,37,4,77,52
"Geumho 2,3ga-dong",304,454,375,42,19,624,71,30,122,142,131,130,87,68,166,241,82,201,170,84,141,66,797,590,36,9,59,131,39,398,71,254,254,83,731,134,54,26,289,145
Hwagokbon-dong,1026,1478,1343,148,68,2382,308,124,388,520,493,469,301,271,550,973,298,661,926,321,471,273,3008,2347,170,184,211,465,216,1195,271,1038,837,309,3065,534,356,84,871,576
Hwagok 2-dong,48,79,55,5,3,98,13,7,23,21,21,37,21,17,23,49,11,30,29,14,26,10,123,106,10,46,11,17,16,54,10,50,43,16,100,30,11,6,42,30
Galhyeon 1-dong,260,398,303,76,39,488,63,37,102,102,143,144,96,87,149,218,72,148,155,57,139,68,716,609,67,69,48,137,99,337,67,223,152,73,728,139,382,16,224,130
Yeongdeungpo bon-dong,231,279,197,88,20,362,34,34,61,95,101,90,40,53,117,133,31,121,113,56,92,71,455,424,49,24,31,82,34,201,59,161,106,38,379,112,332,15,133,84
Junggye 1-dong,462,859,656,67,44,1232,144,71,234,338,265,283,194,137,272,810,135,344,357,149,240,142,1673,1269,113,77,96,256,117,692,133,478,456,173,2135,366,346,53,391,257
Junggye 4-dong,251,291,217,24,21,476,52,30,73,109,103,133,59,61,74,105,55,110,179,42,87,87,522,493,45,20,35,85,68,223,50,181,127,56,472,116,43,21,139,112
Cheongnim-dong,100,156,124,16,9,199,16,10,42,40,50,66,47,44,51,89,33,86,75,26,47,34,251,231,27,17,17,54,18,120,41,100,79,29,197,48,23,20,80,52
Jangwi 2-dong,110,171,125,17,7,208,15,13,46,31,41,51,40,27,59,88,28,69,52,24,44,17,249,223,23,6,19,45,34,114,26,85,96,27,302,42,96,7,94,49
Songpa 1-dong,223,369,275,33,36,509,51,39,117,111,132,145,79,119,108,207,69,181,137,71,122,101,570,576,56,33,45,96,66,280,82,243,156,54,592,128,58,33,208,122
Samyang-dong,1285,1744,1275,126,104,2193,261,155,423,476,511,713,333,635,470,695,286,771,701,311,479,424,3104,2994,633,218,185,485,753,1893,290,1011,771,298,2297,563,293,91,791,502
Gaepo 2-dong,436,573,434,47,23,769,80,49,103,124,172,261,73,185,140,311,73,199,286,54,139,127,940,967,99,17,62,115,141,501,83,329,227,163,789,156,55,33,200,176
Nonhyeon 1-dong,1392,2022,1657,160,258,2807,368,207,1015,619,688,672,1027,394,1012,1068,413,973,865,366,634,380,3450,2992,259,162,239,731,348,1730,414,1211,1033,357,3362,620,342,146,1168,688
Daerim 3-dong,455,656,485,129,235,878,106,55,228,213,197,228,163,139,229,517,99,305,320,127,231,128,1182,1028,72,97,94,260,108,642,156,322,318,108,1607,271,286,36,382,191
Gaebong 3-dong,312,469,363,56,62,684,80,47,173,166,171,187,119,118,180,239,97,235,190,109,156,127,994,700,56,67,59,120,84,429,88,323,253,91,913,174,130,35,276,135
Jayang 2-dong,128,181,145,23,14,269,48,18,65,64,73,78,52,42,60,131,32,91,85,38,59,51,394,318,30,16,29,63,32,181,32,133,86,34,427,68,69,9,112,70
Seongsu 1-ga1-dong,339,507,403,47,47,786,96,58,162,189,199,156,132,100,194,310,81,238,322,110,169,108,879,744,76,76,78,205,88,406,107,369,244,114,850,180,167,50,345,154
Bangbae 2-dong,758,1042,822,88,129,1465,204,95,388,278,345,344,991,222,436,499,182,479,518,207,351,219,1759,1658,139,58,126,782,168,899,192,602,501,188,1519,397,158,98,574,355
Hwigyeong 1-dong,223,315,224,22,16,440,49,29,88,107,102,103,65,64,123,175,60,139,131,50,90,51,506,462,39,0,25,102,34,258,68,225,145,77,445,144,35,19,170,101
Mangwon 2-dong,312,401,321,43,50,608,73,39,126,138,153,134,86,84,178,261,84,209,181,80,130,78,897,671,46,77,58,123,54,385,65,296,199,87,878,152,94,27,243,155
Chang 2-dong,93,74,92,9,6,139,15,9,21,35,25,30,19,25,22,41,14,37,52,25,27,30,163,188,20,31,10,24,31,86,14,70,62,32,133,21,24,2,53,44
Namhyeon-dong,136,157,118,13,13,211,22,13,56,32,49,57,29,25,41,120,30,62,59,18,43,37,263,234,26,7,11,33,37,108,18,105,60,36,190,34,21,5,68,47
Imun 1-dong,891,1288,1135,147,97,2044,240,109,416,445,482,485,363,252,540,804,260,599,564,232,447,286,2559,2141,150,163,148,474,185,1115,228,799,736,227,2393,502,290,90,779,543
Apgujeong-dong,2469,3816,3040,327,442,5393,589,485,2271,1214,1393,1413,1956,794,1972,2022,727,1869,1766,576,1159,725,6139,5713,616,477,449,1207,601,3046,774,2217,1834,722,5898,1294,637,254,2385,1154
Dangsan 1-dong,386,590,452,35,31,678,97,66,193,122,154,200,161,172,178,251,96,273,250,106,166,125,952,1058,133,30,59,206,113,484,91,264,223,93,806,183,73,35,276,161
Guui 2-dong,378,406,330,26,22,629,74,39,127,115,126,171,89,118,109,213,65,173,192,64,119,83,751,674,51,35,50,115,92,388,75,287,204,76,629,129,68,20,210,145
Muk 1-dong,218,330,225,23,17,382,69,35,115,91,112,161,87,68,131,158,65,136,186,115,90,131,534,474,29,5,27,85,67,274,54,187,119,38,467,107,98,199,191,84
Godeok 2-dong,175,210,177,11,16,292,41,17,56,74,81,71,46,70,91,84,32,101,81,44,80,50,381,395,51,27,18,60,63,199,34,155,100,50,328,73,89,50,111,76
Gangil-dong,398,533,411,61,44,703,144,96,193,169,246,206,117,139,220,286,121,234,313,243,151,290,881,992,82,54,58,188,114,472,102,306,220,91,769,247,203,569,353,162
Sanggye 9-dong,203,244,235,34,19,393,51,27,84,111,87,113,73,77,80,186,47,120,167,44,97,61,507,423,38,17,51,83,48,243,46,151,136,53,516,106,609,24,187,93
Doksan 1-dong,699,995,800,99,69,1358,158,103,309,337,313,355,291,216,379,547,193,442,363,205,312,199,1847,1559,216,170,108,318,248,850,177,526,474,191,1603,317,331,55,572,311
