Dong,가구_세대원수별세대수_Period,가구_세대원수별세대수_Autonomous Gu,가구_세대원수별세대수_Total number of households,가구_세대원수별세대수_Single person households,가구_세대원수별세대수_Two person households,가구_세대원수별세대수_Three person households,가구_세대원수별세대수_Four person households,가구_세대원수별세대수_Five person households,가구_세대원수별세대수_Six person households,가구_세대원수별세대수_Seven person households	,가구_세대원수별세대수_Eight person households		,가구_세대원수별세대수_Nine person households,가구_세대원수별세대수_Ten person households
Sajik-dong,2013.11,Jongno-gu,4469.0,1956.0,876.0,752.0,632.0,187.0,47.0,12,1,3,3
Samcheong-dong,2013.11,Jongno-gu,1541.0,767.0,280.0,205.0,190.0,78.0,12.0,8,-,1,-
Buam-dong,2013.11,Jongno-gu,4564.0,1591.0,990.0,809.0,868.0,223.0,63.0,16,3,-,1
Pyeongchang-dong,2013.11,Jongno-gu,7386.0,2134.0,1538.0,1452.0,1613.0,481.0,124.0,33,7,-,4
Muak-dong,2013.11,Jongno-gu,3214.0,870.0,663.0,666.0,763.0,198.0,44.0,8,-,1,1
Gyonam-dong,2013.11,Jongno-gu,2722.0,1409.0,509.0,367.0,342.0,74.0,12.0,7,2,-,-
Gahoe-dong,2013.11,Jongno-gu,2344.0,1015.0,450.0,388.0,343.0,111.0,28.0,7,1,1,-
Jongno 1·2·3·4(ilisamsa)-ga-dong,2013.11,Jongno-gu,5267.0,3952.0,572.0,361.0,277.0,74.0,20.0,7,3,-,1
Jongno 5·6(oryuk)-ga-dong,2013.11,Jongno-gu,3122.0,1761.0,523.0,375.0,334.0,104.0,20.0,5,-,-,-
Ihwa-dong,2013.11,Jongno-gu,4498.0,2357.0,783.0,624.0,533.0,154.0,37.0,6,2,1,1
Changsin 1(il)-dong,2013.11,Jongno-gu,3363.0,1891.0,563.0,428.0,349.0,104.0,20.0,8,-,-,-
Changsin 2(i)-dong,2013.11,Jongno-gu,4774.0,2080.0,883.0,771.0,748.0,220.0,57.0,11,1,1,2
Changsin 3(sam)-dong,2013.11,Jongno-gu,3055.0,846.0,600.0,645.0,683.0,215.0,48.0,10,8,-,-
Sungin 1(il)-dong,2013.11,Jongno-gu,3245.0,1392.0,622.0,549.0,503.0,145.0,27.0,6,1,-,-
Sungin 2(i)-dong,2013.11,Jongno-gu,5201.0,3061.0,816.0,633.0,523.0,128.0,30.0,9,-,1,-
Cheongunhyoja-dong,2013.11,Jongno-gu,5924.0,2087.0,1141.0,1088.0,1165.0,329.0,85.0,22,4,3,-
Hyehwa-dong,2013.11,Jongno-gu,9165.0,5069.0,1491.0,1068.0,1128.0,294.0,84.0,25,4,1,1
Sogong-dong,2013.11,Jung-gu,695.0,394.0,117.0,87.0,68.0,21.0,5.0,1,-,-,2
Hoehyeon-dong,2013.11,Jung-gu,3595.0,2458.0,480.0,289.0,276.0,67.0,17.0,8,-,-,-
Myeong-dong,2013.11,Jung-gu,1594.0,1020.0,233.0,152.0,132.0,37.0,14.0,-,2,1,3
Pil-dong,2013.11,Jung-gu,2429.0,1465.0,369.0,278.0,221.0,74.0,14.0,5,1,1,1
Jangchung-dong,2013.11,Jung-gu,2992.0,1777.0,473.0,321.0,277.0,106.0,27.0,6,1,-,4
Gwanghui-dong ,2013.11,Jung-gu,2935.0,1727.0,485.0,338.0,286.0,77.0,17.0,4,1,-,-
Euljiro-dong,2013.11,Jung-gu,1334.0,1026.0,145.0,82.0,57.0,18.0,2.0,4,-,-,-
Sindang 5(o)-dong,2013.11,Jung-gu,4644.0,1950.0,937.0,788.0,719.0,185.0,52.0,10,3,-,-
Hwanghak-dong,2013.11,Jung-gu,5812.0,2665.0,1197.0,940.0,749.0,208.0,38.0,13,2,-,-
Jungnim-dong,2013.11,Jung-gu,4680.0,2269.0,893.0,689.0,616.0,155.0,44.0,11,2,-,1
Sindang-dong,2013.11,Jung-gu,3918.0,2143.0,701.0,440.0,461.0,132.0,32.0,6,-,2,1
Dasan-dong,2013.11,Jung-gu,7183.0,2919.0,1610.0,1156.0,1113.0,291.0,66.0,20,4,2,2
Yaksu-dong,2013.11,Jung-gu,7939.0,2610.0,1872.0,1701.0,1322.0,334.0,76.0,17,6,-,1
Cheonggu-dong,2013.11,Jung-gu,6512.0,2307.0,1390.0,1204.0,1218.0,298.0,71.0,13,8,3,-
Donghwa-dong,2013.11,Jung-gu,4401.0,1184.0,837.0,943.0,1035.0,301.0,77.0,17,4,-,3
Huam-dong,2013.11,Yongsan-gu,8820.0,3898.0,1673.0,1451.0,1313.0,362.0,90.0,18,8,3,4
Yongsan 2-ga-dong,2013.11,Yongsan-gu,5904.0,2708.0,1159.0,987.0,794.0,197.0,45.0,9,4,1,-
Namyeong-dong,2013.11,Yongsan-gu,5264.0,3881.0,607.0,360.0,292.0,100.0,14.0,6,3,-,1
Wonhyoro 2(i)-dong,2013.11,Yongsan-gu,5983.0,1727.0,1259.0,1204.0,1342.0,342.0,73.0,24,8,1,3
Hyochang-dong,2013.11,Yongsan-gu,4412.0,1395.0,921.0,859.0,899.0,249.0,68.0,17,4,-,-
Yongmun-dong,2013.11,Yongsan-gu,5124.0,1596.0,1086.0,1098.0,996.0,266.0,62.0,14,4,1,1
Ichon 1(il)-dong,2013.11,Yongsan-gu,9788.0,2295.0,2010.0,2310.0,2466.0,512.0,137.0,40,10,6,2
Ichon 2(i)-dong,2013.11,Yongsan-gu,4251.0,1503.0,966.0,832.0,728.0,176.0,32.0,9,5,-,-
Itaewon 1(il)-dong,2013.11,Yongsan-gu,4381.0,2491.0,777.0,523.0,418.0,123.0,34.0,11,4,-,-
Itaewon 2(i)-dong,2013.11,Yongsan-gu,5372.0,2671.0,1081.0,748.0,630.0,177.0,44.0,13,5,1,2
Seobinggo-dong,2013.11,Yongsan-gu,5408.0,1777.0,991.0,931.0,1264.0,342.0,86.0,14,3,-,-
Bogwang-dong,2013.11,Yongsan-gu,8438.0,4165.0,1675.0,1261.0,992.0,261.0,64.0,14,6,-,-
Cheongpa-dong,2013.11,Yongsan-gu,11234.0,6003.0,1923.0,1484.0,1348.0,378.0,75.0,19,2,-,2
Wonhyoro 1(il)-dong,2013.11,Yongsan-gu,5677.0,2362.0,1145.0,1017.0,884.0,205.0,45.0,15,3,-,1
Hangangno-dong,2013.11,Yongsan-gu,7728.0,3995.0,1500.0,1110.0,879.0,179.0,53.0,7,5,-,-
Hannam-dong,2013.11,Yongsan-gu,11716.0,6154.0,2322.0,1592.0,1214.0,337.0,64.0,15,12,4,2
Wangsimni 2(i)-dong,2013.11,Seongdong-gu,6951.0,2543.0,1318.0,1308.0,1301.0,355.0,99.0,21,3,2,1
Majang-dong,2013.11,Seongdong-gu,10369.0,3904.0,1929.0,1873.0,2002.0,500.0,119.0,29,9,3,1
Sageun-dong,2013.11,Seongdong-gu,5951.0,3777.0,848.0,562.0,557.0,144.0,46.0,9,7,1,-
Haengdang 1(il)-dong,2013.11,Seongdong-gu,7522.0,2932.0,1540.0,1333.0,1318.0,307.0,70.0,14,7,-,1
Haengdang 2(i)-dong,2013.11,Seongdong-gu,9533.0,2005.0,2021.0,2332.0,2459.0,540.0,118.0,42,10,5,1
Eungbong-dong,2013.11,Seongdong-gu,6405.0,1601.0,1329.0,1424.0,1566.0,380.0,79.0,21,2,2,1
Geumho 1(il)-ga-dong,2013.11,Seongdong-gu,5814.0,1756.0,1217.0,1268.0,1165.0,302.0,82.0,18,3,3,-
Geumho 4(sa)-ga-dong,2013.11,Seongdong-gu,6267.0,2074.0,1422.0,1332.0,1130.0,233.0,58.0,14,4,-,-
Seongsu 1(il)-ga1(il)-dong,2013.11,Seongdong-gu,7240.0,2554.0,1359.0,1360.0,1517.0,342.0,77.0,24,6,1,-
Seongsu 1(il)-ga2(i)-dong,2013.11,Seongdong-gu,8066.0,3356.0,1541.0,1387.0,1372.0,316.0,81.0,12,1,-,-
Seongsu 2(i)-ga1(il)-dong,2013.11,Seongdong-gu,8984.0,3856.0,1637.0,1522.0,1499.0,354.0,95.0,16,3,2,-
Seongsu 2(i)-ga 3(sam)-dong,2013.11,Seongdong-gu,5426.0,2470.0,947.0,827.0,858.0,234.0,72.0,12,4,1,1
Songjeong-dong,2013.11,Seongdong-gu,5600.0,2599.0,1038.0,848.0,841.0,219.0,42.0,8,4,1,-
Yongdap-dong,2013.11,Seongdong-gu,7697.0,3575.0,1432.0,1231.0,1105.0,283.0,59.0,10,1,1,-
WangsimniDoseon-dong,2013.11,Seongdong-gu,5783.0,2631.0,1072.0,871.0,839.0,262.0,80.0,18,7,3,-
Geumho 2.3(i.sam)-ga-dong,2013.11,Seongdong-gu,9417.0,3045.0,2040.0,1955.0,1757.0,460.0,117.0,32,10,1,-
Oksu-dong,2013.11,Seongdong-gu,9515.0,2920.0,2256.0,2028.0,1779.0,413.0,89.0,21,7,2,-
Hwayang-dong,2013.11,Gwangjin-gu,13674.0,9469.0,1988.0,1028.0,935.0,191.0,51.0,11,1,-,-
Gunja-dong,2013.11,Gwangjin-gu,10250.0,5033.0,1902.0,1445.0,1397.0,368.0,82.0,15,5,1,2
Junggok 1(il)-dong,2013.11,Gwangjin-gu,7662.0,3334.0,1625.0,1258.0,1118.0,251.0,60.0,9,6,1,-
Junggok 2(i)-dong,2013.11,Gwangjin-gu,9798.0,3738.0,1966.0,1822.0,1754.0,415.0,78.0,16,6,3,-
Junggok 3(sam)-dong,2013.11,Gwangjin-gu,8220.0,3312.0,1673.0,1452.0,1378.0,324.0,62.0,16,2,1,-
Junggok 4(sa)-dong,2013.11,Gwangjin-gu,12767.0,4151.0,2604.0,2597.0,2595.0,638.0,130.0,41,8,1,2
Neung-dong,2013.11,Gwangjin-gu,5611.0,2902.0,1066.0,798.0,625.0,164.0,44.0,8,2,2,-
Guui 1(il)-dong,2013.11,Gwangjin-gu,10843.0,5238.0,2047.0,1623.0,1480.0,365.0,68.0,18,4,-,-
Guui 2(i)-dong,2013.11,Gwangjin-gu,11031.0,3649.0,2256.0,2170.0,2216.0,555.0,128.0,37,15,4,1
Guui 3(sam)-dong,2013.11,Gwangjin-gu,11400.0,3408.0,2141.0,2436.0,2696.0,565.0,121.0,22,8,1,2
Gwangjang-dong,2013.11,Gwangjin-gu,12113.0,2149.0,1719.0,2684.0,4467.0,860.0,176.0,44,11,2,1
Jayang 1(il)-dong,2013.11,Gwangjin-gu,11038.0,4979.0,2186.0,1716.0,1630.0,395.0,110.0,19,2,-,1
Jayang 2(i)-dong,2013.11,Gwangjin-gu,11280.0,3733.0,2140.0,2283.0,2384.0,570.0,128.0,28,11,1,2
Jayang 3(sam)-dong,2013.11,Gwangjin-gu,11493.0,2891.0,2154.0,2470.0,3132.0,673.0,140.0,22,7,3,1
Jayang 4(sa)-dong,2013.11,Gwangjin-gu,12064.0,5968.0,2252.0,1735.0,1585.0,399.0,95.0,21,6,2,1
Hoegi-dong,2013.11,Dongdaemun-gu,5941.0,3429.0,912.0,695.0,661.0,189.0,41.0,9,3,1,1
Hwigyeong 1(il)-dong,2013.11,Dongdaemun-gu,8082.0,4137.0,1460.0,1123.0,1023.0,247.0,74.0,12,5,1,-
Hwigyeong 2(i)-dong,2013.11,Dongdaemun-gu,10588.0,3896.0,1959.0,1858.0,2173.0,516.0,146.0,32,5,1,2
Cheongnyangni-dong,2013.11,Dongdaemun-gu,10837.0,4614.0,2226.0,1834.0,1550.0,463.0,117.0,26,2,3,2
Yongsin-dong,2013.11,Dongdaemun-gu,15571.0,7913.0,2847.0,2186.0,1964.0,506.0,119.0,26,8,2,-
Jegi-dong,2013.11,Dongdaemun-gu,12953.0,6142.0,2491.0,1884.0,1754.0,508.0,120.0,43,8,2,1
Jeonnong 1(il)-dong,2013.11,Dongdaemun-gu,14804.0,6549.0,2834.0,2391.0,2281.0,579.0,130.0,31,7,1,1
Jeonnong 2(i)-dong,2013.11,Dongdaemun-gu,7809.0,1963.0,1604.0,1724.0,1851.0,495.0,140.0,21,7,2,2
Dapsimni 1(il)-dong,2013.11,Dongdaemun-gu,8653.0,3547.0,1679.0,1489.0,1397.0,407.0,95.0,30,6,2,1
Dapsimni 2(i)-dong,2013.11,Dongdaemun-gu,12046.0,3466.0,2472.0,2605.0,2657.0,632.0,171.0,28,13,2,-
Jangan 1(il)-dong,2013.11,Dongdaemun-gu,15168.0,5363.0,2841.0,2999.0,2928.0,768.0,208.0,44,13,1,3
Jangan 2(i)-dong,2013.11,Dongdaemun-gu,12835.0,4235.0,2354.0,2650.0,2727.0,662.0,156.0,37,11,1,2
Imun 1(il)-dong,2013.11,Dongdaemun-gu,15314.0,7949.0,2760.0,2005.0,1926.0,499.0,137.0,23,14,1,-
Imun 2(i)-dong,2013.11,Dongdaemun-gu,8734.0,2533.0,1807.0,1711.0,1991.0,538.0,115.0,28,9,2,-
Myeonmok 2(i)-dong,2013.11,Jungnang-gu,12059.0,4713.0,2426.0,2183.0,2063.0,503.0,134.0,24,9,4,-
Myeonmok 4(sa)-dong,2013.11,Jungnang-gu,9736.0,4010.0,1913.0,1703.0,1582.0,405.0,91.0,22,4,4,2
Myeonmok 5(o)-dong,2013.11,Jungnang-gu,5998.0,2333.0,1220.0,1118.0,1000.0,256.0,51.0,15,4,1,-
Myeonmok 7(chil)-dong,2013.11,Jungnang-gu,10622.0,3908.0,2164.0,2049.0,1905.0,472.0,97.0,20,4,2,1
Sangbong 1(il)-dong,2013.11,Jungnang-gu,9341.0,2415.0,1792.0,1899.0,2498.0,568.0,124.0,30,14,1,-
Sangbong 2(i)-dong,2013.11,Jungnang-gu,9306.0,4746.0,1791.0,1394.0,1065.0,236.0,58.0,14,2,-,-
Junghwa 1(il)-dong,2013.11,Jungnang-gu,8366.0,2446.0,1849.0,1751.0,1759.0,436.0,99.0,19,4,2,1
Junghwa 2(i)-dong,2013.11,Jungnang-gu,14420.0,6804.0,2871.0,2244.0,1888.0,478.0,105.0,23,5,2,-
Muk 1(il)-dong,2013.11,Jungnang-gu,13944.0,4029.0,2802.0,3031.0,3047.0,818.0,164.0,42,6,4,1
Muk 2(i)-dong,2013.11,Jungnang-gu,8569.0,3254.0,1760.0,1595.0,1475.0,397.0,71.0,10,3,3,1
Mangu 3(sam)-dong,2013.11,Jungnang-gu,8285.0,3202.0,1732.0,1517.0,1372.0,364.0,80.0,11,5,1,1
Sinnae 1(il)-dong,2013.11,Jungnang-gu,10959.0,2352.0,2047.0,2432.0,3062.0,848.0,173.0,34,6,4,1
Sinnae 2(i)-dong,2013.11,Jungnang-gu,9308.0,2357.0,2021.0,2052.0,2222.0,517.0,108.0,24,5,2,-
Myeonmokbon-dong,2013.11,Jungnang-gu,16483.0,6848.0,3487.0,2874.0,2500.0,624.0,118.0,23,3,4,2
Myeonmok 3.8(sam.pal)-dong,2013.11,Jungnang-gu,12624.0,5007.0,2557.0,2327.0,2118.0,462.0,126.0,22,2,1,2
Mangubon-dong,2013.11,Jungnang-gu,14801.0,5730.0,2953.0,2804.0,2514.0,633.0,128.0,33,4,1,1
Donam 1(il)-dong,2013.11,Seongbuk-gu,6169.0,1670.0,1314.0,1337.0,1405.0,357.0,66.0,16,3,-,1
Donam 2(i)-dong,2013.11,Seongbuk-gu,7995.0,1536.0,1476.0,1861.0,2344.0,571.0,141.0,55,7,1,3
Anam-dong,2013.11,Seongbuk-gu,8933.0,5230.0,1426.0,992.0,982.0,246.0,43.0,7,5,1,1
Bomun-dong,2013.11,Seongbuk-gu,6718.0,3285.0,1240.0,962.0,947.0,227.0,48.0,6,1,-,2
Jeongneung 1(il)-dong,2013.11,Seongbuk-gu,7511.0,2051.0,1475.0,1690.0,1741.0,409.0,113.0,23,7,-,2
Jeongneung 2(i)-dong,2013.11,Seongbuk-gu,9295.0,2698.0,1952.0,1940.0,2004.0,535.0,130.0,31,1,3,1
Jeongneung 3(sam)-dong,2013.11,Seongbuk-gu,7917.0,3677.0,1466.0,1211.0,1138.0,311.0,81.0,24,4,2,3
Jeongneung 4(sa)-dong,2013.11,Seongbuk-gu,10918.0,3302.0,2262.0,2361.0,2281.0,537.0,136.0,28,9,2,-
Gireum 1(il)-dong,2013.11,Seongbuk-gu,12968.0,2558.0,2373.0,3185.0,3783.0,786.0,217.0,51,11,2,2
Gireum 2(i)-dong,2013.11,Seongbuk-gu,8901.0,3519.0,1772.0,1515.0,1614.0,376.0,73.0,24,5,3,-
Wolgok 1(il)-dong,2013.11,Seongbuk-gu,10910.0,3112.0,2078.0,2329.0,2559.0,635.0,143.0,37,12,4,1
Wolgok 2(i)-dong,2013.11,Seongbuk-gu,8805.0,3198.0,1710.0,1677.0,1643.0,438.0,110.0,23,5,-,1
Jangwi 1(il)-dong,2013.11,Seongbuk-gu,10104.0,3272.0,2140.0,2004.0,1985.0,541.0,123.0,24,11,2,2
Jangwi 2(i)-dong,2013.11,Seongbuk-gu,9103.0,3172.0,1909.0,1779.0,1667.0,444.0,93.0,30,6,3,-
Jangwi 3(sam)-dong,2013.11,Seongbuk-gu,7743.0,2767.0,1619.0,1468.0,1424.0,340.0,99.0,21,2,1,2
Seongbuk-dong,2013.11,Seongbuk-gu,8494.0,3790.0,1678.0,1275.0,1245.0,373.0,100.0,23,1,1,8
Samseon-dong,2013.11,Seongbuk-gu,12623.0,5473.0,2366.0,2085.0,2032.0,525.0,115.0,17,9,1,-
Dongseon-dong,2013.11,Seongbuk-gu,8806.0,5088.0,1424.0,1054.0,901.0,254.0,66.0,12,3,1,3
Jongam-dong,2013.11,Seongbuk-gu,17464.0,6196.0,3202.0,3382.0,3527.0,877.0,221.0,43,11,4,1
Seokgwan-dong,2013.11,Seongbuk-gu,15681.0,5909.0,3139.0,2972.0,2819.0,669.0,134.0,31,6,2,-
Beon 1(il)-dong,2013.11,Gangbuk-gu,9706.0,4400.0,1966.0,1558.0,1334.0,352.0,67.0,22,7,-,-
Beon 2(i)-dong,2013.11,Gangbuk-gu,7812.0,2341.0,1907.0,1626.0,1450.0,379.0,89.0,15,2,2,1
Beon 3(sam)-dong,2013.11,Gangbuk-gu,7768.0,1769.0,1941.0,1781.0,1641.0,464.0,116.0,42,11,3,-
Suyu 1(il)-dong,2013.11,Gangbuk-gu,9948.0,3908.0,2036.0,1822.0,1584.0,460.0,109.0,20,3,3,3
Suyu 2(i)-dong,2013.11,Gangbuk-gu,9120.0,2739.0,2112.0,1951.0,1714.0,462.0,97.0,32,10,2,1
Suyu 3(sam)-dong,2013.11,Gangbuk-gu,11040.0,4745.0,2303.0,1983.0,1513.0,380.0,82.0,23,7,1,3
Samyang-dong,2013.11,Gangbuk-gu,12940.0,4583.0,2704.0,2502.0,2355.0,624.0,124.0,38,5,5,-
Mia-dong,2013.11,Gangbuk-gu,10577.0,4423.0,2216.0,1834.0,1587.0,405.0,72.0,29,7,2,2
Songjung-dong,2013.11,Gangbuk-gu,13733.0,5153.0,2820.0,2594.0,2330.0,639.0,144.0,39,7,3,4
Songcheon-dong,2013.11,Gangbuk-gu,13880.0,5617.0,2935.0,2365.0,2262.0,544.0,116.0,30,8,3,-
Samgaksan-dong,2013.11,Gangbuk-gu,12228.0,2556.0,2325.0,2835.0,3512.0,796.0,155.0,31,13,5,-
Ui-dong,2013.11,Gangbuk-gu,8859.0,3011.0,1995.0,1835.0,1457.0,408.0,115.0,27,8,3,-
Insu-dong,2013.11,Gangbuk-gu,13895.0,4719.0,3153.0,2788.0,2413.0,628.0,147.0,33,7,5,2
Ssangmun 1(il)-dong,2013.11,Dobong-gu,8793.0,2711.0,1855.0,1793.0,1776.0,488.0,132.0,29,7,1,1
Ssangmun 2(i)-dong,2013.11,Dobong-gu,8480.0,2589.0,1866.0,1803.0,1698.0,390.0,102.0,25,6,-,1
Ssangmun 3(sam)-dong,2013.11,Dobong-gu,7602.0,2670.0,1629.0,1506.0,1322.0,369.0,87.0,16,3,-,-
Ssangmun 4(sa)-dong,2013.11,Dobong-gu,7333.0,1500.0,1307.0,1666.0,2206.0,511.0,101.0,35,6,1,-
Banghak 1(il)-dong,2013.11,Dobong-gu,12543.0,3961.0,2533.0,2506.0,2635.0,674.0,183.0,40,7,3,1
Banghak 2(i)-dong,2013.11,Dobong-gu,9780.0,3416.0,2076.0,1989.0,1701.0,470.0,97.0,23,7,1,-
Banghak 3(sam)-dong,2013.11,Dobong-gu,10839.0,2071.0,1973.0,2591.0,3275.0,751.0,146.0,25,5,1,1
Chang 1(il)-dong,2013.11,Dobong-gu,11053.0,3263.0,2236.0,2387.0,2505.0,514.0,112.0,27,9,-,-
Chang 2(i)-dong,2013.11,Dobong-gu,11721.0,3127.0,2460.0,2655.0,2587.0,642.0,186.0,48,9,5,2
Chang 3(sam)-dong,2013.11,Dobong-gu,6671.0,2354.0,1386.0,1360.0,1225.0,266.0,61.0,14,2,2,1
Chang 4(sa)-dong,2013.11,Dobong-gu,10842.0,2502.0,1971.0,2381.0,3132.0,689.0,136.0,19,7,4,1
Chang 5(o)-dong,2013.11,Dobong-gu,10036.0,2368.0,1992.0,2313.0,2621.0,578.0,112.0,38,9,4,1
Dobong 1(il)-dong,2013.11,Dobong-gu,10351.0,3836.0,2395.0,1962.0,1538.0,458.0,124.0,31,4,1,2
Dobong 2(i)-dong,2013.11,Dobong-gu,11770.0,3230.0,2558.0,2627.0,2537.0,625.0,155.0,24,9,4,1
Wolgye 1(il)-dong,2013.11,Nowon-gu,9310.0,3325.0,1802.0,1763.0,1844.0,460.0,89.0,17,8,-,2
Wolgye 2(i)-dong,2013.11,Nowon-gu,12083.0,3632.0,2855.0,2543.0,2352.0,552.0,118.0,26,2,2,1
Wolgye 3(sam)-dong,2013.11,Nowon-gu,13386.0,3255.0,3078.0,3192.0,3011.0,659.0,142.0,38,8,3,-
Gongneung 2(i)-dong,2013.11,Nowon-gu,17266.0,4942.0,3010.0,3530.0,4528.0,1044.0,175.0,33,4,-,-
Hagye 1(il)-dong,2013.11,Nowon-gu,11309.0,3125.0,2134.0,2183.0,3047.0,673.0,114.0,18,9,4,2
Hagye 2(i)-dong,2013.11,Nowon-gu,8628.0,1559.0,1577.0,1946.0,2882.0,550.0,90.0,16,4,4,-
Junggyebon-dong,2013.11,Nowon-gu,9818.0,2118.0,1381.0,1931.0,3335.0,866.0,146.0,22,16,2,1
Junggye 1(il)-dong,2013.11,Nowon-gu,9561.0,1388.0,1243.0,2097.0,3949.0,767.0,97.0,14,4,2,-
Junggye 4(sa)-dong,2013.11,Nowon-gu,8167.0,2021.0,1695.0,1689.0,2170.0,464.0,95.0,27,2,2,2
Sanggye 1(il)-dong,2013.11,Nowon-gu,15861.0,3967.0,3124.0,3374.0,4017.0,1059.0,236.0,63,14,3,4
Sanggye 2(i)-dong,2013.11,Nowon-gu,8610.0,2674.0,1476.0,1741.0,2116.0,482.0,94.0,22,4,-,1
Sanggye 5(o)-dong,2013.11,Nowon-gu,9528.0,2982.0,1959.0,2016.0,1954.0,461.0,121.0,26,7,-,2
Sanggye 8(pal)-dong,2013.11,Nowon-gu,9459.0,1780.0,2038.0,2393.0,2593.0,556.0,72.0,22,2,2,1
Sanggye 9(gu)-dong,2013.11,Nowon-gu,8825.0,1898.0,1812.0,2079.0,2478.0,462.0,78.0,16,2,-,-
Sanggye 10(sip)-dong,2013.11,Nowon-gu,7730.0,1961.0,1697.0,1783.0,1855.0,349.0,70.0,13,1,1,-
Sanggye 3.4(sam.sa)-dong,2013.11,Nowon-gu,16005.0,5707.0,3428.0,3031.0,2837.0,789.0,155.0,41,12,3,2
Sanggye 6.7(yuk.chil)-dong,2013.11,Nowon-gu,14263.0,4232.0,2783.0,3039.0,3508.0,592.0,83.0,23,1,1,1
Junggye 2.3(i.sam)-dong,2013.11,Nowon-gu,15692.0,3943.0,3589.0,3459.0,3599.0,893.0,160.0,35,9,3,2
Gongneung 1(il)-dong,2013.11,Nowon-gu,17057.0,6456.0,3430.0,3112.0,3095.0,761.0,152.0,33,15,1,2
Nokbeon-dong,2013.11,Eunpyeong-gu,14635.0,5896.0,3141.0,2599.0,2295.0,557.0,113.0,30,2,2,-
Bulgwang 1(il)-dong,2013.11,Eunpyeong-gu,17219.0,5553.0,3609.0,3598.0,3436.0,791.0,174.0,39,14,3,2
Galhyeon 1(il)-dong,2013.11,Eunpyeong-gu,10951.0,3884.0,2301.0,2165.0,1996.0,469.0,106.0,22,6,1,1
Galhyeon 2(i)-dong,2013.11,Eunpyeong-gu,11399.0,3451.0,2425.0,2357.0,2388.0,614.0,122.0,26,11,4,1
Gusan-dong,2013.11,Eunpyeong-gu,12227.0,3498.0,2497.0,2621.0,2670.0,710.0,167.0,41,14,2,7
Daejo-dong,2013.11,Eunpyeong-gu,14525.0,6101.0,3034.0,2522.0,2178.0,523.0,142.0,16,7,2,-
Eungam 1(il)-dong,2013.11,Eunpyeong-gu,13418.0,5050.0,2769.0,2521.0,2275.0,592.0,158.0,38,7,2,6
Eungam 2(i)-dong,2013.11,Eunpyeong-gu,10968.0,3746.0,2225.0,2209.0,2117.0,501.0,142.0,12,5,5,6
Sinsa 1(il)-dong,2013.11,Eunpyeong-gu,11065.0,3261.0,2362.0,2441.0,2273.0,559.0,125.0,34,7,1,2
Sinsa 2(i)-dong,2013.11,Eunpyeong-gu,8896.0,2741.0,1850.0,1817.0,1893.0,473.0,93.0,20,5,2,2
Jeungsan-dong,2013.11,Eunpyeong-gu,8249.0,2614.0,1732.0,1677.0,1690.0,412.0,101.0,18,3,-,2
Susaek-dong,2013.11,Eunpyeong-gu,7892.0,2697.0,1750.0,1466.0,1472.0,382.0,103.0,14,5,2,1
Jingwan-dong,2013.11,Eunpyeong-gu,16471.0,2615.0,2886.0,3638.0,5098.0,1710.0,408.0,93,15,5,3
Bulgwang 2(i)-dong,2013.11,Eunpyeong-gu,13083.0,5073.0,2851.0,2408.0,2112.0,497.0,112.0,19,6,2,3
Eungam 3(sam)-dong,2013.11,Eunpyeong-gu,12222.0,4907.0,2679.0,2127.0,1901.0,478.0,98.0,26,3,1,2
Yeokchon-dong,2013.11,Eunpyeong-gu,19515.0,5984.0,4200.0,4106.0,3881.0,1013.0,258.0,61,9,2,1
Cheonyeon-dong,2013.11,Seodaemun-gu,8581.0,3232.0,1716.0,1604.0,1612.0,325.0,74.0,11,4,-,3
Hongje 1(il)-dong,2013.11,Seodaemun-gu,11149.0,3948.0,2355.0,2165.0,2049.0,486.0,117.0,19,6,2,2
Hongje 3(sam)-dong,2013.11,Seodaemun-gu,8288.0,2969.0,1706.0,1596.0,1497.0,397.0,96.0,23,2,2,-
Hongje 2(i)-dong,2013.11,Seodaemun-gu,6037.0,1715.0,1282.0,1323.0,1314.0,312.0,73.0,16,1,1,-
Hongeun 1(il)-dong,2013.11,Seodaemun-gu,10313.0,3358.0,2065.0,1998.0,2195.0,515.0,143.0,28,7,2,2
Hongeun 2(i)-dong,2013.11,Seodaemun-gu,12129.0,4194.0,2512.0,2292.0,2330.0,603.0,146.0,41,8,2,1
Namgajwa 1(il)-dong,2013.11,Seodaemun-gu,1769.0,826.0,334.0,268.0,248.0,68.0,19.0,5,1,-,-
Namgajwa 2(i)-dong,2013.11,Seodaemun-gu,12716.0,4741.0,2636.0,2362.0,2227.0,589.0,127.0,21,10,-,3
Bukgajwa 1(il)-dong,2013.11,Seodaemun-gu,7127.0,1605.0,1559.0,1596.0,1801.0,418.0,112.0,27,6,3,-
Bukgajwa 2(i)-dong,2013.11,Seodaemun-gu,13636.0,4431.0,2860.0,2719.0,2740.0,684.0,159.0,34,6,3,-
Chunghyeon-dong,2013.11,Seodaemun-gu,9158.0,4232.0,1704.0,1397.0,1362.0,342.0,88.0,23,7,1,2
Bugahyeon-dong,2013.11,Seodaemun-gu,4884.0,2156.0,1001.0,742.0,745.0,198.0,33.0,8,-,1,-
Sinchon-dong,2013.11,Seodaemun-gu,10914.0,7448.0,1464.0,913.0,813.0,199.0,60.0,13,1,1,2
Yeonhui-dong,2013.11,Seodaemun-gu,18731.0,8749.0,3398.0,2822.0,2761.0,744.0,189.0,53,10,5,-
Yonggang-dong,2013.11,Mapo-gu,7674.0,2622.0,1492.0,1511.0,1573.0,373.0,76.0,16,9,1,1
Daeheung-dong,2013.11,Mapo-gu,8406.0,5422.0,1399.0,755.0,607.0,168.0,44.0,6,2,-,3
Yeomni-dong,2013.11,Mapo-gu,7595.0,3480.0,1520.0,1199.0,1036.0,273.0,70.0,9,6,-,2
Sinsu-dong,2013.11,Mapo-gu,9142.0,3406.0,1837.0,1615.0,1748.0,397.0,106.0,28,4,1,-
Seogyo-dong,2013.11,Mapo-gu,16054.0,9546.0,2776.0,1726.0,1490.0,385.0,97.0,25,7,2,-
Hapjeong-dong,2013.11,Mapo-gu,9176.0,4181.0,1983.0,1398.0,1206.0,317.0,60.0,16,8,-,7
Mangwon 1(il)-dong,2013.11,Mapo-gu,10564.0,4278.0,2248.0,1792.0,1656.0,452.0,100.0,29,5,2,2
Mangwon 2(i)-dong,2013.11,Mapo-gu,8185.0,2514.0,1689.0,1682.0,1735.0,425.0,100.0,27,7,5,1
Yeonnam-dong,2013.11,Mapo-gu,9307.0,4504.0,1879.0,1334.0,1197.0,296.0,73.0,18,5,1,-
Seongsan 1(il)-dong,2013.11,Mapo-gu,9190.0,3636.0,1894.0,1636.0,1511.0,375.0,94.0,33,6,4,1
Seongsan 2(i)-dong,2013.11,Mapo-gu,15625.0,4407.0,3318.0,3235.0,3673.0,790.0,158.0,35,5,3,1
Sangam-dong,2013.11,Mapo-gu,11347.0,2379.0,2082.0,2506.0,3188.0,945.0,195.0,35,11,4,2
Dohwa-dong,2013.11,Mapo-gu,9446.0,3162.0,1935.0,1852.0,1885.0,459.0,111.0,28,9,3,2
Seogang-dong,2013.11,Mapo-gu,11215.0,4958.0,2019.0,1831.0,1866.0,413.0,100.0,23,3,1,1
gongdeok-dong,2013.11,Mapo-gu,16077.0,6429.0,3210.0,2877.0,2723.0,662.0,139.0,25,6,4,2
Ahyeon-dong,2013.11,Mapo-gu,8036.0,3050.0,1700.0,1517.0,1351.0,322.0,75.0,14,4,1,2
Mok 1(il)-dong,2013.11,Yangcheon-gu,10647.0,1721.0,1559.0,2557.0,3864.0,766.0,134.0,31,11,2,2
Mok 2(i)-dong,2013.11,Yangcheon-gu,12209.0,3789.0,2297.0,2432.0,2818.0,707.0,127.0,27,7,3,2
Mok 3(sam)-dong,2013.11,Yangcheon-gu,9204.0,3002.0,1818.0,1865.0,1965.0,434.0,98.0,16,6,-,-
Mok 4(sa)-dong,2013.11,Yangcheon-gu,10030.0,2502.0,1544.0,2069.0,2984.0,747.0,143.0,26,12,3,-
Sinwol 1(il)-dong,2013.11,Yangcheon-gu,10467.0,4103.0,2045.0,1913.0,1840.0,430.0,108.0,23,2,1,2
Sinwol 2(i)-dong,2013.11,Yangcheon-gu,7851.0,2099.0,1625.0,1638.0,1806.0,515.0,121.0,33,8,1,5
Sinwol 3(sam)-dong,2013.11,Yangcheon-gu,8040.0,3538.0,1622.0,1313.0,1158.0,311.0,76.0,14,6,-,2
Sinwol 4(sa)-dong,2013.11,Yangcheon-gu,6818.0,1455.0,1346.0,1585.0,1787.0,493.0,116.0,26,8,-,2
Sinwol 5(o)-dong,2013.11,Yangcheon-gu,6284.0,1893.0,1212.0,1312.0,1369.0,389.0,86.0,18,4,-,1
Sinwol 6(yuk)-dong,2013.11,Yangcheon-gu,4958.0,1612.0,994.0,915.0,1074.0,292.0,55.0,11,4,1,-
Sinwol 7(chil)-dong,2013.11,Yangcheon-gu,9293.0,2266.0,2152.0,2169.0,2101.0,470.0,103.0,20,10,1,1
Sinjeong 1(il)-dong,2013.11,Yangcheon-gu,6445.0,1342.0,899.0,1288.0,2257.0,522.0,101.0,22,11,2,1
Sinjeong 2(i)-dong,2013.11,Yangcheon-gu,7416.0,1531.0,1102.0,1455.0,2604.0,596.0,93.0,27,4,2,2
Sinjeong 3(sam)-dong,2013.11,Yangcheon-gu,20841.0,5474.0,3962.0,4324.0,5372.0,1348.0,267.0,70,19,4,1
Sinjeong 6(yuk)-dong,2013.11,Yangcheon-gu,8464.0,1196.0,1185.0,1964.0,3331.0,640.0,119.0,15,9,2,3
Sinjeong 7(chil)-dong,2013.11,Yangcheon-gu,11791.0,2761.0,2309.0,2573.0,3301.0,695.0,123.0,22,4,3,-
Mok 5(o)-dong,2013.11,Yangcheon-gu,14054.0,1830.0,1747.0,3306.0,5852.0,1119.0,163.0,27,4,5,1
Sinjeong 4(sa)-dong,2013.11,Yangcheon-gu,15726.0,5940.0,3209.0,3009.0,2679.0,678.0,161.0,30,15,5,-
Yeomchang-dong,2013.11,Gangseo-gu,14514.0,2940.0,2406.0,3342.0,4648.0,967.0,177.0,25,6,2,1
Deungchon 1(il)-dong,2013.11,Gangseo-gu,10102.0,4501.0,1653.0,1619.0,1798.0,414.0,94.0,18,2,1,2
Deungchon 2(i)-dong,2013.11,Gangseo-gu,8037.0,2017.0,1576.0,1753.0,2029.0,506.0,110.0,35,10,1,-
Deungchon 3(sam)-dong,2013.11,Gangseo-gu,14745.0,4231.0,3567.0,3142.0,3043.0,621.0,112.0,24,3,2,-
Hwagokbon-dong,2013.11,Gangseo-gu,14971.0,4980.0,3111.0,3092.0,2805.0,760.0,156.0,44,11,6,6
Hwagok 2(i)-dong,2013.11,Gangseo-gu,8130.0,2585.0,1682.0,1737.0,1587.0,423.0,86.0,20,6,1,3
Hwagok 3(sam)-dong,2013.11,Gangseo-gu,9086.0,2570.0,1770.0,1962.0,2086.0,546.0,120.0,24,2,2,4
Hwagok 4(sa)-dong,2013.11,Gangseo-gu,9783.0,3457.0,2086.0,1970.0,1690.0,472.0,85.0,21,1,1,-
Hwagok 6(yuk)-dong,2013.11,Gangseo-gu,10319.0,3450.0,2014.0,2090.0,2066.0,552.0,104.0,26,8,6,3
Hwagok 8(pal)-dong,2013.11,Gangseo-gu,10920.0,3230.0,2488.0,2416.0,2105.0,522.0,118.0,33,6,2,-
Gayang 1(il)-dong,2013.11,Gangseo-gu,7728.0,1786.0,1449.0,1702.0,2126.0,529.0,110.0,19,5,2,-
Gayang 2(i)-dong,2013.11,Gangseo-gu,7880.0,2987.0,2029.0,1508.0,1028.0,257.0,44.0,21,4,-,2
Gayang 3(sam)-dong,2013.11,Gangseo-gu,7861.0,2522.0,2056.0,1738.0,1149.0,319.0,56.0,14,6,-,1
Balsan 1(il)-dong,2013.11,Gangseo-gu,11250.0,2198.0,2014.0,2443.0,3491.0,896.0,170.0,27,8,3,-
Gonghang-dong,2013.11,Gangseo-gu,9997.0,4660.0,1900.0,1641.0,1330.0,355.0,88.0,19,2,1,1
Banghwa 1(il)-dong,2013.11,Gangseo-gu,11695.0,3447.0,2284.0,2476.0,2649.0,649.0,142.0,33,9,6,-
Banghwa 2(i)-dong,2013.11,Gangseo-gu,11305.0,4508.0,2379.0,2038.0,1757.0,465.0,119.0,31,3,1,4
Banghwa 3(sam)-dong,2013.11,Gangseo-gu,11426.0,3966.0,2620.0,2212.0,2039.0,482.0,92.0,10,3,1,1
Hwagok 1(il)-dong,2013.11,Gangseo-gu,22526.0,8814.0,4668.0,4181.0,3624.0,920.0,247.0,57,10,5,-
Ujangsan-dong,2013.11,Gangseo-gu,14202.0,3541.0,2473.0,2935.0,4206.0,842.0,155.0,36,10,4,-
Sindorim-dong,2013.11,Guro-gu,13129.0,2568.0,2565.0,3193.0,3752.0,797.0,201.0,38,8,6,1
Guro 1(il)-dong,2013.11,Guro-gu,7879.0,1572.0,1467.0,1865.0,2345.0,514.0,81.0,23,9,1,2
Guro 3(sam)-dong,2013.11,Guro-gu,14151.0,7716.0,2284.0,1893.0,1657.0,453.0,115.0,24,6,1,2
Guro 4(sa)-dong,2013.11,Guro-gu,11777.0,4845.0,2607.0,2041.0,1757.0,417.0,78.0,25,4,3,-
Guro 5(o)-dong,2013.11,Guro-gu,13690.0,5391.0,2679.0,2417.0,2410.0,592.0,149.0,40,7,3,2
Gocheok 1(il)-dong,2013.11,Guro-gu,9518.0,2643.0,1913.0,1917.0,2341.0,525.0,135.0,33,8,2,1
Gocheok 2(i)-dong,2013.11,Guro-gu,11901.0,3509.0,2322.0,2451.0,2787.0,649.0,146.0,30,7,-,-
Gaebong 2(i)-dong,2013.11,Guro-gu,12586.0,2828.0,2708.0,2979.0,3043.0,772.0,195.0,46,7,6,2
Gaebong 3(sam)-dong,2013.11,Guro-gu,8471.0,2297.0,1814.0,1878.0,1849.0,507.0,98.0,21,6,1,-
Oryu 1(il)-dong,2013.11,Guro-gu,8789.0,3177.0,1827.0,1680.0,1551.0,418.0,97.0,28,8,1,2
Oryu 2(i)-dong,2013.11,Guro-gu,14719.0,3521.0,3129.0,3186.0,3537.0,1028.0,244.0,51,16,3,4
Sugung-dong,2013.11,Guro-gu,9779.0,2583.0,2113.0,2177.0,2161.0,568.0,144.0,26,6,1,-
Garibong-dong,2013.11,Guro-gu,7203.0,4347.0,1212.0,792.0,644.0,158.0,36.0,12,1,-,1
Guro 2(i)-dong,2013.11,Guro-gu,14648.0,6542.0,3024.0,2311.0,2052.0,541.0,135.0,28,9,3,3
Gaebong 1(il)-dong,2013.11,Guro-gu,13293.0,4246.0,2787.0,2586.0,2788.0,696.0,145.0,30,9,4,2
Gasan-dong,2013.11,Geumcheon-gu,11042.0,7013.0,1504.0,1151.0,1043.0,250.0,61.0,20,-,-,-
Doksan 1(il)-dong,2013.11,Geumcheon-gu,14462.0,6535.0,2618.0,2284.0,2217.0,616.0,144.0,28,11,3,6
Doksan 2(i)-dong,2013.11,Geumcheon-gu,9759.0,3790.0,1962.0,1780.0,1721.0,414.0,69.0,19,4,-,-
Doksan 3(sam)-dong,2013.11,Geumcheon-gu,12682.0,5538.0,2467.0,2103.0,2007.0,438.0,105.0,16,5,2,1
Doksan 4(sa)-dong,2013.11,Geumcheon-gu,8254.0,3368.0,1580.0,1471.0,1404.0,336.0,69.0,19,3,3,1
Siheung 1(il)-dong,2013.11,Geumcheon-gu,15252.0,5565.0,3152.0,2817.0,2870.0,657.0,150.0,30,8,1,2
Siheung 2(i)-dong,2013.11,Geumcheon-gu,8743.0,1851.0,1806.0,1982.0,2301.0,593.0,150.0,47,7,3,3
Siheung 3(sam)-dong,2013.11,Geumcheon-gu,5042.0,1510.0,1087.0,1055.0,1054.0,253.0,72.0,8,1,1,1
Siheung 4(sa)-dong,2013.11,Geumcheon-gu,9366.0,2987.0,1902.0,1872.0,1958.0,507.0,113.0,21,5,1,-
Siheung 5(o)-dong,2013.11,Geumcheon-gu,9662.0,3475.0,2014.0,1808.0,1744.0,472.0,124.0,17,7,-,1
Yeouido-dong,2013.11,Yeongdeungpo-gu,12462.0,3051.0,2635.0,2834.0,3060.0,676.0,157.0,35,8,5,1
Dangsan 1(il)-dong,2013.11,Yeongdeungpo-gu,9307.0,4085.0,1754.0,1562.0,1426.0,345.0,94.0,27,10,3,1
Dangsan2(i)-dong,2013.11,Yeongdeungpo-gu,15013.0,6140.0,2601.0,2600.0,2823.0,661.0,145.0,27,13,3,-
Yangpyeong 1(il)-dong,2013.11,Yeongdeungpo-gu,7354.0,2746.0,1539.0,1478.0,1204.0,294.0,70.0,19,3,1,-
Yangpyeong 2(i)-dong,2013.11,Yeongdeungpo-gu,8760.0,3006.0,1546.0,1656.0,1996.0,411.0,115.0,19,9,1,1
Singil 1(il)-dong,2013.11,Yeongdeungpo-gu,10006.0,4932.0,1922.0,1450.0,1285.0,317.0,77.0,18,3,1,1
Singil 3(sam)-dong,2013.11,Yeongdeungpo-gu,6924.0,2625.0,1351.0,1264.0,1285.0,321.0,58.0,14,3,2,1
Singil 4(sa)-dong,2013.11,Yeongdeungpo-gu,5426.0,2188.0,1116.0,925.0,883.0,255.0,42.0,15,1,1,-
Singil 5(o)-dong,2013.11,Yeongdeungpo-gu,6889.0,2795.0,1394.0,1175.0,1127.0,300.0,71.0,18,5,1,3
Singil 6(yuk)-dong,2013.11,Yeongdeungpo-gu,9472.0,3465.0,1908.0,1739.0,1807.0,424.0,103.0,18,4,2,2
Singil 7(chil)-dong,2013.11,Yeongdeungpo-gu,5941.0,2055.0,995.0,983.0,1457.0,375.0,52.0,19,3,2,-
Daerim 1(il)-dong,2013.11,Yeongdeungpo-gu,7301.0,3073.0,1491.0,1198.0,1181.0,261.0,72.0,18,3,1,3
Daerim 2(i)-dong,2013.11,Yeongdeungpo-gu,7782.0,3466.0,1691.0,1195.0,1067.0,268.0,63.0,24,7,1,-
Daerim 3(sam)-dong,2013.11,Yeongdeungpo-gu,11555.0,4127.0,2357.0,2156.0,2185.0,541.0,154.0,26,4,5,-
Yeongdeungpobon-dong,2013.11,Yeongdeungpo-gu,10841.0,4517.0,1954.0,1850.0,1981.0,423.0,93.0,19,2,1,1
Yeongdeungpo-dong,2013.11,Yeongdeungpo-gu,11498.0,7827.0,1428.0,989.0,925.0,238.0,67.0,16,5,1,2
Dorim-dong,2013.11,Yeongdeungpo-gu,8888.0,4237.0,1773.0,1351.0,1163.0,269.0,72.0,20,2,1,-
Mullae-dong,2013.11,Yeongdeungpo-gu,12540.0,3749.0,2423.0,2636.0,2897.0,648.0,148.0,26,6,4,3
Noryangjin 2(i)-dong,2013.11,Dongjak-gu,7350.0,3573.0,1484.0,1011.0,967.0,238.0,58.0,12,5,1,1
Sangdo 1(il)-dong,2013.11,Dongjak-gu,20219.0,8425.0,3713.0,3573.0,3462.0,805.0,184.0,43,8,4,2
Sangdo 2(i)-dong,2013.11,Dongjak-gu,11104.0,4378.0,2190.0,1936.0,1967.0,498.0,104.0,22,6,2,1
Sangdo 3(sam)-dong,2013.11,Dongjak-gu,10271.0,3676.0,2114.0,1951.0,1842.0,489.0,143.0,38,12,2,4
Sangdo 4(sa)-dong,2013.11,Dongjak-gu,11988.0,3904.0,2631.0,2357.0,2344.0,594.0,120.0,25,9,2,2
Sadang 1(il)-dong,2013.11,Dongjak-gu,11279.0,5271.0,2406.0,1742.0,1410.0,339.0,83.0,22,5,-,1
Sadang 3(sam)-dong,2013.11,Dongjak-gu,10441.0,3358.0,2151.0,2104.0,2144.0,523.0,124.0,29,5,3,-
Sadang 4(sa)-dong,2013.11,Dongjak-gu,6329.0,2244.0,1372.0,1249.0,1141.0,265.0,45.0,8,4,1,-
Sadang 5(o)-dong,2013.11,Dongjak-gu,6289.0,2204.0,1273.0,1221.0,1206.0,303.0,67.0,10,2,1,2
Daebang-dong,2013.11,Dongjak-gu,15767.0,5166.0,2927.0,2837.0,3753.0,844.0,182.0,40,11,3,4
Sindaebang 1(il)-dong,2013.11,Dongjak-gu,10058.0,3278.0,1789.0,1908.0,2325.0,592.0,118.0,38,8,1,1
Sindaebang 2(i)-dong,2013.11,Dongjak-gu,8463.0,2917.0,1568.0,1587.0,1770.0,482.0,102.0,27,6,2,2
Heukseok-dong,2013.11,Dongjak-gu,16161.0,6394.0,3240.0,2808.0,2815.0,685.0,169.0,36,9,3,2
Noryangjin 1(il)-dong,2013.11,Dongjak-gu,14426.0,5473.0,2886.0,2586.0,2606.0,666.0,157.0,39,7,5,1
Sadang 2(i)-dong,2013.11,Dongjak-gu,12687.0,4119.0,2796.0,2657.0,2359.0,569.0,142.0,30,12,2,1
Boramae-dong,2013.11,Gwanak-gu,11499.0,4649.0,2366.0,2034.0,1858.0,471.0,90.0,22,3,2,4
Cheongnim-dong,2013.11,Gwanak-gu,6548.0,1848.0,1498.0,1493.0,1351.0,271.0,62.0,21,3,-,1
Haengun-dong,2013.11,Gwanak-gu,15412.0,8506.0,2665.0,1956.0,1705.0,447.0,99.0,22,8,2,2
Nagseongdae-dong,2013.11,Gwanak-gu,10077.0,6265.0,1582.0,1009.0,919.0,216.0,66.0,11,4,3,2
Jungang-dong,2013.11,Gwanak-gu,7647.0,4098.0,1451.0,980.0,816.0,231.0,50.0,15,3,3,-
Inheon-dong,2013.11,Gwanak-gu,13227.0,6197.0,2473.0,2008.0,1928.0,466.0,107.0,38,10,-,-
Namhyeon-dong,2013.11,Gwanak-gu,8351.0,3771.0,1603.0,1362.0,1230.0,296.0,64.0,13,8,-,4
Sewon-dong,2013.11,Gwanak-gu,12412.0,6791.0,2287.0,1635.0,1294.0,311.0,67.0,24,1,1,1
Sinwon-dong,2013.11,Gwanak-gu,9277.0,4298.0,2009.0,1414.0,1180.0,282.0,64.0,23,4,2,1
Serim-dong,2013.11,Gwanak-gu,13244.0,7848.0,2024.0,1547.0,1323.0,379.0,86.0,31,5,1,-
Sinsa-dong,2013.11,Gwanak-gu,12314.0,6316.0,2198.0,1740.0,1591.0,364.0,78.0,22,3,1,1
Sillim-dong,2013.11,Gwanak-gu,13392.0,10092.0,1720.0,815.0,562.0,164.0,33.0,4,2,-,-
Nanhyang-dong,2013.11,Gwanak-gu,6614.0,1813.0,1351.0,1404.0,1529.0,388.0,100.0,25,3,1,-
Jowon-dong,2013.11,Gwanak-gu,9387.0,5062.0,1648.0,1228.0,1105.0,273.0,51.0,10,5,4,1
Daehak-dong,2013.11,Gwanak-gu,14239.0,9856.0,1682.0,1218.0,1138.0,272.0,59.0,12,-,2,-
Euncheon-dong,2013.11,Gwanak-gu,15000.0,5260.0,3091.0,2949.0,2855.0,658.0,142.0,32,10,2,1
Seonghyeon-dong,2013.11,Gwanak-gu,12869.0,3224.0,2881.0,2726.0,3069.0,751.0,168.0,40,7,1,2
Cheongnyong-dong,2013.11,Gwanak-gu,18210.0,10973.0,2868.0,1919.0,1831.0,488.0,105.0,18,3,2,3
Nangok-dong,2013.11,Gwanak-gu,12798.0,4541.0,2719.0,2473.0,2283.0,589.0,134.0,40,13,4,2
Samseong-dong,2013.11,Gwanak-gu,12012.0,4237.0,2562.0,2224.0,2184.0,619.0,140.0,31,7,8,-
Miseong-dong,2013.11,Gwanak-gu,13756.0,4809.0,2702.0,2553.0,2796.0,724.0,137.0,23,9,3,-
Seocho 1(il)-dong,2013.11,Seocho-gu,9093.0,3654.0,1581.0,1601.0,1682.0,420.0,114.0,27,10,3,1
Seocho 2(i)-dong,2013.11,Seocho-gu,9084.0,2869.0,1639.0,1896.0,2105.0,457.0,81.0,26,6,3,2
Seocho 3(sam)-dong,2013.11,Seocho-gu,12191.0,4295.0,2176.0,2259.0,2584.0,648.0,178.0,27,18,3,3
Seocho 4(sa)-dong,2013.11,Seocho-gu,10394.0,2251.0,1676.0,2368.0,3307.0,632.0,107.0,45,5,2,1
Jamwon-dong,2013.11,Seocho-gu,13914.0,4754.0,2552.0,2758.0,3126.0,568.0,118.0,27,9,2,-
Banpobon-dong,2013.11,Seocho-gu,4423.0,726.0,796.0,979.0,1538.0,307.0,56.0,17,1,2,1
Banpo 1(il)-dong,2013.11,Seocho-gu,14963.0,6668.0,2257.0,2410.0,2853.0,608.0,128.0,27,9,3,-
Banpo 2(i)-dong,2013.11,Seocho-gu,6520.0,1045.0,1078.0,1535.0,2192.0,534.0,97.0,27,6,5,1
Banpo 3(sam)-dong,2013.11,Seocho-gu,8341.0,1611.0,1493.0,2018.0,2589.0,496.0,98.0,25,8,2,1
Banpo 4(sa)-dong,2013.11,Seocho-gu,7387.0,1822.0,1401.0,1715.0,1884.0,442.0,86.0,23,10,4,-
Bangbaebon-dong,2013.11,Seocho-gu,8090.0,2226.0,1429.0,1635.0,2123.0,520.0,114.0,30,12,-,1
Bangbae 1(il)-dong,2013.11,Seocho-gu,7063.0,2410.0,1466.0,1330.0,1399.0,325.0,94.0,30,6,2,1
Bangbae 2(i)-dong,2013.11,Seocho-gu,10804.0,3503.0,2291.0,2060.0,2245.0,553.0,110.0,24,11,4,3
Bangbae 3(sam)-dong,2013.11,Seocho-gu,9548.0,2612.0,1833.0,2039.0,2380.0,544.0,105.0,26,6,2,1
Bangbae 4(sa)-dong,2013.11,Seocho-gu,10019.0,3183.0,1927.0,1894.0,2250.0,594.0,114.0,40,9,5,3
Yangjae 1(il)-dong,2013.11,Seocho-gu,15290.0,4376.0,2968.0,3010.0,3332.0,1210.0,282.0,81,20,7,4
Yangjae 2(i)-dong,2013.11,Seocho-gu,10391.0,4681.0,1908.0,1652.0,1612.0,405.0,98.0,24,5,6,-
Naegok-dong,2013.11,Seocho-gu,2470.0,953.0,569.0,399.0,352.0,142.0,39.0,13,2,-,1
Sinsa-dong,2013.11,Gangnam-gu,8443.0,3368.0,1648.0,1435.0,1521.0,352.0,84.0,22,4,6,3
Nonhyeon 1(il)-dong,2013.11,Gangnam-gu,14609.0,8984.0,2449.0,1539.0,1134.0,369.0,98.0,20,8,4,4
Nonhyeon 2(i)-dong,2013.11,Gangnam-gu,10715.0,5217.0,2009.0,1616.0,1394.0,334.0,93.0,37,8,4,3
Samseong 1(il)-dong,2013.11,Gangnam-gu,5894.0,1763.0,1074.0,1181.0,1440.0,325.0,77.0,21,10,2,1
Samseong 2(i)-dong,2013.11,Gangnam-gu,13852.0,5712.0,2250.0,2455.0,2680.0,609.0,108.0,31,6,-,1
Daechi 1(il)-dong,2013.11,Gangnam-gu,5995.0,600.0,737.0,1299.0,2604.0,621.0,104.0,17,10,2,1
Daechi 4(sa)-dong,2013.11,Gangnam-gu,10506.0,5331.0,1606.0,1390.0,1697.0,377.0,87.0,11,3,4,-
Yeoksam 1(il)-dong,2013.11,Gangnam-gu,20764.0,13345.0,3377.0,1963.0,1483.0,434.0,116.0,36,9,-,1
Yeoksam 2(i)-dong,2013.11,Gangnam-gu,14166.0,5570.0,2130.0,2576.0,3064.0,605.0,147.0,44,12,7,11
Dogok 1(il)-dong,2013.11,Gangnam-gu,8521.0,2443.0,1506.0,1702.0,2273.0,488.0,85.0,16,6,-,2
Dogok 2(i)-dong,2013.11,Gangnam-gu,12217.0,2416.0,2233.0,2859.0,3794.0,735.0,140.0,34,2,4,-
Gaepo 1(il)-dong,2013.11,Gangnam-gu,8853.0,2591.0,1815.0,1834.0,2065.0,442.0,80.0,17,8,1,-
Gaepo 4(sa)-dong,2013.11,Gangnam-gu,9682.0,3602.0,1764.0,1750.0,1910.0,530.0,91.0,21,8,2,4
Irwonbon-dong,2013.11,Gangnam-gu,7596.0,1404.0,1169.0,1757.0,2641.0,508.0,95.0,17,3,-,2
Irwon 1(il)-dong,2013.11,Gangnam-gu,7618.0,2670.0,1638.0,1407.0,1421.0,374.0,89.0,15,2,2,-
Irwon 2(i)-dong,2013.11,Gangnam-gu,7257.0,1989.0,1560.0,1543.0,1775.0,303.0,71.0,13,3,-,-
Suseo-dong,2013.11,Gangnam-gu,7445.0,2679.0,2203.0,1365.0,926.0,209.0,48.0,10,1,2,2
Segok-dong,2013.11,Gangnam-gu,6086.0,1318.0,1251.0,1241.0,1439.0,612.0,175.0,38,11,1,-
Apgujeong -dong,2013.11,Gangnam-gu,11039.0,3061.0,2250.0,2509.0,2495.0,534.0,130.0,38,12,7,3
Cheongdam -dong,2013.11,Gangnam-gu,12584.0,4468.0,2305.0,2425.0,2570.0,602.0,159.0,38,10,6,1
Daechi 2(i)-dong,2013.11,Gangnam-gu,13811.0,2530.0,1925.0,2935.0,5176.0,1034.0,173.0,27,9,2,-
Gaepo 2(i)-dong,2013.11,Gangnam-gu,12788.0,3637.0,2195.0,2610.0,3407.0,798.0,104.0,26,6,2,3
Pungnap 1(il)-dong,2013.11,Songpa-gu,7761.0,2771.0,1604.0,1509.0,1435.0,343.0,81.0,14,2,2,-
Pungnap 2(i)-dong,2013.11,Songpa-gu,10877.0,3364.0,1965.0,2276.0,2510.0,586.0,134.0,30,10,2,-
Geoyeo 1(il)-dong,2013.11,Songpa-gu,5877.0,1739.0,1042.0,1119.0,1475.0,389.0,93.0,15,4,1,-
Geoyeo 2(i)-dong,2013.11,Songpa-gu,10918.0,3414.0,2264.0,2189.0,2322.0,578.0,117.0,26,4,-,4
Macheon 1(il)-dong,2013.11,Songpa-gu,9391.0,3112.0,1864.0,1851.0,1804.0,605.0,124.0,21,6,3,1
Macheon 2(i)-dong,2013.11,Songpa-gu,8661.0,2730.0,1766.0,1751.0,1760.0,498.0,123.0,26,4,1,2
Bangi 1(il)-dong,2013.11,Songpa-gu,6116.0,1716.0,1013.0,1212.0,1685.0,378.0,89.0,17,5,-,1
Bangi 2(i)-dong,2013.11,Songpa-gu,11666.0,5110.0,2191.0,1988.0,1831.0,419.0,84.0,32,9,2,-
Oryun-dong,2013.11,Songpa-gu,6106.0,617.0,862.0,1411.0,2537.0,551.0,96.0,21,5,3,3
Ogeum-dong,2013.11,Songpa-gu,14161.0,3910.0,2556.0,2919.0,3732.0,853.0,147.0,33,9,1,1
Songpa 1(il)-dong,2013.11,Songpa-gu,11974.0,4913.0,2289.0,2087.0,2049.0,510.0,95.0,22,4,3,2
Songpa 2(i)-dong,2013.11,Songpa-gu,7700.0,1574.0,1262.0,1734.0,2402.0,597.0,99.0,22,7,2,1
Seokchon-dong,2013.11,Songpa-gu,15843.0,6706.0,3103.0,2728.0,2497.0,638.0,134.0,26,7,3,1
Samjeon-dong,2013.11,Songpa-gu,15929.0,6981.0,3106.0,2633.0,2499.0,576.0,106.0,21,3,3,1
Garakbon-dong,2013.11,Songpa-gu,11529.0,3866.0,1991.0,2255.0,2678.0,594.0,115.0,23,5,1,1
Garak 1(il)-dong,2013.11,Songpa-gu,845.0,406.0,134.0,129.0,133.0,34.0,6.0,2,-,1,-
Garak 2(i)-dong,2013.11,Songpa-gu,12434.0,2819.0,2042.0,2629.0,3960.0,806.0,134.0,29,10,3,2
Munjeong 1(il)-dong,2013.11,Songpa-gu,8436.0,2406.0,1518.0,1768.0,2110.0,518.0,96.0,18,1,1,-
Munjeong 2(i)-dong,2013.11,Songpa-gu,7063.0,2361.0,1284.0,1275.0,1658.0,374.0,80.0,22,7,2,-
Jangji-dong,2013.11,Songpa-gu,13617.0,3488.0,2549.0,2985.0,3428.0,932.0,181.0,37,11,3,3
Jamsilbon-dong,2013.11,Songpa-gu,14282.0,6702.0,2596.0,2213.0,2095.0,540.0,101.0,24,8,1,2
Jamsil 4(sa)-dong,2013.11,Songpa-gu,10879.0,2074.0,2093.0,2852.0,3095.0,621.0,109.0,27,5,2,1
Jamsil 6(yuk)-dong,2013.11,Songpa-gu,6009.0,1037.0,1119.0,1468.0,1822.0,426.0,106.0,21,8,-,2
Jamsil 7(chil)-dong,2013.11,Songpa-gu,3487.0,514.0,675.0,835.0,1144.0,257.0,46.0,15,-,1,-
Jamsil 2(i)-dong,2013.11,Songpa-gu,12509.0,2434.0,1850.0,2957.0,4410.0,719.0,115.0,16,4,3,1
Jamsil 3(sam)-dong,2013.11,Songpa-gu,12637.0,2214.0,2300.0,3144.0,4049.0,764.0,134.0,21,10,-,1
Gangil-dong,2013.11,Gangdong-gu,10898.0,1632.0,1950.0,2343.0,3437.0,1237.0,240.0,47,10,2,-
Sangil-dong,2013.11,Gangdong-gu,9614.0,2064.0,1800.0,2247.0,2781.0,586.0,100.0,24,8,2,2
Myeongil 1(il)-dong,2013.11,Gangdong-gu,10016.0,2369.0,1721.0,2200.0,2923.0,648.0,119.0,24,9,1,2
Myeongil 2(i)-dong,2013.11,Gangdong-gu,6020.0,977.0,866.0,1317.0,2228.0,509.0,96.0,19,5,3,-
Godeok 1(il)-dong,2013.11,Gangdong-gu,5714.0,1206.0,866.0,1267.0,1777.0,456.0,108.0,26,5,-,3
Godeok 2(i)-dong,2013.11,Gangdong-gu,6904.0,2070.0,1395.0,1492.0,1520.0,347.0,67.0,8,4,-,1
Amsa 2(i)-dong,2013.11,Gangdong-gu,6286.0,1816.0,1207.0,1369.0,1498.0,312.0,68.0,13,3,-,-
Amsa 3(sam)-dong,2013.11,Gangdong-gu,6180.0,922.0,1048.0,1540.0,2037.0,502.0,98.0,21,8,3,1
Cheonho 1(il)-dong,2013.11,Gangdong-gu,13008.0,4824.0,2621.0,2525.0,2277.0,573.0,149.0,20,8,8,3
Cheonho 3(sam)-dong,2013.11,Gangdong-gu,12231.0,5536.0,2485.0,2049.0,1588.0,423.0,118.0,19,10,2,1
Seongnae 1(il)-dong,2013.11,Gangdong-gu,7379.0,2011.0,1448.0,1637.0,1761.0,427.0,73.0,13,7,1,1
Seongnae 2(i)-dong,2013.11,Gangdong-gu,11978.0,5144.0,2470.0,2009.0,1787.0,417.0,116.0,20,12,1,2
Seongnae 3(sam)-dong,2013.11,Gangdong-gu,10492.0,3697.0,2106.0,2053.0,2017.0,499.0,100.0,12,6,1,1
Dunchon 1(il)-dong,2013.11,Gangdong-gu,6430.0,990.0,993.0,1529.0,2403.0,421.0,76.0,14,4,-,-
Dunchon 2(i)-dong,2013.11,Gangdong-gu,10732.0,2785.0,1911.0,2354.0,2846.0,656.0,142.0,27,7,1,3
Amsa 1(il)-dong,2013.11,Gangdong-gu,15874.0,5646.0,3028.0,3144.0,3086.0,762.0,156.0,35,9,4,4
Cheonho 2(i)-dong,2013.11,Gangdong-gu,17061.0,7477.0,3317.0,2850.0,2637.0,593.0,141.0,33,12,1,-
Gil-dong,2013.11,Gangdong-gu,20185.0,6509.0,3858.0,4151.0,4259.0,1067.0,266.0,55,16,3,1
