Dong,사업_사업체분포다수업종상위10_Gu_Gu_Gu,사업_사업체분포다수업종상위10_다수업종 상위10_택시운송업_사업체수,사업_사업체분포다수업종상위10_다수업종 상위10_택시운송업_종사자수,사업_사업체분포다수업종상위10_다수업종 상위10_한식음식점업_사업체수,사업_사업체분포다수업종상위10_다수업종 상위10_한식음식점업_종사자수,사업_사업체분포다수업종상위10_다수업종 상위10_용달 및 개별화물 자동차운송업_사업체수,사업_사업체분포다수업종상위10_다수업종 상위10_용달 및 개별화물 자동차운송업_종사자수,사업_사업체분포다수업종상위10_다수업종 상위10_부동산자문 및 중개업_사업체수,사업_사업체분포다수업종상위10_다수업종 상위10_부동산자문 및 중개업_종사자수,사업_사업체분포다수업종상위10_다수업종 상위10_기타주점업_사업체수,사업_사업체분포다수업종상위10_다수업종 상위10_기타주점업_종사자수,사업_사업체분포다수업종상위10_다수업종 상위10_두발미용업_사업체수,사업_사업체분포다수업종상위10_다수업종 상위10_두발미용업_종사자수,사업_사업체분포다수업종상위10_다수업종 상위10_셔츠 및 기타 의복 소매점_사업체수,사업_사업체분포다수업종상위10_다수업종 상위10_셔츠 및 기타 의복 소매점_종사자수,사업_사업체분포다수업종상위10_다수업종 상위10_셔츠 및 외의 도매업_사업체수,사업_사업체분포다수업종상위10_다수업종 상위10_셔츠 및 외의 도매업_종사자수,사업_사업체분포다수업종상위10_다수업종 상위10_비알콜 음료점업_사업체수,사업_사업체분포다수업종상위10_다수업종 상위10_비알콜 음료점업_종사자수,사업_사업체분포다수업종상위10_다수업종 상위10_기타음·식료품 위주 종합소매업_사업체수,사업_사업체분포다수업종상위10_다수업종 상위10_기타음·식료품 위주 종합소매업_종사자수
Sajik-dong,Jongno-gu,8,8,346,1447,11,11.0,55.0,119.0,91,209,27,46,27,67,3,4,132,445,36,-
Samcheong-dong,Jongno-gu,4,4,61,296,9,9.0,5.0,11.0,X,2,-,-,16,28,X,8,79,257,14,-
Buam-dong,Jongno-gu,16,16,29,114,17,17.0,13.0,16.0,13,35,7,12,6,7,-,-,32,77,13,-
Pyeongchang-dong,Jongno-gu,16,16,57,259,24,29.0,32.0,40.0,21,28,17,22,4,4,X,3,17,48,11,-
Muak-dong,Jongno-gu,10,10,19,47,294,297.0,13.0,15.0,6,11,9,10,-,-,-,-,6,8,7,-
Gyonam-dong,Jongno-gu,13,13,25,80,15,15.0,9.0,11.0,6,19,7,8,6,10,-,-,8,23,9,-
Gahoe-dong,Jongno-gu,10,10,74,303,8,10.0,15.0,18.0,12,31,8,9,X,1,5,13,42,125,14,-
Jongno 1·2·3·4(ilisamsa)-ga-dong,Jongno-gu,X,1,930,3840,19,30.0,109.0,265.0,288,1033,32,85,102,192,246,310,322,1182,172,-
Jongno 5·6(oryuk)-ga-dong,Jongno-gu,6,6,290,889,24,55.0,68.0,102.0,47,93,19,30,43,85,83,261,72,170,66,-
Ihwa-dong,Jongno-gu,9,9,108,448,20,20.0,9.0,16.0,33,153,8,17,12,17,6,33,73,381,14,-
Changsin 1(il)-dong,Jongno-gu,12,12,116,312,13,13.0,33.0,44.0,26,47,12,22,48,83,42,64,13,29,39,-
Changsin 2(i)-dong,Jongno-gu,8,8,59,149,24,24.0,19.0,23.0,19,36,23,25,7,13,X,3,5,7,24,-
Changsin 3(sam)-dong,Jongno-gu,38,38,15,34,26,26.0,13.0,18.0,-,-,10,15,-,-,-,-,5,8,6,-
Sungin 1(il)-dong,Jongno-gu,8,8,28,88,24,25.0,13.0,21.0,5,15,10,18,X,4,11,62,4,7,12,-
Sungin 2(i)-dong,Jongno-gu,13,13,113,278,34,34.0,28.0,42.0,24,47,14,25,15,25,11,39,19,57,32,-
Cheongunhyoja-dong,Jongno-gu,29,29,48,112,23,31.0,28.0,39.0,6,7,16,21,10,13,X,1,33,77,18,-
Hyehwa-dong,Jongno-gu,32,32,180,650,28,28.0,38.0,63.0,102,333,31,90,20,37,-,-,109,430,18,-
Sogong-dong,Jung-gu,X,1,282,1436,X,2.0,29.0,144.0,41,146,17,70,60,288,7,132,125,562,43,91
Hoehyeon-dong,Jung-gu,7,14,249,1136,3,4.0,25.0,64.0,31,79,18,59,474,762,1652,3026,106,372,111,204
Myeong-dong,Jung-gu,-,-,451,2635,6,7.0,86.0,357.0,69,285,65,389,213,1068,23,548,228,1063,70,145
Pil-dong,Jung-gu,3,3,186,726,7,11.0,28.0,63.0,59,144,17,34,X,2,4,12,61,185,27,42
Jangchung-dong,Jung-gu,9,9,75,260,10,13.0,14.0,30.0,19,42,7,13,7,29,14,483,13,47,11,29
Gwanghui-dong ,Jung-gu,5,5,319,1060,31,64.0,57.0,78.0,61,146,26,69,1385,3014,881,1424,84,251,117,188
Euljiro-dong,Jung-gu,-,-,264,872,10,22.0,47.0,62.0,48,109,9,12,41,84,407,581,67,146,85,118
Sindang 5(o)-dong,Jung-gu,10,10,99,251,32,32.0,27.0,32.0,47,73,19,24,27,43,42,113,11,19,18,42
Hwanghak-dong,Jung-gu,16,16,155,317,49,49.0,42.0,59.0,9,12,19,37,32,49,23,82,15,42,37,54
Jungnim-dong,Jung-gu,16,16,93,266,31,40.0,28.0,86.0,25,47,16,39,X,2,X,228,16,48,18,31
Sindang-dong,Jung-gu,4,4,156,500,19,19.0,90.0,121.0,36,83,20,28,39,57,8359,15091,24,59,90,158
Dasan-dong,Jung-gu,41,41,73,200,44,44.0,29.0,36.0,31,63,19,28,7,7,39,204,11,37,23,35
Yaksu-dong,Jung-gu,52,52,61,223,38,38.0,37.0,48.0,26,69,31,58,15,21,12,47,7,20,15,59
Cheonggu-dong,Jung-gu,49,49,37,105,45,47.0,22.0,24.0,12,17,13,18,5,13,15,77,5,11,13,17
Donghwa-dong,Jung-gu,28,28,38,76,46,46.0,32.0,41.0,10,12,20,24,6,14,47,155,8,18,10,15
Huam-dong,Yongsan-gu,50,50,59,192,29,29.0,46.0,59.0,16,24,24,34,10,14,X,3,15,28,26,57
Yongsan 2-ga-dong,Yongsan-gu,44,44,27,57,32,32.0,28.0,42.0,14,27,23,27,X,3,X,2,15,90,18,39
Namyeong-dong,Yongsan-gu,8,8,183,643,7,7.0,29.0,62.0,56,155,12,19,40,153,X,4,40,174,26,44
Wonhyoro 2(i)-dong,Yongsan-gu,35,35,48,139,47,60.0,28.0,35.0,14,23,17,21,8,11,X,1,9,17,21,35
Hyochang-dong,Yongsan-gu,42,42,23,59,36,36.0,17.0,24.0,6,7,7,8,X,2,X,2,11,21,11,19
Yongmun-dong,Yongsan-gu,32,32,43,97,40,40.0,25.0,30.0,23,34,20,29,5,9,X,47,9,18,11,24
Ichon 1(il)-dong,Yongsan-gu,14,14,53,169,10,10.0,49.0,86.0,16,46,30,135,25,36,-,-,22,101,16,39
Ichon 2(i)-dong,Yongsan-gu,40,40,7,17,46,92.0,23.0,36.0,X,2,8,8,X,1,X,6,X,3,8,14
Itaewon 1(il)-dong,Yongsan-gu,11,11,84,374,12,12.0,24.0,35.0,54,257,16,29,256,338,-,-,40,207,17,32
Itaewon 2(i)-dong,Yongsan-gu,45,45,34,119,24,24.0,42.0,67.0,32,82,23,30,6,8,-,-,24,58,8,12
Seobinggo-dong,Yongsan-gu,22,137,21,87,26,26.0,19.0,24.0,X,1,9,19,4,4,X,6,5,16,12,22
Bogwang-dong,Yongsan-gu,49,49,69,183,45,54.0,36.0,54.0,33,75,44,75,14,17,-,-,7,15,17,31
Cheongpa-dong,Yongsan-gu,44,44,143,411,60,66.0,60.0,77.0,49,95,45,128,25,38,X,3,60,186,40,70
Wonhyoro 1(il)-dong,Yongsan-gu,18,18,136,392,38,57.0,59.0,84.0,27,49,15,21,6,8,-,-,26,48,20,35
Hangangno-dong,Yongsan-gu,17,17,259,995,21,60.0,147.0,244.0,34,71,25,73,111,321,4,9,79,306,58,144
Hannam-dong,Yongsan-gu,43,43,137,615,50,55.0,84.0,154.0,41,139,30,59,23,78,4,27,62,252,36,75
Wangsimni 2(i)-dong,Seongdong-gu,39,39,31,60,63,67.0,37.0,44.0,15,25,22,35,4,9,X,1,4,6,14,27
Majang-dong,Seongdong-gu,402,637,146,403,105,109.0,33.0,43.0,29,47,28,32,3,3,5,21,21,40,49,73
Sageun-dong,Seongdong-gu,30,30,106,390,41,42.0,27.0,35.0,67,214,24,54,7,10,-,-,46,184,19,32
Haengdang 1(il)-dong,Seongdong-gu,41,41,107,367,75,76.0,33.0,47.0,24,50,32,75,49,143,3,21,32,158,29,69
Haengdang 2(i)-dong,Seongdong-gu,45,45,19,81,46,47.0,29.0,53.0,5,13,19,47,4,5,-,-,10,30,5,7
Eungbong-dong,Seongdong-gu,46,46,10,26,64,73.0,14.0,22.0,7,18,13,15,5,5,-,-,3,6,12,20
Geumho 1(il)-ga-dong,Seongdong-gu,63,63,34,81,48,48.0,22.0,34.0,12,24,20,29,X,3,X,1,5,10,6,17
Geumho 4(sa)-ga-dong,Seongdong-gu,33,234,43,98,32,32.0,33.0,48.0,27,43,20,28,9,14,X,4,7,21,12,31
Seongsu 1(il)-ga1(il)-dong,Seongdong-gu,58,62,60,133,67,68.0,40.0,53.0,12,15,24,28,6,8,X,40,9,32,20,39
Seongsu 1(il)-ga2(i)-dong,Seongdong-gu,77,556,122,356,107,139.0,43.0,63.0,24,46,23,31,X,3,6,92,24,57,24,56
Seongsu 2(i)-ga1(il)-dong,Seongdong-gu,79,79,149,364,95,103.0,44.0,62.0,51,75,30,53,20,36,7,282,19,51,39,72
Seongsu 2(i)-ga 3(sam)-dong,Seongdong-gu,31,574,211,655,292,313.0,51.0,77.0,41,81,12,21,6,17,31,460,34,110,55,77
Songjeong-dong,Seongdong-gu,43,43,34,72,65,65.0,14.0,18.0,10,18,19,19,6,6,X,1,X,3,16,29
Yongdap-dong,Seongdong-gu,56,242,127,340,67,69.0,32.0,54.0,41,77,31,49,16,37,17,80,17,37,40,68
WangsimniDoseon-dong,Seongdong-gu,26,26,150,444,35,35.0,46.0,76.0,50,98,25,57,9,41,12,58,17,56,21,42
Geumho 2.3(i.sam)-ga-dong,Seongdong-gu,69,69,90,193,71,71.0,45.0,70.0,35,51,44,56,16,25,-,-,12,27,16,31
Oksu-dong,Seongdong-gu,35,35,38,116,40,52.0,44.0,58.0,11,26,26,58,8,10,-,-,19,84,13,61
Hwayang-dong,Gwangjin-gu,46,46,294,1121,41,46.0,72.0,122.0,251,805,78,307,30,63,7,75,83,364,32,60
Gunja-dong,Gwangjin-gu,62,187,126,336,61,64.0,43.0,66.0,66,137,40,60,17,27,5,37,30,110,20,36
Junggok 1(il)-dong,Gwangjin-gu,88,235,118,274,73,76.0,48.0,76.0,76,118,36,39,19,25,6,17,17,39,23,43
Junggok 2(i)-dong,Gwangjin-gu,89,89,103,299,93,110.0,67.0,87.0,50,86,51,61,18,32,10,56,20,32,27,60
Junggok 3(sam)-dong,Gwangjin-gu,97,314,85,210,80,87.0,39.0,52.0,40,64,48,64,17,21,6,31,16,37,28,53
Junggok 4(sa)-dong,Gwangjin-gu,151,198,86,176,146,147.0,39.0,48.0,36,60,47,64,35,57,5,46,20,48,34,53
Neung-dong,Gwangjin-gu,26,26,55,289,30,32.0,21.0,37.0,29,105,13,16,4,34,11,112,11,40,12,32
Guui 1(il)-dong,Gwangjin-gu,47,47,167,459,69,209.0,68.0,107.0,82,177,46,59,25,35,X,1,28,63,25,68
Guui 2(i)-dong,Gwangjin-gu,117,335,90,234,119,120.0,37.0,91.0,31,52,38,45,21,38,X,4,17,47,21,53
Guui 3(sam)-dong,Gwangjin-gu,56,56,142,519,60,66.0,71.0,135.0,55,124,46,133,61,145,5,10,33,133,41,104
Gwangjang-dong,Gwangjin-gu,39,39,70,260,27,29.0,55.0,75.0,24,63,31,85,24,40,11,78,31,108,20,55
Jayang 1(il)-dong,Gwangjin-gu,76,76,127,292,78,101.0,57.0,89.0,26,47,55,68,32,39,7,48,17,42,24,42
Jayang 2(i)-dong,Gwangjin-gu,103,103,82,203,126,142.0,53.0,78.0,43,68,48,65,9,15,3,7,18,41,29,49
Jayang 3(sam)-dong,Gwangjin-gu,120,120,74,290,106,126.0,61.0,79.0,21,49,39,84,30,116,X,1,29,131,16,33
Jayang 4(sa)-dong,Gwangjin-gu,78,527,158,411,111,123.0,55.0,81.0,65,109,62,146,51,85,4,7,23,62,33,59
Hoegi-dong,Dongdaemun-gu,20,20,126,421,27,27.0,23.0,41.0,73,204,25,89,37,61,-,-,47,160,19,84
Hwigyeong 1(il)-dong,Dongdaemun-gu,52,52,89,254,47,47.0,19.0,31.0,32,70,27,35,9,20,4,141,16,63,26,54
Hwigyeong 2(i)-dong,Dongdaemun-gu,108,108,33,83,375,375.0,31.0,45.0,8,17,26,34,5,9,X,170,12,20,20,37
Cheongnyangni-dong,Dongdaemun-gu,77,77,156,408,85,88.0,38.0,45.0,49,96,39,48,28,51,4,16,23,38,40,76
Yongsin-dong,Dongdaemun-gu,58,58,364,902,109,162.0,108.0,187.0,79,112,53,78,97,162,60,266,52,110,99,150
Jegi-dong,Dongdaemun-gu,58,58,270,598,93,102.0,68.0,87.0,117,159,38,52,10,17,7,33,34,58,94,161
Jeonnong 1(il)-dong,Dongdaemun-gu,102,102,166,491,136,159.0,65.0,92.0,49,94,64,113,90,221,7,17,37,154,52,106
Jeonnong 2(i)-dong,Dongdaemun-gu,93,93,31,81,90,90.0,19.0,19.0,13,33,33,51,5,6,4,20,17,60,15,22
Dapsimni 1(il)-dong,Dongdaemun-gu,327,327,117,335,80,80.0,61.0,74.0,37,61,21,26,14,19,12,41,17,61,33,75
Dapsimni 2(i)-dong,Dongdaemun-gu,169,169,92,211,141,141.0,43.0,52.0,25,44,36,43,15,23,6,65,6,10,30,66
Jangan 1(il)-dong,Dongdaemun-gu,201,644,278,741,176,182.0,85.0,123.0,67,145,72,115,38,79,85,528,39,115,55,90
Jangan 2(i)-dong,Dongdaemun-gu,236,517,231,710,188,196.0,66.0,71.0,75,155,83,123,109,254,41,143,29,88,49,86
Imun 1(il)-dong,Dongdaemun-gu,86,86,126,340,81,81.0,54.0,67.0,81,195,56,90,15,21,X,4,48,163,35,63
Imun 2(i)-dong,Dongdaemun-gu,95,236,38,81,84,84.0,34.0,49.0,23,46,20,27,5,7,X,1,7,15,14,34
Myeonmok 2(i)-dong,Jungnang-gu,152,437,116,229,178,184.0,48.0,63.0,43,66,55,58,23,41,4,23,12,23,44,84
Myeonmok 4(sa)-dong,Jungnang-gu,105,105,61,116,123,133.0,36.0,47.0,25,46,36,44,8,12,3,10,5,12,28,66
Myeonmok 5(o)-dong,Jungnang-gu,70,503,49,98,90,119.0,16.0,25.0,23,33,26,28,8,15,X,5,4,13,27,62
Myeonmok 7(chil)-dong,Jungnang-gu,138,290,107,278,125,128.0,55.0,73.0,50,89,41,63,32,51,6,39,10,26,26,52
Sangbong 1(il)-dong,Jungnang-gu,162,1044,34,87,104,104.0,29.0,56.0,19,41,30,61,43,176,4,10,17,70,30,53
Sangbong 2(i)-dong,Jungnang-gu,72,306,268,655,61,69.0,53.0,83.0,101,194,38,63,43,81,6,28,29,103,35,58
Junghwa 1(il)-dong,Jungnang-gu,138,138,43,93,106,119.0,37.0,53.0,13,23,43,56,15,19,X,6,6,7,32,51
Junghwa 2(i)-dong,Jungnang-gu,144,279,195,500,183,208.0,45.0,69.0,105,181,59,80,31,42,10,41,19,47,49,98
Muk 1(il)-dong,Jungnang-gu,200,200,95,317,168,171.0,52.0,69.0,42,81,42,59,17,25,X,30,17,66,26,52
Muk 2(i)-dong,Jungnang-gu,131,131,114,260,397,397.0,39.0,59.0,50,108,45,61,15,22,3,6,11,15,31,56
Mangu 3(sam)-dong,Jungnang-gu,113,368,62,147,117,120.0,25.0,33.0,28,36,37,42,9,11,X,1,4,6,27,50
Sinnae 1(il)-dong,Jungnang-gu,303,924,111,388,167,190.0,37.0,50.0,34,65,44,63,18,33,X,5,11,37,20,41
Sinnae 2(i)-dong,Jungnang-gu,227,227,34,113,107,110.0,28.0,38.0,17,30,25,43,41,59,X,3,9,32,11,25
Myeonmokbon-dong,Jungnang-gu,142,310,176,427,175,196.0,87.0,129.0,86,177,76,100,36,68,3,17,19,42,58,107
Myeonmok 3.8(sam.pal)-dong,Jungnang-gu,1134,1253,169,399,146,153.0,56.0,80.0,100,192,63,89,55,104,X,4,22,70,41,88
Mangubon-dong,Jungnang-gu,233,747,225,466,202,242.0,54.0,70.0,84,124,67,100,53,88,4,9,29,69,59,99
Donam 1(il)-dong,Seongbuk_gu,48,48,7,41,44,44.0,17.0,17.0,5,9,13,14,4,4,-,-,3,6,8,17
Donam 2(i)-dong,Seongbuk_gu,52,52,10,17,24,24.0,21.0,25.0,X,1,12,14,3,3,-,-,3,3,X,2
Anam-dong,Seongbuk_gu,39,39,127,501,38,54.0,38.0,51.0,87,280,39,76,9,18,12,81,74,281,28,57
Bomun-dong,Seongbuk_gu,185,185,78,169,61,61.0,37.0,45.0,28,38,28,36,10,99,16,111,5,6,22,48
Jeongneung 1(il)-dong,Seongbuk_gu,127,127,50,116,42,42.0,29.0,42.0,19,37,25,27,3,3,-,-,8,10,16,33
Jeongneung 2(i)-dong,Seongbuk_gu,127,304,51,155,101,105.0,36.0,40.0,19,30,28,36,14,15,-,-,11,25,20,46
Jeongneung 3(sam)-dong,Seongbuk_gu,93,93,66,146,37,43.0,12.0,17.0,23,39,22,33,7,9,-,-,10,35,23,50
Jeongneung 4(sa)-dong,Seongbuk_gu,132,397,60,160,81,83.0,32.0,52.0,23,44,31,53,13,23,X,5,10,25,25,62
Gireum 1(il)-dong,Seongbuk_gu,113,113,56,153,68,68.0,52.0,77.0,69,136,40,94,37,42,X,1,20,65,15,34
Gireum 2(i)-dong,Seongbuk_gu,38,38,61,290,47,47.0,39.0,56.0,25,42,33,66,76,197,3,19,14,46,25,37
Wolgok 1(il)-dong,Seongbuk_gu,33,33,77,187,3,9.0,39.0,58.0,34,57,37,46,14,32,3,65,15,42,25,44
Wolgok 2(i)-dong,Seongbuk_gu,164,164,118,289,195,207.0,41.0,50.0,44,80,48,74,28,62,3,3,29,75,23,41
Jangwi 1(il)-dong,Seongbuk_gu,104,104,59,109,119,119.0,32.0,39.0,37,60,49,57,20,31,X,2,4,5,38,70
Jangwi 2(i)-dong,Seongbuk_gu,124,274,107,254,90,90.0,42.0,55.0,69,98,40,52,19,25,6,25,9,13,35,67
Jangwi 3(sam)-dong,Seongbuk_gu,96,797,92,205,84,86.0,26.0,31.0,39,55,28,33,14,21,3,9,X,3,27,45
Seongbuk-dong,Seongbuk_gu,58,58,84,362,24,24.0,46.0,67.0,10,23,21,38,21,30,X,30,31,102,20,36
Samseon-dong,Seongbuk_gu,77,77,169,399,73,73.0,55.0,69.0,60,100,51,70,25,43,7,29,37,98,28,52
Dongseon-dong,Seongbuk_gu,48,48,162,581,46,47.0,66.0,102.0,99,308,68,269,62,139,5,17,71,286,24,69
Jongam-dong,Seongbuk_gu,135,135,125,346,141,146.0,63.0,88.0,42,80,63,100,37,48,3,7,23,61,36,75
Seokgwan-dong,Seongbuk_gu,208,208,168,412,191,326.0,73.0,88.0,95,151,68,85,19,25,7,40,17,33,43,74
Beon 1(il)-dong,Gangbuk-gu,92,264,150,421,66,67.0,60.0,81.0,88,150,51,119,24,43,X,31,24,80,29,80
Beon 2(i)-dong,Gangbuk-gu,128,128,26,60,100,107.0,12.0,16.0,9,13,21,23,X,2,X,3,3,5,19,38
Beon 3(sam)-dong,Gangbuk-gu,316,483,25,61,70,70.0,13.0,18.0,12,21,24,35,X,3,X,1,8,36,14,34
Suyu 1(il)-dong,Gangbuk-gu,113,320,133,274,98,98.0,37.0,55.0,48,69,39,46,46,77,3,11,15,22,26,42
Suyu 2(i)-dong,Gangbuk-gu,118,118,92,244,83,83.0,38.0,48.0,51,82,50,61,16,20,X,11,6,10,24,52
Suyu 3(sam)-dong,Gangbuk-gu,86,86,279,789,61,66.0,74.0,90.0,184,463,64,103,50,106,X,6,39,131,38,57
Samyang-dong,Gangbuk-gu,103,295,63,119,130,130.0,44.0,62.0,39,59,49,58,17,25,-,-,8,16,37,65
Mia-dong,Gangbuk-gu,93,93,154,374,431,432.0,71.0,103.0,79,132,63,112,40,75,X,3,24,71,31,53
Songjung-dong,Gangbuk-gu,148,148,175,644,119,122.0,62.0,84.0,113,315,58,106,41,99,-,-,29,101,38,65
Songcheon-dong,Gangbuk-gu,123,125,174,439,111,115.0,80.0,98.0,134,180,82,116,19,28,-,-,23,43,43,80
Samgaksan-dong,Gangbuk-gu,96,96,45,109,78,78.0,36.0,52.0,21,39,22,40,7,11,-,-,10,24,8,22
Ui-dong,Gangbuk-gu,102,285,185,490,65,65.0,23.0,25.0,61,108,22,27,39,67,X,3,27,66,25,38
Insu-dong,Gangbuk-gu,221,484,91,189,152,155.0,48.0,57.0,38,55,56,61,22,30,X,1,22,61,45,86
Ssangmun 1(il)-dong,Dobong-gu,200,511,28,77,80,90.0,20.0,29.0,18,24,28,36,9,12,-,-,22,49,27,70
Ssangmun 2(i)-dong,Dobong-gu,130,549,77,181,92,93.0,30.0,43.0,29,48,44,65,37,55,3,3,15,27,17,40
Ssangmun 3(sam)-dong,Dobong-gu,83,83,50,140,60,73.0,36.0,54.0,26,52,30,38,18,25,-,-,12,37,24,38
Ssangmun 4(sa)-dong,Dobong-gu,131,131,11,29,49,54.0,17.0,28.0,6,22,23,44,22,39,-,-,4,8,16,47
Banghak 1(il)-dong,Dobong-gu,207,1331,203,515,97,97.0,80.0,114.0,123,176,66,109,29,54,X,4,24,72,37,65
Banghak 2(i)-dong,Dobong-gu,179,179,73,134,103,107.0,30.0,37.0,41,57,51,53,15,23,X,1,5,8,21,37
Banghak 3(sam)-dong,Dobong-gu,255,622,44,146,106,111.0,20.0,32.0,9,16,16,26,3,4,3,5,7,19,13,33
Chang 1(il)-dong,Dobong-gu,187,187,62,185,101,104.0,50.0,95.0,25,55,34,67,10,18,X,6,12,41,19,48
Chang 2(i)-dong,Dobong-gu,165,523,67,147,126,129.0,43.0,78.0,23,49,52,99,22,38,X,2,11,20,19,38
Chang 3(sam)-dong,Dobong-gu,147,147,79,161,93,93.0,30.0,39.0,37,59,30,41,15,26,-,-,5,7,18,35
Chang 4(sa)-dong,Dobong-gu,137,651,67,236,51,51.0,34.0,53.0,38,93,21,30,6,11,-,-,15,45,17,45
Chang 5(o)-dong,Dobong-gu,833,988,93,375,85,85.0,47.0,66.0,32,66,41,77,25,39,-,-,21,85,15,31
Dobong 1(il)-dong,Dobong-gu,147,475,202,462,114,119.0,49.0,74.0,55,83,42,58,16,26,-,-,14,36,39,77
Dobong 2(i)-dong,Dobong-gu,240,883,95,207,106,108.0,39.0,53.0,40,56,36,50,13,31,X,4,13,20,19,47
Wolgye 1(il)-dong,Nowon-gu,169,607,130,323,124,127.0,38.0,47.0,41,111,36,61,9,15,-,-,31,102,29,55
Wolgye 2(i)-dong,Nowon-gu,305,451,37,85,145,145.0,20.0,33.0,17,38,29,38,5,8,X,1,8,20,18,35
Wolgye 3(sam)-dong,Nowon-gu,242,242,28,94,177,177.0,35.0,42.0,6,14,22,41,15,41,X,2,9,21,10,21
Gongneung 2(i)-dong,Nowon-gu,325,484,116,321,184,189.0,62.0,79.0,30,75,52,81,4,5,X,6,45,124,25,61
Hagye 1(il)-dong,Nowon-gu,102,232,65,233,61,65.0,22.0,31.0,19,40,22,38,6,12,X,2,13,46,18,48
Hagye 2(i)-dong,Nowon-gu,101,101,11,23,48,48.0,15.0,16.0,3,6,15,21,-,-,-,-,-,-,6,11
Junggyebon-dong,Nowon-gu,138,262,55,157,70,70.0,37.0,61.0,25,67,31,50,17,20,X,2,23,74,15,29
Junggye 1(il)-dong,Nowon-gu,123,123,27,89,63,63.0,37.0,62.0,10,26,33,81,11,13,-,-,10,47,7,18
Junggye 4(sa)-dong,Nowon-gu,119,119,100,340,76,81.0,21.0,36.0,34,79,24,55,13,18,-,-,15,32,12,23
Sanggye 1(il)-dong,Nowon-gu,1211,1752,163,604,152,161.0,59.0,81.0,60,137,55,100,17,27,X,7,29,78,22,51
Sanggye 2(i)-dong,Nowon-gu,101,262,215,889,87,106.0,55.0,93.0,131,336,71,221,100,281,X,2,45,194,22,52
Sanggye 5(o)-dong,Nowon-gu,98,98,78,171,105,114.0,52.0,70.0,31,61,51,74,25,31,X,3,15,35,32,67
Sanggye 8(pal)-dong,Nowon-gu,131,131,18,46,50,50.0,16.0,25.0,6,12,18,31,12,21,-,-,5,13,7,16
Sanggye 9(gu)-dong,Nowon-gu,197,197,19,49,88,88.0,23.0,31.0,9,18,19,29,13,15,-,-,-,-,5,8
Sanggye 10(sip)-dong,Nowon-gu,122,122,6,22,45,45.0,15.0,24.0,5,14,14,31,8,14,-,-,5,22,9,30
Sanggye 3.4(sam.sa)-dong,Nowon-gu,180,294,134,240,184,202.0,51.0,72.0,47,64,50,56,17,26,-,-,16,20,54,84
Sanggye 6.7(yuk.chil)-dong,Nowon-gu,180,180,106,345,85,86.0,63.0,85.0,44,107,43,96,18,46,-,-,20,80,23,50
Junggye 2.3(i.sam)-dong,Nowon-gu,200,200,52,300,133,133.0,23.0,40.0,12,26,31,66,73,130,X,6,19,74,22,50
Gongneung 1(il)-dong,Nowon-gu,330,1146,199,548,182,182.0,62.0,75.0,62,123,70,83,27,45,8,18,42,100,38,79
Nokbeon-dong,Eunpyeong-gu,112,112,132,428,88,93.0,64.0,83.0,46,111,46,64,12,17,3,16,17,35,37,72
Bulgwang 1(il)-dong,Eunpyeong-gu,149,149,119,330,105,105.0,82.0,124.0,45,72,67,101,29,90,3,5,24,54,34,79
Galhyeon 1(il)-dong,Eunpyeong-gu,121,121,142,392,50,58.0,47.0,62.0,105,305,51,74,29,55,X,1,16,38,30,55
Galhyeon 2(i)-dong,Eunpyeong-gu,96,96,128,403,110,111.0,46.0,67.0,67,145,54,74,44,61,X,3,35,124,29,60
Gusan-dong,Eunpyeong-gu,227,387,34,71,142,145.0,39.0,53.0,16,21,53,62,9,31,X,1,13,25,29,64
Daejo-dong,Eunpyeong-gu,109,109,202,675,102,113.0,103.0,157.0,70,119,76,171,146,347,-,-,42,134,43,87
Eungam 1(il)-dong,Eunpyeong-gu,34,34,121,373,221,221.0,56.0,71.0,37,75,51,100,39,101,X,6,17,60,28,42
Eungam 2(i)-dong,Eunpyeong-gu,191,191,35,91,142,148.0,42.0,53.0,21,30,37,46,11,16,-,-,3,5,23,48
Sinsa 1(il)-dong,Eunpyeong-gu,511,784,65,185,140,157.0,49.0,66.0,27,53,51,68,17,32,X,1,11,26,14,24
Sinsa 2(i)-dong,Eunpyeong-gu,529,813,25,55,83,91.0,29.0,37.0,10,12,34,45,7,8,-,-,3,4,21,36
Jeungsan-dong,Eunpyeong-gu,150,813,76,168,100,107.0,36.0,46.0,34,51,37,43,16,31,X,4,9,30,23,46
Susaek-dong,Eunpyeong-gu,76,174,65,165,82,86.0,21.0,28.0,41,54,32,39,13,17,X,4,7,24,26,44
Jingwan-dong,Eunpyeong-gu,105,284,65,236,86,86.0,59.0,81.0,7,12,40,74,13,25,-,-,23,44,23,49
Bulgwang 2(i)-dong,Eunpyeong-gu,141,141,114,256,79,81.0,52.0,70.0,41,57,55,70,29,40,-,-,10,17,35,98
Eungam 3(sam)-dong,Eunpyeong-gu,188,188,172,391,142,158.0,49.0,64.0,109,204,65,86,39,71,X,3,10,20,36,63
Yeokchon-dong,Eunpyeong-gu,238,238,149,365,189,216.0,109.0,147.0,83,150,96,151,39,52,X,7,26,53,34,66
Cheonyeon-dong,Seodaemun-gu,44,44,62,160,37,39.0,37.0,49.0,23,38,24,26,12,17,-,-,14,25,13,28
Hongje 1(il)-dong,Seodaemun-gu,89,89,73,199,88,112.0,36.0,46.0,32,53,38,77,12,33,-,-,16,34,23,49
Hongje 3(sam)-dong,Seodaemun-gu,90,90,89,189,80,90.0,29.0,37.0,34,46,31,42,22,29,X,3,11,30,22,38
Hongje 2(i)-dong,Seodaemun-gu,43,43,36,90,25,25.0,24.0,28.0,19,28,25,30,6,14,-,-,X,4,7,12
Hongeun 1(il)-dong,Seodaemun-gu,99,99,60,112,90,92.0,29.0,35.0,25,34,35,36,19,23,-,-,6,13,19,32
Hongeun 2(i)-dong,Seodaemun-gu,136,295,81,210,98,98.0,29.0,37.0,30,64,29,35,9,19,-,-,23,53,27,45
Namgajwa 1(il)-dong,Seodaemun-gu,10,10,70,125,13,13.0,10.0,11.0,41,52,8,8,29,34,-,-,X,8,18,28
Namgajwa 2(i)-dong,Seodaemun-gu,147,147,107,272,83,83.0,55.0,70.0,54,92,66,92,14,19,3,4,27,74,31,60
Bukgajwa 1(il)-dong,Seodaemun-gu,109,537,11,30,69,73.0,21.0,29.0,3,4,15,20,3,3,X,1,4,16,10,33
Bukgajwa 2(i)-dong,Seodaemun-gu,862,1171,91,232,129,136.0,72.0,97.0,51,87,64,75,11,18,-,-,15,38,29,67
Chunghyeon-dong,Seodaemun-gu,40,40,176,527,46,59.0,36.0,54.0,48,110,27,34,3,6,X,2,54,164,31,52
Bugahyeon-dong,Seodaemun-gu,31,31,42,94,40,44.0,32.0,33.0,10,15,10,13,5,6,-,-,6,14,23,36
Sinchon-dong,Seodaemun-gu,21,21,380,1507,18,18.0,80.0,137.0,299,822,127,656,166,351,X,4,228,1072,43,82
Yeonhui-dong,Seodaemun-gu,133,377,112,359,129,130.0,65.0,97.0,38,80,55,74,19,24,3,11,59,167,35,63
Yonggang-dong,Mapo-gu,14,123,175,798,14,14.0,71.0,115.0,49,116,28,42,5,69,8,576,31,99,17,51
Daeheung-dong,Mapo-gu,48,48,143,398,57,57.0,66.0,106.0,55,95,29,45,4,19,-,-,41,116,32,51
Yeomni-dong,Mapo-gu,41,41,41,118,46,46.0,24.0,36.0,18,26,32,34,7,12,-,-,12,40,24,42
Sinsu-dong,Mapo-gu,355,355,72,178,57,57.0,44.0,50.0,18,31,28,30,X,3,-,-,13,24,22,46
Seogyo-dong,Mapo-gu,33,33,605,2492,58,58.0,149.0,300.0,503,1801,175,741,305,876,25,108,457,1729,54,144
Hapjeong-dong,Mapo-gu,48,48,116,356,86,91.0,52.0,88.0,61,103,36,65,11,32,7,83,75,248,16,33
Mangwon 1(il)-dong,Mapo-gu,93,93,104,246,104,111.0,48.0,66.0,38,61,49,59,17,22,X,7,16,27,17,28
Mangwon 2(i)-dong,Mapo-gu,80,80,88,206,94,95.0,41.0,56.0,30,48,44,48,24,27,-,-,20,26,18,29
Yeonnam-dong,Mapo-gu,56,56,72,241,46,51.0,36.0,103.0,40,80,27,37,12,24,4,13,39,82,17,36
Seongsan 1(il)-dong,Mapo-gu,78,254,68,214,75,75.0,44.0,76.0,20,34,22,28,11,37,6,42,24,54,21,52
Seongsan 2(i)-dong,Mapo-gu,143,341,79,211,121,123.0,52.0,74.0,21,40,38,63,57,102,X,2,17,55,28,53
Sangam-dong,Mapo-gu,87,836,207,722,77,113.0,49.0,68.0,24,68,24,41,10,15,3,219,69,224,25,63
Dohwa-dong,Mapo-gu,47,47,127,504,37,46.0,56.0,110.0,59,142,35,75,16,21,4,31,33,102,17,30
Seogang-dong,Mapo-gu,51,51,92,305,45,45.0,63.0,77.0,47,97,30,53,12,21,5,56,75,202,16,42
gongdeok-dong,Mapo-gu,104,104,186,596,94,96.0,111.0,164.0,74,141,67,89,8,9,10,69,40,89,46,84
Ahyeon-dong,Mapo-gu,45,45,95,319,48,48.0,75.0,132.0,47,71,32,76,12,16,3,18,24,76,28,48
Mok 1(il)-dong,Yangcheon-gu,38,38,191,1011,35,42.0,68.0,115.0,54,188,50,218,117,250,3,14,67,362,16,42
Mok 2(i)-dong,Yangcheon-gu,90,90,69,184,88,88.0,66.0,90.0,27,57,42,70,18,20,-,-,16,38,26,61
Mok 3(sam)-dong,Yangcheon-gu,63,63,77,196,72,83.0,49.0,71.0,49,97,58,94,31,50,X,5,12,34,22,39
Mok 4(sa)-dong,Yangcheon-gu,88,88,86,221,70,74.0,55.0,67.0,44,72,58,80,18,21,-,-,22,37,22,64
Sinwol 1(il)-dong,Yangcheon-gu,161,305,120,287,138,148.0,47.0,65.0,65,107,61,70,32,39,X,2,5,8,34,70
Sinwol 2(i)-dong,Yangcheon-gu,163,445,46,147,128,141.0,32.0,44.0,19,34,22,35,5,6,X,2,5,7,18,38
Sinwol 3(sam)-dong,Yangcheon-gu,107,737,54,124,143,158.0,13.0,16.0,16,24,29,34,14,17,X,6,8,8,29,50
Sinwol 4(sa)-dong,Yangcheon-gu,205,834,73,187,138,146.0,31.0,36.0,36,57,42,53,9,11,X,6,12,21,14,28
Sinwol 5(o)-dong,Yangcheon-gu,86,239,70,184,92,96.0,24.0,34.0,26,50,31,39,19,42,3,5,10,14,18,30
Sinwol 6(yuk)-dong,Yangcheon-gu,1004,1188,52,138,79,83.0,22.0,33.0,20,27,22,22,13,17,X,16,X,6,10,18
Sinwol 7(chil)-dong,Yangcheon-gu,218,976,83,174,188,192.0,31.0,42.0,20,29,38,54,12,17,X,1,8,17,26,41
Sinjeong 1(il)-dong,Yangcheon-gu,31,31,85,250,20,20.0,43.0,58.0,48,91,33,45,17,21,-,-,16,46,7,26
Sinjeong 2(i)-dong,Yangcheon-gu,45,45,57,245,59,67.0,45.0,65.0,19,37,43,61,16,22,-,-,12,48,6,9
Sinjeong 3(sam)-dong,Yangcheon-gu,280,280,68,202,216,221.0,61.0,75.0,36,76,58,78,27,35,-,-,15,33,46,129
Sinjeong 6(yuk)-dong,Yangcheon-gu,32,32,23,96,15,15.0,45.0,65.0,X,1,17,43,12,16,-,-,5,16,10,23
Sinjeong 7(chil)-dong,Yangcheon-gu,126,126,50,150,79,79.0,37.0,52.0,11,24,31,50,14,17,-,-,8,30,12,41
Mok 5(o)-dong,Yangcheon-gu,21,21,56,266,14,14.0,100.0,204.0,17,42,38,92,38,44,3,3,23,101,11,75
Sinjeong 4(sa)-dong,Yangcheon-gu,138,233,192,578,153,160.0,88.0,120.0,92,198,88,156,74,168,3,50,48,133,36,100
Yeomchang-dong,Gangseo-gu,154,719,115,408,116,144.0,68.0,91.0,35,77,48,77,12,13,5,152,34,103,12,25
Deungchon 1(il)-dong,Gangseo-gu,109,258,121,423,71,80.0,60.0,88.0,41,93,33,65,40,77,8,31,21,76,16,33
Deungchon 2(i)-dong,Gangseo-gu,87,302,35,83,52,54.0,26.0,39.0,22,36,18,27,5,6,-,-,10,25,9,18
Deungchon 3(sam)-dong,Gangseo-gu,208,407,120,572,125,128.0,50.0,94.0,39,86,43,97,53,116,11,320,41,165,27,59
Hwagokbon-dong,Gangseo-gu,141,141,100,284,128,128.0,51.0,86.0,49,96,42,65,19,32,-,-,10,25,30,61
Hwagok 2(i)-dong,Gangseo-gu,72,72,22,50,83,85.0,23.0,30.0,12,17,30,34,9,18,X,2,5,6,20,39
Hwagok 3(sam)-dong,Gangseo-gu,98,98,88,276,73,74.0,46.0,99.0,38,71,49,66,26,34,X,1,18,55,13,32
Hwagok 4(sa)-dong,Gangseo-gu,87,87,105,257,115,118.0,40.0,53.0,58,99,57,69,27,38,-,-,12,33,21,36
Hwagok 6(yuk)-dong,Gangseo-gu,74,660,191,642,74,81.0,48.0,76.0,130,347,41,105,21,26,4,36,23,134,25,54
Hwagok 8(pal)-dong,Gangseo-gu,107,107,75,169,99,99.0,70.0,78.0,34,58,50,69,28,39,-,-,12,29,20,32
Gayang 1(il)-dong,Gangseo-gu,146,537,79,322,69,69.0,35.0,58.0,20,41,20,37,4,6,X,1,11,51,14,23
Gayang 2(i)-dong,Gangseo-gu,52,52,31,60,66,66.0,18.0,34.0,9,14,17,32,33,59,X,6,4,24,6,10
Gayang 3(sam)-dong,Gangseo-gu,132,132,20,73,77,77.0,14.0,27.0,4,11,15,36,12,32,4,48,3,19,10,18
Balsan 1(il)-dong,Gangseo-gu,151,901,87,236,136,146.0,51.0,91.0,20,38,50,104,30,47,X,3,24,68,26,59
Gonghang-dong,Gangseo-gu,78,714,144,526,81,94.0,37.0,52.0,74,162,39,66,29,43,X,39,17,84,26,51
Banghwa 1(il)-dong,Gangseo-gu,190,190,139,374,163,186.0,63.0,87.0,53,84,71,92,28,39,X,5,22,42,22,41
Banghwa 2(i)-dong,Gangseo-gu,1271,1764,133,424,118,133.0,47.0,58.0,57,82,43,55,168,691,X,3,30,140,27,42
Banghwa 3(sam)-dong,Gangseo-gu,212,639,35,82,105,107.0,28.0,44.0,14,25,26,39,10,13,-,-,8,17,15,28
Hwagok 1(il)-dong,Gangseo-gu,227,227,226,645,203,222.0,116.0,183.0,143,261,83,127,44,69,X,2,28,78,48,88
Ujangsan-dong,Gangseo-gu,155,155,92,313,105,105.0,86.0,122.0,30,57,52,79,16,20,-,-,23,45,22,50
Sindorim-dong,Guro-gu,88,88,125,670,86,88.0,63.0,98.0,20,64,43,95,63,313,X,7,38,189,25,66
Guro 1(il)-dong,Guro-gu,101,101,16,54,60,64.0,26.0,46.0,18,34,18,44,4,15,X,1,7,22,6,17
Guro 3(sam)-dong,Guro-gu,63,63,283,1326,54,54.0,109.0,180.0,89,327,37,71,14,28,22,509,84,345,39,79
Guro 4(sa)-dong,Guro-gu,56,56,149,324,98,98.0,68.0,108.0,91,158,60,87,33,55,X,4,23,38,52,96
Guro 5(o)-dong,Guro-gu,1238,1495,236,674,110,133.0,86.0,128.0,63,133,44,94,237,455,5,8,47,184,32,68
Gocheok 1(il)-dong,Guro-gu,135,312,112,392,118,126.0,29.0,35.0,68,122,36,56,72,135,3,7,20,51,33,64
Gocheok 2(i)-dong,Guro-gu,-,-,83,207,X,1.0,42.0,52.0,34,53,53,69,24,30,3,5,15,38,22,51
Gaebong 2(i)-dong,Guro-gu,150,150,73,158,133,135.0,38.0,47.0,36,44,52,100,8,9,3,3,15,27,17,32
Gaebong 3(sam)-dong,Guro-gu,102,102,65,139,114,114.0,35.0,52.0,35,49,45,52,14,17,X,1,8,11,17,38
Oryu 1(il)-dong,Guro-gu,77,77,76,185,64,64.0,34.0,55.0,33,79,35,67,11,22,-,-,10,30,20,74
Oryu 2(i)-dong,Guro-gu,181,552,78,179,184,192.0,45.0,65.0,18,28,42,53,4,5,5,7,8,13,25,61
Sugung-dong,Guro-gu,160,566,71,144,124,126.0,30.0,48.0,18,29,30,34,X,4,X,6,8,15,20,46
Garibong-dong,Guro-gu,27,27,78,149,42,42.0,20.0,22.0,63,123,30,32,10,13,X,3,16,36,46,85
Guro 2(i)-dong,Guro-gu,139,139,271,642,144,149.0,94.0,114.0,92,130,68,92,24,49,25,71,45,74,93,148
Gaebong 1(il)-dong,Guro-gu,141,247,110,270,184,197.0,37.0,46.0,47,71,56,77,19,36,5,18,16,31,42,100
Gasan-dong,Geumcheon-gu,78,221,442,1764,216,324.0,152.0,299.0,91,239,35,105,376,1458,80,1030,138,532,80,150
Doksan 1(il)-dong,Geumcheon-gu,193,1522,191,544,143,154.0,51.0,65.0,63,96,43,68,38,74,9,36,24,80,52,80
Doksan 2(i)-dong,Geumcheon-gu,113,268,89,225,101,105.0,36.0,47.0,40,54,48,52,10,14,X,4,5,11,21,49
Doksan 3(sam)-dong,Geumcheon-gu,97,236,132,295,128,138.0,57.0,74.0,76,104,73,87,29,33,11,28,15,36,60,128
Doksan 4(sa)-dong,Geumcheon-gu,74,74,90,174,73,76.0,29.0,31.0,56,88,37,50,X,3,X,8,10,18,28,53
Siheung 1(il)-dong,Geumcheon-gu,147,318,255,859,147,156.0,70.0,88.0,122,229,84,138,85,149,7,16,38,96,52,96
Siheung 2(i)-dong,Geumcheon-gu,134,134,9,22,98,108.0,16.0,30.0,4,8,19,29,3,5,-,-,8,17,10,37
Siheung 3(sam)-dong,Geumcheon-gu,77,222,74,170,109,146.0,28.0,35.0,19,28,15,19,6,6,7,38,7,8,20,31
Siheung 4(sa)-dong,Geumcheon-gu,138,138,29,56,125,125.0,25.0,32.0,22,34,38,42,11,15,X,2,8,13,22,69
Siheung 5(o)-dong,Geumcheon-gu,102,102,77,167,126,126.0,32.0,46.0,31,49,49,57,18,27,X,1,11,18,35,65
Yeouido-dong,Yeongdeungpo-gu,10,10,650,3252,18,39.0,129.0,293.0,162,568,50,155,38,113,17,742,214,1085,90,167
Dangsan 1(il)-dong,Yeongdeungpo-gu,36,36,222,583,68,93.0,68.0,100.0,150,245,38,54,8,11,X,5,52,116,36,57
Dangsan2(i)-dong,Yeongdeungpo-gu,48,346,137,505,61,62.0,82.0,123.0,70,150,36,89,13,21,6,13,45,137,24,42
Yangpyeong 1(il)-dong,Yeongdeungpo-gu,52,291,128,311,1091,1127.0,39.0,74.0,30,46,19,24,5,5,5,45,23,37,20,27
Yangpyeong 2(i)-dong,Yeongdeungpo-gu,66,795,126,374,78,112.0,47.0,83.0,43,97,24,34,6,7,5,28,35,117,27,45
Singil 1(il)-dong,Yeongdeungpo-gu,47,47,91,227,68,70.0,36.0,51.0,49,83,48,60,30,37,X,1,10,18,38,69
Singil 3(sam)-dong,Yeongdeungpo-gu,61,61,53,138,80,88.0,29.0,33.0,36,61,35,44,37,50,-,-,6,10,19,33
Singil 4(sa)-dong,Yeongdeungpo-gu,37,37,41,64,49,50.0,24.0,25.0,28,49,28,30,3,3,-,-,-,-,25,43
Singil 5(o)-dong,Yeongdeungpo-gu,50,50,39,83,72,73.0,15.0,16.0,24,36,21,22,4,5,-,-,5,20,24,33
Singil 6(yuk)-dong,Yeongdeungpo-gu,94,94,82,227,76,79.0,60.0,71.0,34,64,38,54,11,14,X,4,14,36,35,55
Singil 7(chil)-dong,Yeongdeungpo-gu,29,29,39,112,36,36.0,14.0,22.0,17,29,15,16,X,3,-,-,10,18,11,26
Daerim 1(il)-dong,Yeongdeungpo-gu,40,40,81,171,49,49.0,33.0,43.0,48,83,44,52,17,20,X,4,9,12,23,40
Daerim 2(i)-dong,Yeongdeungpo-gu,37,37,90,226,53,53.0,48.0,67.0,64,99,51,57,17,24,3,5,18,31,44,73
Daerim 3(sam)-dong,Yeongdeungpo-gu,654,654,131,365,135,161.0,61.0,87.0,86,145,50,67,6,8,4,11,18,39,44,112
Yeongdeungpobon-dong,Yeongdeungpo-gu,68,68,90,267,89,89.0,35.0,56.0,29,48,29,59,65,196,-,-,20,97,36,68
Yeongdeungpo-dong,Yeongdeungpo-gu,19,19,451,1581,49,92.0,95.0,154.0,126,329,46,182,182,508,6,13,95,460,111,180
Dorim-dong,Yeongdeungpo-gu,43,184,55,146,81,97.0,40.0,56.0,34,72,29,43,X,2,X,2,5,9,28,50
Mullae-dong,Yeongdeungpo-gu,74,215,223,733,80,83.0,59.0,118.0,33,75,28,83,40,66,7,31,51,154,42,83
Noryangjin 2(i)-dong,Dongjak-gu,31,31,73,182,46,47.0,38.0,53.0,52,92,28,42,21,26,-,-,21,51,27,48
Sangdo 1(il)-dong,Dongjak-gu,109,109,117,334,95,95.0,71.0,106.0,58,107,53,94,21,39,4,14,55,128,26,64
Sangdo 2(i)-dong,Dongjak-gu,63,63,86,255,56,63.0,70.0,96.0,28,47,45,83,23,34,X,1,9,19,17,28
Sangdo 3(sam)-dong,Dongjak-gu,103,103,57,156,76,76.0,39.0,56.0,19,42,46,75,21,32,-,-,8,15,16,32
Sangdo 4(sa)-dong,Dongjak-gu,131,131,55,135,110,110.0,37.0,64.0,19,34,43,54,15,21,-,-,9,12,16,32
Sadang 1(il)-dong,Dongjak-gu,54,54,153,422,79,89.0,80.0,142.0,83,158,46,85,17,42,X,22,35,109,23,42
Sadang 3(sam)-dong,Dongjak-gu,83,83,54,155,68,84.0,45.0,63.0,21,38,32,36,7,9,X,2,15,34,13,22
Sadang 4(sa)-dong,Dongjak-gu,51,51,30,78,50,54.0,21.0,29.0,11,29,29,44,16,20,-,-,5,16,10,21
Sadang 5(o)-dong,Dongjak-gu,55,55,24,82,45,54.0,19.0,25.0,6,16,23,31,5,6,X,11,6,15,12,23
Daebang-dong,Dongjak-gu,110,239,87,283,71,82.0,54.0,95.0,41,99,37,73,16,26,-,-,23,91,24,45
Sindaebang 1(il)-dong,Dongjak-gu,46,46,62,193,48,58.0,43.0,54.0,25,38,39,50,25,32,4,15,13,27,21,38
Sindaebang 2(i)-dong,Dongjak-gu,45,45,122,365,45,48.0,41.0,65.0,30,60,35,52,14,30,3,184,34,105,18,35
Heukseok-dong,Dongjak-gu,80,80,148,455,72,79.0,73.0,113.0,77,206,52,123,28,36,X,2,50,162,42,79
Noryangjin 1(il)-dong,Dongjak-gu,88,88,166,637,67,67.0,69.0,97.0,53,162,48,92,29,47,-,-,79,229,50,109
Sadang 2(i)-dong,Dongjak-gu,64,64,129,443,60,61.0,62.0,89.0,91,290,59,141,17,35,-,-,25,118,19,29
Boramae-dong,Gwanak-gu,98,98,100,288,75,75.0,39.0,50.0,50,87,47,69,98,170,-,-,17,49,18,52
Cheongnim-dong,Gwanak-gu,47,47,15,30,34,34.0,21.0,27.0,15,22,20,27,5,5,-,-,3,7,10,15
Haengun-dong,Gwanak-gu,81,81,97,258,60,63.0,59.0,117.0,40,92,55,125,27,52,-,-,31,75,20,36
Nagseongdae-dong,Gwanak-gu,35,289,128,525,36,38.0,34.0,84.0,96,224,32,90,12,15,3,8,31,107,24,68
Jungang-dong,Gwanak-gu,488,488,94,254,42,42.0,43.0,56.0,35,55,33,51,16,19,X,10,13,30,17,33
Inheon-dong,Gwanak-gu,87,87,73,177,70,70.0,46.0,71.0,31,63,39,66,27,41,-,-,16,34,20,38
Namhyeon-dong,Gwanak-gu,47,47,86,343,36,44.0,30.0,49.0,45,199,20,39,14,21,3,10,15,78,7,21
Sewon-dong,Gwanak-gu,60,60,136,563,54,54.0,38.0,78.0,123,474,34,136,45,166,-,-,41,222,26,56
Sinwon-dong,Gwanak-gu,55,55,60,135,37,37.0,31.0,38.0,28,45,38,48,13,14,X,1,6,9,23,38
Serim-dong,Gwanak-gu,101,462,65,166,57,60.0,30.0,45.0,22,37,26,33,11,15,-,-,15,42,27,60
Sinsa-dong,Gwanak-gu,63,63,94,244,84,93.0,53.0,82.0,38,78,60,84,14,16,X,8,12,30,28,54
Sillim-dong,Gwanak-gu,30,30,194,665,27,32.0,95.0,159.0,116,273,42,111,56,85,-,-,33,109,28,66
Nanhyang-dong,Gwanak-gu,70,70,12,33,52,54.0,14.0,20.0,6,9,16,24,X,2,-,-,X,1,10,18
Jowon-dong,Gwanak-gu,51,51,153,485,349,376.0,50.0,69.0,71,171,50,89,27,40,X,2,18,64,39,80
Daehak-dong,Gwanak-gu,63,63,174,482,46,46.0,37.0,57.0,71,173,42,76,7,12,-,-,58,203,28,86
Euncheon-dong,Gwanak-gu,160,462,123,305,107,112.0,53.0,83.0,50,76,49,85,14,58,X,2,15,47,22,39
Seonghyeon-dong,Gwanak-gu,144,144,21,51,71,76.0,32.0,52.0,17,30,34,46,6,8,-,-,5,5,13,23
Cheongnyong-dong,Gwanak-gu,59,59,165,467,64,64.0,83.0,149.0,74,144,66,117,65,114,3,14,41,127,31,57
Nangok-dong,Gwanak-gu,138,138,35,74,115,115.0,25.0,27.0,19,30,44,47,12,14,-,-,7,11,33,52
Samseong-dong,Gwanak-gu,186,186,68,107,117,137.0,32.0,45.0,29,38,36,46,25,34,-,-,3,5,28,49
Miseong-dong,Gwanak-gu,168,168,79,200,156,165.0,40.0,47.0,30,49,54,61,38,53,3,27,14,30,29,50
Seocho 1(il)-dong,Seocho-gu,14,14,178,783,17,19.0,82.0,152.0,33,97,37,81,8,16,6,25,70,210,15,42
Seocho 2(i)-dong,Seocho-gu,13,89,219,1246,12,12.0,158.0,322.0,34,123,49,144,25,40,18,75,85,348,24,39
Seocho 3(sam)-dong,Seocho-gu,25,25,451,2141,28,159.0,191.0,519.0,96,335,46,114,24,45,30,591,141,450,34,68
Seocho 4(sa)-dong,Seocho-gu,4,4,181,1180,3,3.0,93.0,297.0,75,497,35,213,26,130,6,91,65,422,13,39
Jamwon-dong,Seocho-gu,6,6,173,688,15,15.0,105.0,197.0,69,163,33,86,7,9,6,66,41,135,17,34
Banpobon-dong,Seocho-gu,4,4,25,72,X,2.0,30.0,37.0,17,30,20,38,65,70,X,8,15,57,11,31
Banpo 1(il)-dong,Seocho-gu,10,10,113,370,15,15.0,80.0,184.0,45,98,49,117,11,36,5,17,32,121,25,52
Banpo 2(i)-dong,Seocho-gu,X,2,8,43,7,7.0,39.0,46.0,3,5,20,49,7,11,-,-,7,15,X,7
Banpo 3(sam)-dong,Seocho-gu,5,5,36,136,7,7.0,65.0,91.0,6,11,16,72,38,68,3,5,8,35,9,11
Banpo 4(sa)-dong,Seocho-gu,13,13,141,1044,7,7.0,37.0,82.0,39,154,34,161,305,670,5,26,80,392,33,72
Bangbaebon-dong,Seocho-gu,13,13,108,342,15,79.0,47.0,68.0,38,89,47,69,13,19,5,15,40,132,14,34
Bangbae 1(il)-dong,Seocho-gu,28,28,115,354,20,20.0,53.0,112.0,29,53,36,97,14,17,X,8,35,131,8,13
Bangbae 2(i)-dong,Seocho-gu,56,56,140,633,60,65.0,75.0,148.0,48,154,30,38,14,22,3,13,34,110,12,19
Bangbae 3(sam)-dong,Seocho-gu,29,261,36,137,35,36.0,49.0,65.0,7,13,23,27,4,7,7,337,15,32,16,27
Bangbae 4(sa)-dong,Seocho-gu,42,42,125,321,37,46.0,90.0,150.0,26,42,54,83,15,26,11,108,24,55,14,26
Yangjae 1(il)-dong,Seocho-gu,91,91,195,760,81,81.0,80.0,166.0,57,160,38,108,14,27,15,166,64,194,18,35
Yangjae 2(i)-dong,Seocho-gu,48,230,314,1056,78,121.0,103.0,282.0,57,118,38,57,49,116,27,87,64,197,34,55
Naegok-dong,Seocho-gu,23,183,32,185,27,27.0,9.0,11.0,X,2,X,1,-,-,-,-,4,8,11,23
Sinsa-dong,Gangnam-gu,7,7,220,1110,16,21.0,92.0,233.0,68,219,77,290,194,662,48,233,128,651,18,39
Nonhyeon 1(il)-dong,Gangnam-gu,21,21,323,1577,22,53.0,154.0,554.0,86,362,85,401,43,112,19,138,83,417,36,83
Nonhyeon 2(i)-dong,Gangnam-gu,19,19,368,1921,19,19.0,134.0,391.0,100,304,64,207,39,201,28,604,109,445,33,97
Samseong 1(il)-dong,Gangnam-gu,15,15,226,1420,31,45.0,85.0,375.0,47,194,33,139,43,131,24,687,88,430,23,60
Samseong 2(i)-dong,Gangnam-gu,22,22,171,801,21,174.0,140.0,380.0,21,67,59,143,14,23,12,251,62,210,21,43
Daechi 1(il)-dong,Gangnam-gu,4,4,52,254,5,5.0,60.0,94.0,7,11,30,172,16,26,X,3,21,91,6,12
Daechi 4(sa)-dong,Gangnam-gu,14,14,249,1104,23,27.0,144.0,694.0,66,209,71,222,23,58,14,450,84,329,17,40
Yeoksam 1(il)-dong,Gangnam-gu,28,28,911,4427,22,22.0,438.0,2011.0,211,760,147,651,141,603,66,1180,337,1436,70,152
Yeoksam 2(i)-dong,Gangnam-gu,42,42,179,819,25,25.0,130.0,323.0,26,61,32,80,21,58,15,322,76,250,23,51
Dogok 1(il)-dong,Gangnam-gu,12,12,79,419,32,45.0,68.0,126.0,17,58,32,94,21,44,10,229,33,104,13,38
Dogok 2(i)-dong,Gangnam-gu,19,172,109,494,7,11.0,76.0,157.0,31,90,22,72,9,18,11,106,34,190,10,22
Gaepo 1(il)-dong,Gangnam-gu,73,73,7,18,72,73.0,44.0,73.0,-,-,19,24,X,1,-,-,4,6,13,32
Gaepo 4(sa)-dong,Gangnam-gu,1067,1067,109,273,66,69.0,53.0,88.0,21,38,32,53,12,44,25,113,24,70,16,43
Irwonbon-dong,Gangnam-gu,81,81,15,97,44,44.0,30.0,54.0,3,4,18,24,3,3,-,-,11,95,11,25
Irwon 1(il)-dong,Gangnam-gu,22,22,89,293,29,29.0,20.0,30.0,30,63,22,42,9,13,-,-,13,42,15,34
Irwon 2(i)-dong,Gangnam-gu,73,84,27,65,24,24.0,23.0,28.0,4,7,12,20,7,7,-,-,7,15,X,7
Suseo-dong,Gangnam-gu,51,444,81,334,36,36.0,28.0,65.0,14,42,20,39,7,7,6,26,18,70,9,57
Segok-dong,Gangnam-gu,58,335,28,95,69,69.0,18.0,29.0,X,2,6,9,-,-,-,-,X,4,10,27
Apgujeong -dong,Gangnam-gu,3,3,206,1333,5,5.0,76.0,140.0,74,317,114,1059,152,554,31,398,93,433,27,80
Cheongdam -dong,Gangnam-gu,13,13,186,1152,20,21.0,100.0,245.0,50,201,103,1500,61,254,35,949,76,342,17,43
Daechi 2(i)-dong,Gangnam-gu,23,23,205,1070,30,33.0,126.0,475.0,46,156,57,133,90,200,20,2373,79,385,35,84
Gaepo 2(i)-dong,Gangnam-gu,72,72,52,151,49,57.0,66.0,113.0,20,39,34,52,4,6,X,2,12,30,17,32
Pungnap 1(il)-dong,Songpa-gu,61,203,69,116,71,71.0,29.0,30.0,23,28,31,36,11,11,X,3,8,15,15,19
Pungnap 2(i)-dong,Songpa-gu,116,355,65,204,66,84.0,44.0,56.0,21,36,30,45,15,24,4,13,15,44,14,32
Geoyeo 1(il)-dong,Songpa-gu,102,102,48,109,67,67.0,21.0,23.0,23,40,27,49,6,8,3,8,9,13,12,18
Geoyeo 2(i)-dong,Songpa-gu,162,162,72,189,108,114.0,47.0,64.0,35,50,45,53,7,9,-,-,17,31,16,31
Macheon 1(il)-dong,Songpa-gu,119,285,54,104,118,127.0,42.0,52.0,34,52,36,45,9,11,-,-,10,20,25,64
Macheon 2(i)-dong,Songpa-gu,142,363,101,217,134,134.0,34.0,50.0,29,46,37,51,46,67,X,44,10,22,25,41
Bangi 1(il)-dong,Songpa-gu,40,252,108,544,39,39.0,40.0,63.0,41,77,40,71,10,12,11,452,30,92,4,7
Bangi 2(i)-dong,Songpa-gu,87,274,268,1021,54,62.0,91.0,213.0,118,257,38,59,19,34,6,31,34,147,20,74
Oryun-dong,Songpa-gu,4,4,11,44,5,5.0,21.0,43.0,X,2,12,30,58,71,-,-,11,65,8,16
Ogeum-dong,Songpa-gu,939,939,120,477,134,148.0,61.0,94.0,47,105,51,82,15,53,7,97,46,129,26,70
Songpa 1(il)-dong,Songpa-gu,69,69,131,435,403,406.0,75.0,123.0,62,126,56,102,14,20,5,20,34,126,16,49
Songpa 2(i)-dong,Songpa-gu,46,46,32,71,47,47.0,40.0,56.0,9,19,29,50,10,17,X,4,24,53,14,37
Seokchon-dong,Songpa-gu,95,105,210,646,97,97.0,95.0,145.0,101,168,65,92,30,43,12,39,40,141,34,73
Samjeon-dong,Songpa-gu,89,378,114,387,101,101.0,83.0,147.0,57,117,71,142,12,13,5,25,26,77,18,54
Garakbon-dong,Songpa-gu,82,82,252,840,84,91.0,76.0,108.0,92,196,57,85,37,144,18,143,49,188,17,42
Garak 1(il)-dong,Songpa-gu,X,2,58,189,6,26.0,36.0,52.0,X,1,X,1,X,1,-,-,X,4,28,57
Garak 2(i)-dong,Songpa-gu,82,233,98,290,83,83.0,64.0,82.0,40,80,64,102,32,37,6,152,30,48,21,53
Munjeong 1(il)-dong,Songpa-gu,48,48,67,177,69,77.0,70.0,90.0,18,41,44,55,49,148,8,154,19,40,12,28
Munjeong 2(i)-dong,Songpa-gu,11,11,63,308,12,27.0,97.0,171.0,12,31,24,99,94,200,11,41,38,181,17,51
Jangji-dong,Songpa-gu,150,1205,74,232,152,154.0,52.0,80.0,23,38,44,67,6,9,3,11,18,32,17,86
Jamsilbon-dong,Songpa-gu,52,52,322,1222,47,53.0,106.0,201.0,162,459,85,241,40,66,9,38,59,221,24,58
Jamsil 4(sa)-dong,Songpa-gu,53,53,14,41,28,28.0,50.0,93.0,4,10,22,66,X,2,X,1,4,10,5,21
Jamsil 6(yuk)-dong,Songpa-gu,10,10,111,369,435,435.0,49.0,88.0,7,20,22,70,35,45,11,62,42,181,11,33
Jamsil 7(chil)-dong,Songpa-gu,-,-,-,-,X,1.0,16.0,25.0,-,-,8,10,11,11,-,-,X,5,6,12
Jamsil 2(i)-dong,Songpa-gu,46,46,19,54,20,20.0,64.0,166.0,X,4,27,80,58,120,X,2,21,42,7,19
Jamsil 3(sam)-dong,Songpa-gu,37,37,29,183,16,16.0,89.0,150.0,7,11,25,109,116,350,X,3,27,163,14,51
Gangil-dong,Gangdong-gu,92,416,19,84,114,114.0,17.0,32.0,5,14,16,29,-,-,-,-,10,44,12,49
Sangil-dong,Gangdong-gu,234,234,76,198,164,164.0,52.0,75.0,39,84,24,30,4,7,-,-,16,39,27,52
Myeongil 1(il)-dong,Gangdong-gu,114,114,121,366,89,95.0,54.0,70.0,46,88,59,97,72,103,3,49,36,93,15,23
Myeongil 2(i)-dong,Gangdong-gu,32,32,64,251,22,22.0,34.0,51.0,29,73,36,99,71,91,5,14,19,86,10,24
Godeok 1(il)-dong,Gangdong-gu,85,85,36,70,84,94.0,28.0,38.0,13,23,17,20,X,2,-,-,3,3,11,25
Godeok 2(i)-dong,Gangdong-gu,1302,1463,36,92,119,125.0,38.0,50.0,20,35,22,25,10,14,-,-,4,10,18,32
Amsa 2(i)-dong,Gangdong-gu,98,337,53,171,74,82.0,41.0,55.0,16,31,24,50,8,15,3,236,14,34,14,24
Amsa 3(sam)-dong,Gangdong-gu,99,99,19,50,60,65.0,27.0,44.0,3,7,14,25,12,13,-,-,X,1,11,29
Cheonho 1(il)-dong,Gangdong-gu,222,391,77,199,135,144.0,50.0,70.0,39,58,56,74,28,55,X,2,21,62,34,66
Cheonho 3(sam)-dong,Gangdong-gu,128,298,120,315,114,116.0,64.0,94.0,61,154,53,100,90,127,3,11,16,57,33,54
Seongnae 1(il)-dong,Gangdong-gu,79,79,141,416,77,87.0,41.0,63.0,42,70,24,26,11,17,11,414,38,128,15,28
Seongnae 2(i)-dong,Gangdong-gu,112,407,138,454,102,116.0,88.0,104.0,72,132,70,117,15,20,X,3,29,103,27,59
Seongnae 3(sam)-dong,Gangdong-gu,125,125,195,589,81,85.0,71.0,103.0,104,178,69,136,48,74,10,65,40,97,11,24
Dunchon 1(il)-dong,Gangdong-gu,54,54,X,4,30,30.0,42.0,58.0,X,1,12,13,32,40,-,-,6,7,7,10
Dunchon 2(i)-dong,Gangdong-gu,130,421,108,354,127,136.0,61.0,81.0,45,65,55,69,17,25,4,721,27,69,19,73
Amsa 1(il)-dong,Gangdong-gu,217,448,126,296,173,186.0,63.0,92.0,67,119,80,99,41,63,X,6,23,45,36,67
Cheonho 2(i)-dong,Gangdong-gu,143,216,293,1044,173,189.0,91.0,130.0,143,403,81,170,160,374,5,26,46,196,63,112
Gil-dong,Gangdong-gu,321,474,292,931,251,270.0,129.0,216.0,163,406,110,160,48,71,11,59,48,142,30,63
