Dong,사업_사업체창설년도_Gu_Gu,사업_사업체창설년도_total_No. of establishments,사업_사업체창설년도_total_ratio (%),사업_사업체창설년도_after year 2010_Sub total,사업_사업체창설년도_after year 2010_ratio (%),사업_사업체창설년도_2005~2009_Sub total,사업_사업체창설년도_2005~2009_ratio (%),사업_사업체창설년도_2000~2004_Sub total,사업_사업체창설년도_2000~2004_ratio (%),사업_사업체창설년도_1990_Sub total,사업_사업체창설년도_1990_ratio (%),사업_사업체창설년도_prior to 1980_Sub total,사업_사업체창설년도_prior to 1980_ratio (%)
Sajik-dong,Jongno-gu,3466.0,100.0,1338.0,38.6,829.0,23.92,555.0,16.01,443.0,12.78,301.0,8.68
Samcheong-dong,Jongno-gu,650.0,100.0,325.0,50.0,134.0,20.62,62.0,9.54,65.0,10.0,64.0,9.85
Buam-dong,Jongno-gu,483.0,100.0,178.0,36.85,91.0,18.84,70.0,14.49,80.0,16.56,64.0,13.25
Pyeongchang-dong,Jongno-gu,662.0,100.0,264.0,39.88,155.0,23.41,87.0,13.14,87.0,13.14,69.0,10.42
Muak-dong,Jongno-gu,558.0,100.0,150.0,26.88,141.0,25.27,132.0,23.66,68.0,12.19,67.0,12.01
Gyonam-dong,Jongno-gu,315.0,100.0,98.0,31.11,64.0,20.32,53.0,16.83,52.0,16.51,48.0,15.24
Gahoe-dong,Jongno-gu,607.0,100.0,253.0,41.68,132.0,21.75,87.0,14.33,86.0,14.17,49.0,8.07
Jongno 1·2·3·4(ilisamsa)-ga-dong,Jongno-gu,15713.0,100.0,5070.0,32.27,3370.0,21.45,2701.0,17.19,2822.0,17.96,1750.0,11.14
Jongno 5·6(oryuk)-ga-dong,Jongno-gu,7735.0,100.0,2908.0,37.6,1843.0,23.83,1256.0,16.24,1180.0,15.26,548.0,7.08
Ihwa-dong,Jongno-gu,1139.0,100.0,487.0,42.76,248.0,21.77,159.0,13.96,156.0,13.7,89.0,7.81
Changsin 1(il)-dong,Jongno-gu,2250.0,100.0,819.0,36.4,477.0,21.2,365.0,16.22,402.0,17.87,187.0,8.31
Changsin 2(i)-dong,Jongno-gu,858.0,100.0,288.0,33.57,224.0,26.11,152.0,17.72,129.0,15.03,65.0,7.58
Changsin 3(sam)-dong,Jongno-gu,269.0,100.0,100.0,37.17,61.0,22.68,43.0,15.99,47.0,17.47,18.0,6.69
Sungin 1(il)-dong,Jongno-gu,531.0,100.0,228.0,42.94,137.0,25.8,76.0,14.31,59.0,11.11,31.0,5.84
Sungin 2(i)-dong,Jongno-gu,1683.0,100.0,644.0,38.27,388.0,23.05,260.0,15.45,278.0,16.52,113.0,6.71
Cheongunhyoja-dong,Jongno-gu,795.0,100.0,296.0,37.23,178.0,22.39,110.0,13.84,114.0,14.34,97.0,12.2
Hyehwa-dong,Jongno-gu,1612.0,100.0,733.0,45.47,369.0,22.89,249.0,15.45,151.0,9.37,110.0,6.82
Sogong-dong,Jung-gu,3823.0,100.0,1217.0,31.83,921.0,24.09,668.0,17.47,579.0,15.15,438.0,11.46
Hoehyeon-dong,Jung-gu,9869.0,100.0,3077.0,31.18,2382.0,24.14,1833.0,18.57,1784.0,18.08,793.0,8.04
Myeong-dong,Jung-gu,6855.0,100.0,2511.0,36.63,1599.0,23.33,1169.0,17.05,853.0,12.44,723.0,10.55
Pil-dong,Jung-gu,3196.0,100.0,1091.0,34.14,794.0,24.84,656.0,20.53,446.0,13.95,209.0,6.54
Jangchung-dong,Jung-gu,844.0,100.0,263.0,31.16,206.0,24.41,165.0,19.55,118.0,13.98,92.0,10.9
Gwanghui-dong ,Jung-gu,10372.0,100.0,3615.0,34.85,2655.0,25.6,1951.0,18.81,1505.0,14.51,646.0,6.23
Euljiro-dong,Jung-gu,9814.0,100.0,2294.0,23.37,2102.0,21.42,2005.0,20.43,2266.0,23.09,1147.0,11.69
Sindang 5(o)-dong,Jung-gu,1156.0,100.0,510.0,44.12,256.0,22.15,190.0,16.44,136.0,11.76,64.0,5.54
Hwanghak-dong,Jung-gu,2055.0,100.0,659.0,32.07,403.0,19.61,405.0,19.71,454.0,22.09,134.0,6.52
Jungnim-dong,Jung-gu,1045.0,100.0,380.0,36.36,251.0,24.02,175.0,16.75,147.0,14.07,92.0,8.8
Sindang-dong,Jung-gu,12219.0,100.0,5970.0,48.86,3612.0,29.56,1491.0,12.2,974.0,7.97,172.0,1.41
Dasan-dong,Jung-gu,1119.0,100.0,393.0,35.12,268.0,23.95,192.0,17.16,171.0,15.28,95.0,8.49
Yaksu-dong,Jung-gu,834.0,100.0,340.0,40.77,169.0,20.26,134.0,16.07,103.0,12.35,88.0,10.55
Cheonggu-dong,Jung-gu,702.0,100.0,209.0,29.77,161.0,22.93,163.0,23.22,102.0,14.53,67.0,9.54
Donghwa-dong,Jung-gu,943.0,100.0,418.0,44.33,208.0,22.06,141.0,14.95,130.0,13.79,46.0,4.88
Huam-dong,Yongsan-gu,819.0,100.0,308.0,37.61,187.0,22.83,111.0,13.55,120.0,14.65,93.0,11.36
Yongsan 2-ga-dong,Yongsan-gu,511.0,100.0,188.0,36.79,117.0,22.9,63.0,12.33,75.0,14.68,68.0,13.31
Namyeong-dong,Yongsan-gu,1612.0,100.0,711.0,44.11,335.0,20.78,232.0,14.39,193.0,11.97,141.0,8.75
Wonhyoro 2(i)-dong,Yongsan-gu,1190.0,100.0,431.0,36.22,315.0,26.47,177.0,14.87,172.0,14.45,95.0,7.98
Hyochang-dong,Yongsan-gu,535.0,100.0,186.0,34.77,131.0,24.49,95.0,17.76,68.0,12.71,55.0,10.28
Yongmun-dong,Yongsan-gu,637.0,100.0,241.0,37.83,148.0,23.23,126.0,19.78,90.0,14.13,32.0,5.02
Ichon 1(il)-dong,Yongsan-gu,805.0,100.0,296.0,36.77,162.0,20.12,127.0,15.78,102.0,12.67,118.0,14.66
Ichon 2(i)-dong,Yongsan-gu,337.0,100.0,61.0,18.1,69.0,20.47,88.0,26.11,69.0,20.47,50.0,14.84
Itaewon 1(il)-dong,Yongsan-gu,1584.0,100.0,697.0,44.0,374.0,23.61,202.0,12.75,200.0,12.63,111.0,7.01
Itaewon 2(i)-dong,Yongsan-gu,597.0,100.0,262.0,43.89,107.0,17.92,82.0,13.74,79.0,13.23,67.0,11.22
Seobinggo-dong,Yongsan-gu,405.0,100.0,155.0,38.27,81.0,20.0,53.0,13.09,67.0,16.54,49.0,12.1
Bogwang-dong,Yongsan-gu,772.0,100.0,280.0,36.27,169.0,21.89,116.0,15.03,117.0,15.16,90.0,11.66
Cheongpa-dong,Yongsan-gu,1890.0,100.0,692.0,36.61,497.0,26.3,288.0,15.24,231.0,12.22,182.0,9.63
Wonhyoro 1(il)-dong,Yongsan-gu,1725.0,100.0,698.0,40.46,411.0,23.83,289.0,16.75,230.0,13.33,97.0,5.62
Hangangno-dong,Yongsan-gu,4988.0,100.0,1979.0,39.68,1378.0,27.63,822.0,16.48,568.0,11.39,241.0,4.83
Hannam-dong,Yongsan-gu,1660.0,100.0,760.0,45.78,365.0,21.99,219.0,13.19,183.0,11.02,133.0,8.01
Wangsimni 2(i)-dong,Seongdong-gu,746.0,100.0,279.0,37.4,175.0,23.46,119.0,15.95,108.0,14.48,65.0,8.71
Majang-dong,Seongdong-gu,3146.0,100.0,972.0,30.9,792.0,25.17,533.0,16.94,546.0,17.36,303.0,9.63
Sageun-dong,Seongdong-gu,963.0,100.0,372.0,38.63,266.0,27.62,141.0,14.64,108.0,11.21,76.0,7.89
Haengdang 1(il)-dong,Seongdong-gu,1400.0,100.0,598.0,42.71,391.0,27.93,187.0,13.36,135.0,9.64,89.0,6.36
Haengdang 2(i)-dong,Seongdong-gu,571.0,100.0,250.0,43.78,114.0,19.96,103.0,18.04,82.0,14.36,22.0,3.85
Eungbong-dong,Seongdong-gu,384.0,100.0,126.0,32.81,88.0,22.92,77.0,20.05,58.0,15.1,35.0,9.11
Geumho 1(il)-ga-dong,Seongdong-gu,571.0,100.0,218.0,38.18,133.0,23.29,98.0,17.16,66.0,11.56,56.0,9.81
Geumho 4(sa)-ga-dong,Seongdong-gu,616.0,100.0,227.0,36.85,138.0,22.4,109.0,17.69,67.0,10.88,75.0,12.18
Seongsu 1(il)-ga1(il)-dong,Seongdong-gu,1336.0,100.0,431.0,32.26,317.0,23.73,234.0,17.51,248.0,18.56,106.0,7.93
Seongsu 1(il)-ga2(i)-dong,Seongdong-gu,1946.0,100.0,676.0,34.74,448.0,23.02,354.0,18.19,326.0,16.75,142.0,7.3
Seongsu 2(i)-ga1(il)-dong,Seongdong-gu,2351.0,100.0,806.0,34.28,586.0,24.93,414.0,17.61,376.0,15.99,169.0,7.19
Seongsu 2(i)-ga 3(sam)-dong,Seongdong-gu,4690.0,100.0,1603.0,34.18,1114.0,23.75,875.0,18.66,751.0,16.01,347.0,7.4
Songjeong-dong,Seongdong-gu,712.0,100.0,225.0,31.6,172.0,24.16,128.0,17.98,129.0,18.12,58.0,8.15
Yongdap-dong,Seongdong-gu,2050.0,100.0,691.0,33.71,492.0,24.0,341.0,16.63,356.0,17.37,170.0,8.29
WangsimniDoseon-dong,Seongdong-gu,1588.0,100.0,601.0,37.85,406.0,25.57,214.0,13.48,248.0,15.62,119.0,7.49
Geumho 2.3(i.sam)-ga-dong,Seongdong-gu,974.0,100.0,364.0,37.37,204.0,20.94,157.0,16.12,153.0,15.71,96.0,9.86
Oksu-dong,Seongdong-gu,759.0,100.0,345.0,45.45,154.0,20.29,94.0,12.38,115.0,15.15,51.0,6.72
Hwayang-dong,Gwangjin-gu,2456.0,100.0,1264.0,51.47,546.0,22.23,292.0,11.89,229.0,9.32,125.0,5.09
Gunja-dong,Gwangjin-gu,1572.0,100.0,638.0,40.59,373.0,23.73,233.0,14.82,204.0,12.98,124.0,7.89
Junggok 1(il)-dong,Gwangjin-gu,1601.0,100.0,624.0,38.98,387.0,24.17,245.0,15.3,220.0,13.74,125.0,7.81
Junggok 2(i)-dong,Gwangjin-gu,1748.0,100.0,776.0,44.39,378.0,21.62,242.0,13.84,239.0,13.67,113.0,6.46
Junggok 3(sam)-dong,Gwangjin-gu,1359.0,100.0,549.0,40.4,292.0,21.49,209.0,15.38,188.0,13.83,121.0,8.9
Junggok 4(sa)-dong,Gwangjin-gu,1572.0,100.0,577.0,36.7,319.0,20.29,266.0,16.92,249.0,15.84,161.0,10.24
Neung-dong,Gwangjin-gu,698.0,100.0,272.0,38.97,173.0,24.79,108.0,15.47,101.0,14.47,44.0,6.3
Guui 1(il)-dong,Gwangjin-gu,1838.0,100.0,790.0,42.98,461.0,25.08,244.0,13.28,227.0,12.35,116.0,6.31
Guui 2(i)-dong,Gwangjin-gu,1314.0,100.0,404.0,30.75,287.0,21.84,246.0,18.72,229.0,17.43,148.0,11.26
Guui 3(sam)-dong,Gwangjin-gu,2596.0,100.0,1129.0,43.49,609.0,23.46,425.0,16.37,340.0,13.1,93.0,3.58
Gwangjang-dong,Gwangjin-gu,1361.0,100.0,567.0,41.66,334.0,24.54,200.0,14.7,171.0,12.56,89.0,6.54
Jayang 1(il)-dong,Gwangjin-gu,1694.0,100.0,643.0,37.96,339.0,20.01,292.0,17.24,261.0,15.41,159.0,9.39
Jayang 2(i)-dong,Gwangjin-gu,1517.0,100.0,514.0,33.88,331.0,21.82,284.0,18.72,248.0,16.35,140.0,9.23
Jayang 3(sam)-dong,Gwangjin-gu,1317.0,100.0,492.0,37.36,329.0,24.98,186.0,14.12,172.0,13.06,138.0,10.48
Jayang 4(sa)-dong,Gwangjin-gu,2033.0,100.0,819.0,40.29,441.0,21.69,323.0,15.89,288.0,14.17,162.0,7.97
Hoegi-dong,Dongdaemun-gu,990.0,100.0,506.0,51.11,227.0,22.93,115.0,11.62,90.0,9.09,52.0,5.25
Hwigyeong 1(il)-dong,Dongdaemun-gu,1041.0,100.0,422.0,40.54,215.0,20.65,179.0,17.2,150.0,14.41,75.0,7.2
Hwigyeong 2(i)-dong,Dongdaemun-gu,1092.0,100.0,361.0,33.06,268.0,24.54,214.0,19.6,160.0,14.65,89.0,8.15
Cheongnyangni-dong,Dongdaemun-gu,1687.0,100.0,542.0,32.13,365.0,21.64,322.0,19.09,295.0,17.49,163.0,9.66
Yongsin-dong,Dongdaemun-gu,5504.0,100.0,1887.0,34.28,1603.0,29.12,815.0,14.81,758.0,13.77,441.0,8.01
Jegi-dong,Dongdaemun-gu,4697.0,100.0,1277.0,27.19,985.0,20.97,962.0,20.48,1024.0,21.8,449.0,9.56
Jeonnong 1(il)-dong,Dongdaemun-gu,2244.0,100.0,1064.0,47.42,417.0,18.58,314.0,13.99,294.0,13.1,155.0,6.91
Jeonnong 2(i)-dong,Dongdaemun-gu,845.0,100.0,342.0,40.47,179.0,21.18,132.0,15.62,109.0,12.9,83.0,9.82
Dapsimni 1(il)-dong,Dongdaemun-gu,2095.0,100.0,693.0,33.08,428.0,20.43,367.0,17.52,406.0,19.38,201.0,9.59
Dapsimni 2(i)-dong,Dongdaemun-gu,2003.0,100.0,625.0,31.2,472.0,23.56,382.0,19.07,349.0,17.42,175.0,8.74
Jangan 1(il)-dong,Dongdaemun-gu,4376.0,100.0,1641.0,37.5,1116.0,25.5,725.0,16.57,642.0,14.67,252.0,5.76
Jangan 2(i)-dong,Dongdaemun-gu,3190.0,100.0,1380.0,43.26,811.0,25.42,443.0,13.89,355.0,11.13,201.0,6.3
Imun 1(il)-dong,Dongdaemun-gu,1476.0,100.0,594.0,40.24,325.0,22.02,234.0,15.85,220.0,14.91,103.0,6.98
Imun 2(i)-dong,Dongdaemun-gu,732.0,100.0,248.0,33.88,177.0,24.18,162.0,22.13,106.0,14.48,39.0,5.33
Myeonmok 2(i)-dong,Jungnang-gu,2018.0,100.0,810.0,40.14,450.0,22.3,328.0,16.25,301.0,14.92,129.0,6.39
Myeonmok 4(sa)-dong,Jungnang-gu,1058.0,100.0,404.0,38.19,237.0,22.4,182.0,17.2,170.0,16.07,65.0,6.14
Myeonmok 5(o)-dong,Jungnang-gu,1002.0,100.0,416.0,41.52,225.0,22.46,149.0,14.87,140.0,13.97,72.0,7.19
Myeonmok 7(chil)-dong,Jungnang-gu,1507.0,100.0,581.0,38.55,377.0,25.02,216.0,14.33,217.0,14.4,116.0,7.7
Sangbong 1(il)-dong,Jungnang-gu,1100.0,100.0,510.0,46.36,204.0,18.55,152.0,13.82,174.0,15.82,60.0,5.45
Sangbong 2(i)-dong,Jungnang-gu,2164.0,100.0,949.0,43.85,547.0,25.28,314.0,14.51,243.0,11.23,111.0,5.13
Junghwa 1(il)-dong,Jungnang-gu,1100.0,100.0,432.0,39.27,255.0,23.18,159.0,14.45,186.0,16.91,68.0,6.18
Junghwa 2(i)-dong,Jungnang-gu,2286.0,100.0,936.0,40.94,515.0,22.53,366.0,16.01,309.0,13.52,160.0,7.0
Muk 1(il)-dong,Jungnang-gu,1503.0,100.0,652.0,43.38,343.0,22.82,205.0,13.64,200.0,13.31,103.0,6.85
Muk 2(i)-dong,Jungnang-gu,1752.0,100.0,672.0,38.36,387.0,22.09,223.0,12.73,375.0,21.4,95.0,5.42
Mangu 3(sam)-dong,Jungnang-gu,1072.0,100.0,455.0,42.44,236.0,22.01,168.0,15.67,142.0,13.25,71.0,6.62
Sinnae 1(il)-dong,Jungnang-gu,1574.0,100.0,655.0,41.61,330.0,20.97,222.0,14.1,241.0,15.31,126.0,8.01
Sinnae 2(i)-dong,Jungnang-gu,1074.0,100.0,394.0,36.69,278.0,25.88,184.0,17.13,178.0,16.57,40.0,3.72
Myeonmokbon-dong,Jungnang-gu,2454.0,100.0,1046.0,42.62,580.0,23.63,360.0,14.67,329.0,13.41,139.0,5.66
Myeonmok 3.8(sam.pal)-dong,Jungnang-gu,3043.0,100.0,1216.0,39.96,536.0,17.61,399.0,13.11,602.0,19.78,290.0,9.53
Mangubon-dong,Jungnang-gu,2783.0,100.0,1154.0,41.47,682.0,24.51,391.0,14.05,378.0,13.58,178.0,6.4
Donam 1(il)-dong,Seongbuk_gu,382.0,100.0,170.0,44.5,96.0,25.13,48.0,12.57,48.0,12.57,20.0,5.24
Donam 2(i)-dong,Seongbuk_gu,363.0,100.0,137.0,37.74,114.0,31.4,52.0,14.33,46.0,12.67,14.0,3.86
Anam-dong,Seongbuk_gu,1329.0,100.0,628.0,47.25,311.0,23.4,163.0,12.26,144.0,10.84,83.0,6.25
Bomun-dong,Seongbuk_gu,1239.0,100.0,508.0,41.0,306.0,24.7,166.0,13.4,154.0,12.43,105.0,8.47
Jeongneung 1(il)-dong,Seongbuk_gu,787.0,100.0,325.0,41.3,212.0,26.94,83.0,10.55,101.0,12.83,66.0,8.39
Jeongneung 2(i)-dong,Seongbuk_gu,957.0,100.0,429.0,44.83,226.0,23.62,109.0,11.39,114.0,11.91,79.0,8.25
Jeongneung 3(sam)-dong,Seongbuk_gu,674.0,100.0,221.0,32.79,160.0,23.74,92.0,13.65,106.0,15.73,95.0,14.09
Jeongneung 4(sa)-dong,Seongbuk_gu,871.0,100.0,360.0,41.33,223.0,25.6,105.0,12.06,100.0,11.48,83.0,9.53
Gireum 1(il)-dong,Seongbuk_gu,1151.0,100.0,574.0,49.87,258.0,22.42,133.0,11.56,101.0,8.77,85.0,7.38
Gireum 2(i)-dong,Seongbuk_gu,1116.0,100.0,575.0,51.52,249.0,22.31,143.0,12.81,84.0,7.53,65.0,5.82
Wolgok 1(il)-dong,Seongbuk_gu,1192.0,100.0,456.0,38.26,317.0,26.59,199.0,16.69,122.0,10.23,98.0,8.22
Wolgok 2(i)-dong,Seongbuk_gu,1798.0,100.0,932.0,51.84,404.0,22.47,221.0,12.29,150.0,8.34,91.0,5.06
Jangwi 1(il)-dong,Seongbuk_gu,1131.0,100.0,478.0,42.26,234.0,20.69,175.0,15.47,157.0,13.88,87.0,7.69
Jangwi 2(i)-dong,Seongbuk_gu,1663.0,100.0,659.0,39.63,381.0,22.91,265.0,15.94,233.0,14.01,125.0,7.52
Jangwi 3(sam)-dong,Seongbuk_gu,1212.0,100.0,435.0,35.89,312.0,25.74,208.0,17.16,169.0,13.94,88.0,7.26
Seongbuk-dong,Seongbuk_gu,1021.0,100.0,372.0,36.43,204.0,19.98,155.0,15.18,164.0,16.06,126.0,12.34
Samseon-dong,Seongbuk_gu,1866.0,100.0,841.0,45.07,412.0,22.08,238.0,12.75,231.0,12.38,144.0,7.72
Dongseon-dong,Seongbuk_gu,1974.0,100.0,1047.0,53.04,456.0,23.1,220.0,11.14,130.0,6.59,121.0,6.13
Jongam-dong,Seongbuk_gu,2093.0,100.0,903.0,43.14,483.0,23.08,327.0,15.62,238.0,11.37,142.0,6.78
Seokgwan-dong,Seongbuk_gu,2255.0,100.0,994.0,44.08,512.0,22.71,319.0,14.15,293.0,12.99,137.0,6.08
Beon 1(il)-dong,Gangbuk-gu,1693.0,100.0,771.0,45.54,398.0,23.51,222.0,13.11,220.0,12.99,82.0,4.84
Beon 2(i)-dong,Gangbuk-gu,653.0,100.0,219.0,33.54,153.0,23.43,103.0,15.77,132.0,20.21,46.0,7.04
Beon 3(sam)-dong,Gangbuk-gu,831.0,100.0,270.0,32.49,185.0,22.26,151.0,18.17,175.0,21.06,50.0,6.02
Suyu 1(il)-dong,Gangbuk-gu,1578.0,100.0,598.0,37.9,374.0,23.7,256.0,16.22,225.0,14.26,125.0,7.92
Suyu 2(i)-dong,Gangbuk-gu,1365.0,100.0,570.0,41.76,311.0,22.78,222.0,16.26,181.0,13.26,81.0,5.93
Suyu 3(sam)-dong,Gangbuk-gu,2379.0,100.0,1157.0,48.63,580.0,24.38,291.0,12.23,241.0,10.13,110.0,4.62
Samyang-dong,Gangbuk-gu,1228.0,100.0,507.0,41.29,281.0,22.88,210.0,17.1,145.0,11.81,85.0,6.92
Mia-dong,Gangbuk-gu,1967.0,100.0,930.0,47.28,469.0,23.84,282.0,14.34,199.0,10.12,87.0,4.42
Songjung-dong,Gangbuk-gu,2009.0,100.0,906.0,45.1,491.0,24.44,284.0,14.14,217.0,10.8,111.0,5.53
Songcheon-dong,Gangbuk-gu,2268.0,100.0,965.0,42.55,509.0,22.44,325.0,14.33,287.0,12.65,182.0,8.02
Samgaksan-dong,Gangbuk-gu,714.0,100.0,376.0,52.66,129.0,18.07,102.0,14.29,74.0,10.36,33.0,4.62
Ui-dong,Gangbuk-gu,994.0,100.0,409.0,41.15,226.0,22.74,145.0,14.59,135.0,13.58,79.0,7.95
Insu-dong,Gangbuk-gu,1569.0,100.0,629.0,40.09,372.0,23.71,234.0,14.91,221.0,14.09,113.0,7.2
Ssangmun 1(il)-dong,Dobong-gu,911.0,100.0,322.0,35.35,229.0,25.14,190.0,20.86,117.0,12.84,53.0,5.82
Ssangmun 2(i)-dong,Dobong-gu,1227.0,100.0,502.0,40.91,353.0,28.77,193.0,15.73,122.0,9.94,57.0,4.65
Ssangmun 3(sam)-dong,Dobong-gu,897.0,100.0,396.0,44.15,236.0,26.31,140.0,15.61,84.0,9.36,41.0,4.57
Ssangmun 4(sa)-dong,Dobong-gu,594.0,100.0,219.0,36.87,167.0,28.11,104.0,17.51,78.0,13.13,26.0,4.38
Banghak 1(il)-dong,Dobong-gu,2278.0,100.0,1128.0,49.52,559.0,24.54,320.0,14.05,179.0,7.86,92.0,4.04
Banghak 2(i)-dong,Dobong-gu,1289.0,100.0,516.0,40.03,327.0,25.37,210.0,16.29,181.0,14.04,55.0,4.27
Banghak 3(sam)-dong,Dobong-gu,888.0,100.0,323.0,36.37,232.0,26.13,140.0,15.77,136.0,15.32,57.0,6.42
Chang 1(il)-dong,Dobong-gu,1078.0,100.0,403.0,37.38,301.0,27.92,218.0,20.22,119.0,11.04,37.0,3.43
Chang 2(i)-dong,Dobong-gu,1331.0,100.0,558.0,41.92,296.0,22.24,224.0,16.83,177.0,13.3,76.0,5.71
Chang 3(sam)-dong,Dobong-gu,964.0,100.0,397.0,41.18,241.0,25.0,173.0,17.95,115.0,11.93,38.0,3.94
Chang 4(sa)-dong,Dobong-gu,1140.0,100.0,438.0,38.42,297.0,26.05,181.0,15.88,188.0,16.49,36.0,3.16
Chang 5(o)-dong,Dobong-gu,2062.0,100.0,729.0,35.35,652.0,31.62,486.0,23.57,160.0,7.76,35.0,1.7
Dobong 1(il)-dong,Dobong-gu,1660.0,100.0,648.0,39.04,413.0,24.88,271.0,16.33,219.0,13.19,109.0,6.57
Dobong 2(i)-dong,Dobong-gu,1394.0,100.0,613.0,43.97,313.0,22.45,194.0,13.92,189.0,13.56,85.0,6.1
Wolgye 1(il)-dong,Nowon-gu,1379.0,100.0,529.0,38.36,343.0,24.87,251.0,18.2,159.0,11.53,97.0,7.03
Wolgye 2(i)-dong,Nowon-gu,1047.0,100.0,316.0,30.18,237.0,22.64,163.0,15.57,235.0,22.45,96.0,9.17
Wolgye 3(sam)-dong,Nowon-gu,950.0,100.0,274.0,28.84,185.0,19.47,213.0,22.42,194.0,20.42,84.0,8.84
Gongneung 2(i)-dong,Nowon-gu,1813.0,100.0,648.0,35.74,423.0,23.33,338.0,18.64,284.0,15.66,120.0,6.62
Hagye 1(il)-dong,Nowon-gu,914.0,100.0,303.0,33.15,228.0,24.95,165.0,18.05,163.0,17.83,55.0,6.02
Hagye 2(i)-dong,Nowon-gu,380.0,100.0,92.0,24.21,74.0,19.47,89.0,23.42,77.0,20.26,48.0,12.63
Junggyebon-dong,Nowon-gu,1158.0,100.0,494.0,42.66,251.0,21.68,174.0,15.03,183.0,15.8,56.0,4.84
Junggye 1(il)-dong,Nowon-gu,910.0,100.0,333.0,36.59,212.0,23.3,174.0,19.12,160.0,17.58,31.0,3.41
Junggye 4(sa)-dong,Nowon-gu,1002.0,100.0,441.0,44.01,223.0,22.26,163.0,16.27,139.0,13.87,36.0,3.59
Sanggye 1(il)-dong,Nowon-gu,2827.0,100.0,871.0,30.81,582.0,20.59,471.0,16.66,603.0,21.33,300.0,10.61
Sanggye 2(i)-dong,Nowon-gu,2176.0,100.0,1072.0,49.26,555.0,25.51,296.0,13.6,182.0,8.36,71.0,3.26
Sanggye 5(o)-dong,Nowon-gu,1349.0,100.0,553.0,40.99,330.0,24.46,237.0,17.57,144.0,10.67,85.0,6.3
Sanggye 8(pal)-dong,Nowon-gu,600.0,100.0,191.0,31.83,130.0,21.67,105.0,17.5,124.0,20.67,50.0,8.33
Sanggye 9(gu)-dong,Nowon-gu,730.0,100.0,224.0,30.68,137.0,18.77,146.0,20.0,148.0,20.27,75.0,10.27
Sanggye 10(sip)-dong,Nowon-gu,484.0,100.0,177.0,36.57,90.0,18.6,66.0,13.64,100.0,20.66,51.0,10.54
Sanggye 3.4(sam.sa)-dong,Nowon-gu,1699.0,100.0,554.0,32.61,401.0,23.6,354.0,20.84,249.0,14.66,141.0,8.3
Sanggye 6.7(yuk.chil)-dong,Nowon-gu,1939.0,100.0,758.0,39.09,420.0,21.66,283.0,14.6,308.0,15.88,170.0,8.77
Junggye 2.3(i.sam)-dong,Nowon-gu,1233.0,100.0,495.0,40.15,311.0,25.22,173.0,14.03,201.0,16.3,53.0,4.3
Gongneung 1(il)-dong,Nowon-gu,2583.0,100.0,1022.0,39.57,585.0,22.65,444.0,17.19,390.0,15.1,142.0,5.5
Nokbeon-dong,Eunpyeong-gu,1564.0,100.0,584.0,37.34,317.0,20.27,231.0,14.77,302.0,19.31,130.0,8.31
Bulgwang 1(il)-dong,Eunpyeong-gu,1672.0,100.0,713.0,42.64,323.0,19.32,178.0,10.65,285.0,17.05,173.0,10.35
Galhyeon 1(il)-dong,Eunpyeong-gu,1461.0,100.0,612.0,41.89,322.0,22.04,189.0,12.94,205.0,14.03,133.0,9.1
Galhyeon 2(i)-dong,Eunpyeong-gu,1561.0,100.0,670.0,42.92,317.0,20.31,210.0,13.45,234.0,14.99,130.0,8.33
Gusan-dong,Eunpyeong-gu,1181.0,100.0,357.0,30.23,213.0,18.04,159.0,13.46,263.0,22.27,189.0,16.0
Daejo-dong,Eunpyeong-gu,2566.0,100.0,1091.0,42.52,624.0,24.32,294.0,11.46,335.0,13.06,222.0,8.65
Eungam 1(il)-dong,Eunpyeong-gu,1615.0,100.0,560.0,34.67,353.0,21.86,285.0,17.65,289.0,17.89,128.0,7.93
Eungam 2(i)-dong,Eunpyeong-gu,944.0,100.0,264.0,27.97,143.0,15.15,125.0,13.24,252.0,26.69,160.0,16.95
Sinsa 1(il)-dong,Eunpyeong-gu,1559.0,100.0,421.0,27.0,225.0,14.43,134.0,8.6,362.0,23.22,417.0,26.75
Sinsa 2(i)-dong,Eunpyeong-gu,1216.0,100.0,260.0,21.38,173.0,14.23,124.0,10.2,425.0,34.95,234.0,19.24
Jeungsan-dong,Eunpyeong-gu,1108.0,100.0,356.0,32.13,219.0,19.77,179.0,16.16,222.0,20.04,132.0,11.91
Susaek-dong,Eunpyeong-gu,848.0,100.0,213.0,25.12,156.0,18.4,139.0,16.39,222.0,26.18,118.0,13.92
Jingwan-dong,Eunpyeong-gu,1007.0,100.0,614.0,60.97,141.0,14.0,36.0,3.57,116.0,11.52,100.0,9.93
Bulgwang 2(i)-dong,Eunpyeong-gu,1295.0,100.0,407.0,31.43,252.0,19.46,180.0,13.9,265.0,20.46,191.0,14.75
Eungam 3(sam)-dong,Eunpyeong-gu,1909.0,100.0,746.0,39.08,373.0,19.54,227.0,11.89,361.0,18.91,202.0,10.58
Yeokchon-dong,Eunpyeong-gu,2447.0,100.0,955.0,39.03,531.0,21.7,310.0,12.67,430.0,17.57,221.0,9.03
Cheonyeon-dong,Seodaemun-gu,809.0,100.0,326.0,40.3,187.0,23.11,109.0,13.47,100.0,12.36,87.0,10.75
Hongje 1(il)-dong,Seodaemun-gu,1132.0,100.0,430.0,37.99,217.0,19.17,173.0,15.28,194.0,17.14,118.0,10.42
Hongje 3(sam)-dong,Seodaemun-gu,1271.0,100.0,412.0,32.42,236.0,18.57,232.0,18.25,226.0,17.78,165.0,12.98
Hongje 2(i)-dong,Seodaemun-gu,592.0,100.0,227.0,38.34,140.0,23.65,92.0,15.54,72.0,12.16,61.0,10.3
Hongeun 1(il)-dong,Seodaemun-gu,1029.0,100.0,346.0,33.62,201.0,19.53,173.0,16.81,157.0,15.26,152.0,14.77
Hongeun 2(i)-dong,Seodaemun-gu,1148.0,100.0,405.0,35.28,213.0,18.55,187.0,16.29,204.0,17.77,139.0,12.11
Namgajwa 1(il)-dong,Seodaemun-gu,640.0,100.0,130.0,20.31,144.0,22.5,129.0,20.16,142.0,22.19,95.0,14.84
Namgajwa 2(i)-dong,Seodaemun-gu,1554.0,100.0,608.0,39.12,328.0,21.11,228.0,14.67,232.0,14.93,158.0,10.17
Bukgajwa 1(il)-dong,Seodaemun-gu,504.0,100.0,179.0,35.52,91.0,18.06,74.0,14.68,78.0,15.48,82.0,16.27
Bukgajwa 2(i)-dong,Seodaemun-gu,2261.0,100.0,611.0,27.02,369.0,16.32,258.0,11.41,525.0,23.22,498.0,22.03
Chunghyeon-dong,Seodaemun-gu,1709.0,100.0,632.0,36.98,394.0,23.05,257.0,15.04,234.0,13.69,192.0,11.23
Bugahyeon-dong,Seodaemun-gu,699.0,100.0,229.0,32.76,148.0,21.17,121.0,17.31,122.0,17.45,79.0,11.3
Sinchon-dong,Seodaemun-gu,3725.0,100.0,2017.0,54.15,824.0,22.12,413.0,11.09,317.0,8.51,154.0,4.13
Yeonhui-dong,Seodaemun-gu,2138.0,100.0,857.0,40.08,420.0,19.64,300.0,14.03,316.0,14.78,245.0,11.46
Yonggang-dong,Mapo-gu,2390.0,100.0,996.0,41.67,613.0,25.65,373.0,15.61,240.0,10.04,168.0,7.03
Daeheung-dong,Mapo-gu,1628.0,100.0,661.0,40.6,402.0,24.69,241.0,14.8,192.0,11.79,132.0,8.11
Yeomni-dong,Mapo-gu,787.0,100.0,309.0,39.26,153.0,19.44,131.0,16.65,112.0,14.23,82.0,10.42
Sinsu-dong,Mapo-gu,1382.0,100.0,471.0,34.08,311.0,22.5,252.0,18.23,224.0,16.21,124.0,8.97
Seogyo-dong,Mapo-gu,8274.0,100.0,4659.0,56.31,1819.0,21.98,925.0,11.18,599.0,7.24,272.0,3.29
Hapjeong-dong,Mapo-gu,1843.0,100.0,924.0,50.14,419.0,22.73,238.0,12.91,163.0,8.84,99.0,5.37
Mangwon 1(il)-dong,Mapo-gu,1380.0,100.0,618.0,44.78,330.0,23.91,209.0,15.14,158.0,11.45,65.0,4.71
Mangwon 2(i)-dong,Mapo-gu,1246.0,100.0,536.0,43.02,296.0,23.76,175.0,14.04,165.0,13.24,74.0,5.94
Yeonnam-dong,Mapo-gu,1220.0,100.0,565.0,46.31,279.0,22.87,171.0,14.02,145.0,11.89,60.0,4.92
Seongsan 1(il)-dong,Mapo-gu,1600.0,100.0,726.0,45.38,354.0,22.13,220.0,13.75,197.0,12.31,103.0,6.44
Seongsan 2(i)-dong,Mapo-gu,1675.0,100.0,648.0,38.69,397.0,23.7,277.0,16.54,258.0,15.4,95.0,5.67
Sangam-dong,Mapo-gu,1761.0,100.0,983.0,55.82,429.0,24.36,171.0,9.71,115.0,6.53,63.0,3.58
Dohwa-dong,Mapo-gu,1855.0,100.0,722.0,38.92,464.0,25.01,298.0,16.06,247.0,13.32,124.0,6.68
Seogang-dong,Mapo-gu,1395.0,100.0,718.0,51.47,318.0,22.8,162.0,11.61,126.0,9.03,71.0,5.09
gongdeok-dong,Mapo-gu,2622.0,100.0,1019.0,38.86,660.0,25.17,397.0,15.14,325.0,12.4,221.0,8.43
Ahyeon-dong,Mapo-gu,1735.0,100.0,664.0,38.27,463.0,26.69,270.0,15.56,203.0,11.7,135.0,7.78
Mok 1(il)-dong,Yangcheon-gu,2617.0,100.0,1254.0,47.92,655.0,25.03,398.0,15.21,211.0,8.06,99.0,3.78
Mok 2(i)-dong,Yangcheon-gu,1156.0,100.0,456.0,39.45,245.0,21.19,163.0,14.1,172.0,14.88,120.0,10.38
Mok 3(sam)-dong,Yangcheon-gu,1227.0,100.0,505.0,41.16,297.0,24.21,186.0,15.16,145.0,11.82,94.0,7.66
Mok 4(sa)-dong,Yangcheon-gu,1373.0,100.0,592.0,43.12,300.0,21.85,207.0,15.08,174.0,12.67,100.0,7.28
Sinwol 1(il)-dong,Yangcheon-gu,1779.0,100.0,649.0,36.48,384.0,21.59,291.0,16.36,298.0,16.75,157.0,8.83
Sinwol 2(i)-dong,Yangcheon-gu,1101.0,100.0,320.0,29.06,230.0,20.89,189.0,17.17,213.0,19.35,149.0,13.53
Sinwol 3(sam)-dong,Yangcheon-gu,1005.0,100.0,344.0,34.23,204.0,20.3,192.0,19.1,170.0,16.92,95.0,9.45
Sinwol 4(sa)-dong,Yangcheon-gu,1150.0,100.0,362.0,31.48,225.0,19.57,179.0,15.57,226.0,19.65,158.0,13.74
Sinwol 5(o)-dong,Yangcheon-gu,951.0,100.0,337.0,35.44,207.0,21.77,168.0,17.67,144.0,15.14,95.0,9.99
Sinwol 6(yuk)-dong,Yangcheon-gu,1638.0,100.0,182.0,11.11,138.0,8.42,218.0,13.31,558.0,34.07,542.0,33.09
Sinwol 7(chil)-dong,Yangcheon-gu,1367.0,100.0,447.0,32.7,254.0,18.58,234.0,17.12,259.0,18.95,173.0,12.66
Sinjeong 1(il)-dong,Yangcheon-gu,1054.0,100.0,433.0,41.08,258.0,24.48,159.0,15.09,122.0,11.57,82.0,7.78
Sinjeong 2(i)-dong,Yangcheon-gu,1103.0,100.0,469.0,42.52,258.0,23.39,161.0,14.6,149.0,13.51,66.0,5.98
Sinjeong 3(sam)-dong,Yangcheon-gu,1991.0,100.0,625.0,31.39,384.0,19.29,365.0,18.33,395.0,19.84,222.0,11.15
Sinjeong 6(yuk)-dong,Yangcheon-gu,693.0,100.0,320.0,46.18,157.0,22.66,71.0,10.25,94.0,13.56,51.0,7.36
Sinjeong 7(chil)-dong,Yangcheon-gu,1016.0,100.0,385.0,37.89,204.0,20.08,178.0,17.52,145.0,14.27,104.0,10.24
Mok 5(o)-dong,Yangcheon-gu,1489.0,100.0,731.0,49.09,351.0,23.57,187.0,12.56,151.0,10.14,69.0,4.63
Sinjeong 4(sa)-dong,Yangcheon-gu,3010.0,100.0,1277.0,42.43,656.0,21.79,469.0,15.58,421.0,13.99,187.0,6.21
Yeomchang-dong,Gangseo-gu,2157.0,100.0,790.0,36.62,537.0,24.9,378.0,17.52,354.0,16.41,98.0,4.54
Deungchon 1(il)-dong,Gangseo-gu,1742.0,100.0,793.0,45.52,434.0,24.91,222.0,12.74,200.0,11.48,93.0,5.34
Deungchon 2(i)-dong,Gangseo-gu,712.0,100.0,299.0,41.99,172.0,24.16,93.0,13.06,99.0,13.9,49.0,6.88
Deungchon 3(sam)-dong,Gangseo-gu,2296.0,100.0,959.0,41.77,529.0,23.04,389.0,16.94,337.0,14.68,82.0,3.57
Hwagokbon-dong,Gangseo-gu,1368.0,100.0,600.0,43.86,289.0,21.13,218.0,15.94,190.0,13.89,71.0,5.19
Hwagok 2(i)-dong,Gangseo-gu,842.0,100.0,327.0,38.84,224.0,26.6,144.0,17.1,103.0,12.23,44.0,5.23
Hwagok 3(sam)-dong,Gangseo-gu,1177.0,100.0,563.0,47.83,264.0,22.43,181.0,15.38,120.0,10.2,49.0,4.16
Hwagok 4(sa)-dong,Gangseo-gu,1445.0,100.0,660.0,45.67,330.0,22.84,209.0,14.46,172.0,11.9,74.0,5.12
Hwagok 6(yuk)-dong,Gangseo-gu,1831.0,100.0,938.0,51.23,398.0,21.74,227.0,12.4,172.0,9.39,96.0,5.24
Hwagok 8(pal)-dong,Gangseo-gu,1214.0,100.0,576.0,47.45,254.0,20.92,182.0,14.99,141.0,11.61,61.0,5.02
Gayang 1(il)-dong,Gangseo-gu,1225.0,100.0,472.0,38.53,299.0,24.41,193.0,15.76,208.0,16.98,53.0,4.33
Gayang 2(i)-dong,Gangseo-gu,651.0,100.0,279.0,42.86,142.0,21.81,107.0,16.44,114.0,17.51,9.0,1.38
Gayang 3(sam)-dong,Gangseo-gu,861.0,100.0,263.0,30.55,189.0,21.95,199.0,23.11,176.0,20.44,34.0,3.95
Balsan 1(il)-dong,Gangseo-gu,2147.0,100.0,861.0,40.1,547.0,25.48,402.0,18.72,235.0,10.95,102.0,4.75
Gonghang-dong,Gangseo-gu,1822.0,100.0,772.0,42.37,447.0,24.53,323.0,17.73,196.0,10.76,84.0,4.61
Banghwa 1(il)-dong,Gangseo-gu,1957.0,100.0,789.0,40.32,501.0,25.6,306.0,15.64,271.0,13.85,90.0,4.6
Banghwa 2(i)-dong,Gangseo-gu,3160.0,100.0,1023.0,32.37,664.0,21.01,515.0,16.3,736.0,23.29,222.0,7.03
Banghwa 3(sam)-dong,Gangseo-gu,853.0,100.0,262.0,30.72,156.0,18.29,190.0,22.27,207.0,24.27,38.0,4.45
Hwagok 1(il)-dong,Gangseo-gu,2987.0,100.0,1351.0,45.23,708.0,23.7,477.0,15.97,349.0,11.68,102.0,3.41
Ujangsan-dong,Gangseo-gu,1574.0,100.0,743.0,47.2,376.0,23.89,203.0,12.9,177.0,11.25,75.0,4.76
Sindorim-dong,Guro-gu,2569.0,100.0,975.0,37.95,576.0,22.42,417.0,16.23,392.0,15.26,209.0,8.14
Guro 1(il)-dong,Guro-gu,675.0,100.0,212.0,31.41,134.0,19.85,94.0,13.93,139.0,20.59,96.0,14.22
Guro 3(sam)-dong,Guro-gu,5737.0,100.0,2380.0,41.49,1339.0,23.34,1031.0,17.97,735.0,12.81,252.0,4.39
Guro 4(sa)-dong,Guro-gu,2011.0,100.0,838.0,41.67,397.0,19.74,339.0,16.86,270.0,13.43,167.0,8.3
Guro 5(o)-dong,Guro-gu,4619.0,100.0,1585.0,34.31,990.0,21.43,478.0,10.35,819.0,17.73,747.0,16.17
Gocheok 1(il)-dong,Guro-gu,2456.0,100.0,734.0,29.89,511.0,20.81,434.0,17.67,547.0,22.27,230.0,9.36
Gocheok 2(i)-dong,Guro-gu,1155.0,100.0,450.0,38.96,275.0,23.81,178.0,15.41,181.0,15.67,71.0,6.15
Gaebong 2(i)-dong,Guro-gu,1170.0,100.0,434.0,37.09,203.0,17.35,209.0,17.86,195.0,16.67,129.0,11.03
Gaebong 3(sam)-dong,Guro-gu,1002.0,100.0,368.0,36.73,193.0,19.26,177.0,17.66,156.0,15.57,108.0,10.78
Oryu 1(il)-dong,Guro-gu,1080.0,100.0,382.0,35.37,238.0,22.04,183.0,16.94,168.0,15.56,109.0,10.09
Oryu 2(i)-dong,Guro-gu,1406.0,100.0,534.0,37.98,236.0,16.79,229.0,16.29,233.0,16.57,174.0,12.38
Sugung-dong,Guro-gu,1091.0,100.0,306.0,28.05,202.0,18.52,204.0,18.7,215.0,19.71,164.0,15.03
Garibong-dong,Guro-gu,1032.0,100.0,357.0,34.59,181.0,17.54,228.0,22.09,175.0,16.96,91.0,8.82
Guro 2(i)-dong,Guro-gu,7577.0,100.0,2105.0,27.78,1704.0,22.49,1595.0,21.05,1548.0,20.43,625.0,8.25
Gaebong 1(il)-dong,Guro-gu,1772.0,100.0,640.0,36.12,355.0,20.03,318.0,17.95,292.0,16.48,167.0,9.42
Gasan-dong,Geumcheon-gu,11813.0,100.0,5041.0,42.67,3026.0,25.62,1922.0,16.27,1406.0,11.9,418.0,3.54
Doksan 1(il)-dong,Geumcheon-gu,3233.0,100.0,1209.0,37.4,743.0,22.98,503.0,15.56,531.0,16.42,247.0,7.64
Doksan 2(i)-dong,Geumcheon-gu,1237.0,100.0,532.0,43.01,280.0,22.64,210.0,16.98,151.0,12.21,64.0,5.17
Doksan 3(sam)-dong,Geumcheon-gu,2226.0,100.0,934.0,41.96,524.0,23.54,361.0,16.22,273.0,12.26,134.0,6.02
Doksan 4(sa)-dong,Geumcheon-gu,1060.0,100.0,450.0,42.45,256.0,24.15,151.0,14.25,149.0,14.06,54.0,5.09
Siheung 1(il)-dong,Geumcheon-gu,3018.0,100.0,1265.0,41.92,726.0,24.06,403.0,13.35,412.0,13.65,212.0,7.02
Siheung 2(i)-dong,Geumcheon-gu,551.0,100.0,206.0,37.39,126.0,22.87,128.0,23.23,58.0,10.53,33.0,5.99
Siheung 3(sam)-dong,Geumcheon-gu,3182.0,100.0,920.0,28.91,724.0,22.75,578.0,18.16,711.0,22.34,249.0,7.83
Siheung 4(sa)-dong,Geumcheon-gu,882.0,100.0,359.0,40.7,224.0,25.4,124.0,14.06,119.0,13.49,56.0,6.35
Siheung 5(o)-dong,Geumcheon-gu,1204.0,100.0,502.0,41.69,266.0,22.09,176.0,14.62,185.0,15.37,75.0,6.23
Yeouido-dong,Yeongdeungpo-gu,7564.0,100.0,3108.0,41.09,1718.0,22.71,1136.0,15.02,903.0,11.94,699.0,9.24
Dangsan 1(il)-dong,Yeongdeungpo-gu,3092.0,100.0,1236.0,39.97,700.0,22.64,497.0,16.07,455.0,14.72,204.0,6.6
Dangsan2(i)-dong,Yeongdeungpo-gu,2164.0,100.0,970.0,44.82,523.0,24.17,288.0,13.31,259.0,11.97,124.0,5.73
Yangpyeong 1(il)-dong,Yeongdeungpo-gu,3186.0,100.0,847.0,26.59,633.0,19.87,646.0,20.28,869.0,27.28,191.0,5.99
Yangpyeong 2(i)-dong,Yeongdeungpo-gu,2074.0,100.0,837.0,40.36,434.0,20.93,336.0,16.2,306.0,14.75,161.0,7.76
Singil 1(il)-dong,Yeongdeungpo-gu,1177.0,100.0,440.0,37.38,281.0,23.87,174.0,14.78,184.0,15.63,98.0,8.33
Singil 3(sam)-dong,Yeongdeungpo-gu,1007.0,100.0,320.0,31.78,249.0,24.73,191.0,18.97,152.0,15.09,95.0,9.43
Singil 4(sa)-dong,Yeongdeungpo-gu,595.0,100.0,200.0,33.61,154.0,25.88,109.0,18.32,78.0,13.11,54.0,9.08
Singil 5(o)-dong,Yeongdeungpo-gu,689.0,100.0,244.0,35.41,151.0,21.92,113.0,16.4,123.0,17.85,58.0,8.42
Singil 6(yuk)-dong,Yeongdeungpo-gu,1232.0,100.0,457.0,37.09,319.0,25.89,193.0,15.67,180.0,14.61,83.0,6.74
Singil 7(chil)-dong,Yeongdeungpo-gu,591.0,100.0,225.0,38.07,145.0,24.53,96.0,16.24,91.0,15.4,34.0,5.75
Daerim 1(il)-dong,Yeongdeungpo-gu,1129.0,100.0,461.0,40.83,271.0,24.0,174.0,15.41,153.0,13.55,70.0,6.2
Daerim 2(i)-dong,Yeongdeungpo-gu,1408.0,100.0,675.0,47.94,323.0,22.94,176.0,12.5,157.0,11.15,77.0,5.47
Daerim 3(sam)-dong,Yeongdeungpo-gu,2907.0,100.0,1047.0,36.02,650.0,22.36,478.0,16.44,552.0,18.99,180.0,6.19
Yeongdeungpobon-dong,Yeongdeungpo-gu,1240.0,100.0,539.0,43.47,269.0,21.69,211.0,17.02,166.0,13.39,55.0,4.44
Yeongdeungpo-dong,Yeongdeungpo-gu,6076.0,100.0,2134.0,35.12,1289.0,21.21,964.0,15.87,1097.0,18.05,592.0,9.74
Dorim-dong,Yeongdeungpo-gu,1025.0,100.0,433.0,42.24,228.0,22.24,159.0,15.51,144.0,14.05,61.0,5.95
Mullae-dong,Yeongdeungpo-gu,4995.0,100.0,1401.0,28.05,1120.0,22.42,865.0,17.32,1057.0,21.16,552.0,11.05
Noryangjin 2(i)-dong,Dongjak-gu,1035.0,100.0,390.0,37.68,229.0,22.13,163.0,15.75,163.0,15.75,90.0,8.7
Sangdo 1(il)-dong,Dongjak-gu,1724.0,100.0,723.0,41.94,399.0,23.14,241.0,13.98,221.0,12.82,140.0,8.12
Sangdo 2(i)-dong,Dongjak-gu,1261.0,100.0,458.0,36.32,310.0,24.58,192.0,15.23,183.0,14.51,118.0,9.36
Sangdo 3(sam)-dong,Dongjak-gu,989.0,100.0,371.0,37.51,185.0,18.71,146.0,14.76,149.0,15.07,138.0,13.95
Sangdo 4(sa)-dong,Dongjak-gu,1006.0,100.0,321.0,31.91,197.0,19.58,168.0,16.7,177.0,17.59,143.0,14.21
Sadang 1(il)-dong,Dongjak-gu,1744.0,100.0,733.0,42.03,388.0,22.25,241.0,13.82,270.0,15.48,112.0,6.42
Sadang 3(sam)-dong,Dongjak-gu,1037.0,100.0,378.0,36.45,214.0,20.64,167.0,16.1,163.0,15.72,115.0,11.09
Sadang 4(sa)-dong,Dongjak-gu,663.0,100.0,236.0,35.6,146.0,22.02,123.0,18.55,96.0,14.48,62.0,9.35
Sadang 5(o)-dong,Dongjak-gu,517.0,100.0,192.0,37.14,115.0,22.24,83.0,16.05,77.0,14.89,50.0,9.67
Daebang-dong,Dongjak-gu,1689.0,100.0,638.0,37.77,349.0,20.66,279.0,16.52,274.0,16.22,149.0,8.82
Sindaebang 1(il)-dong,Dongjak-gu,1050.0,100.0,414.0,39.43,250.0,23.81,152.0,14.48,153.0,14.57,81.0,7.71
Sindaebang 2(i)-dong,Dongjak-gu,1254.0,100.0,489.0,39.0,300.0,23.92,193.0,15.39,189.0,15.07,83.0,6.62
Heukseok-dong,Dongjak-gu,1622.0,100.0,668.0,41.18,299.0,18.43,247.0,15.23,222.0,13.69,186.0,11.47
Noryangjin 1(il)-dong,Dongjak-gu,2893.0,100.0,840.0,29.04,526.0,18.18,495.0,17.11,497.0,17.18,535.0,18.49
Sadang 2(i)-dong,Dongjak-gu,1551.0,100.0,669.0,43.13,352.0,22.7,207.0,13.35,201.0,12.96,122.0,7.87
Boramae-dong,Gwanak-gu,1316.0,100.0,573.0,43.54,261.0,19.83,194.0,14.74,181.0,13.75,107.0,8.13
Cheongnim-dong,Gwanak-gu,430.0,100.0,149.0,34.65,81.0,18.84,76.0,17.67,80.0,18.6,44.0,10.23
Haengun-dong,Gwanak-gu,1397.0,100.0,595.0,42.59,305.0,21.83,214.0,15.32,162.0,11.6,121.0,8.66
Nagseongdae-dong,Gwanak-gu,1277.0,100.0,596.0,46.67,284.0,22.24,162.0,12.69,157.0,12.29,78.0,6.11
Jungang-dong,Gwanak-gu,1469.0,100.0,435.0,29.61,207.0,14.09,193.0,13.14,281.0,19.13,353.0,24.03
Inheon-dong,Gwanak-gu,1123.0,100.0,434.0,38.65,225.0,20.04,170.0,15.14,191.0,17.01,103.0,9.17
Namhyeon-dong,Gwanak-gu,842.0,100.0,339.0,40.26,195.0,23.16,119.0,14.13,122.0,14.49,67.0,7.96
Sewon-dong,Gwanak-gu,1298.0,100.0,602.0,46.38,285.0,21.96,174.0,13.41,151.0,11.63,86.0,6.63
Sinwon-dong,Gwanak-gu,877.0,100.0,329.0,37.51,171.0,19.5,156.0,17.79,137.0,15.62,84.0,9.58
Serim-dong,Gwanak-gu,857.0,100.0,334.0,38.97,146.0,17.04,146.0,17.04,137.0,15.99,94.0,10.97
Sinsa-dong,Gwanak-gu,1451.0,100.0,614.0,42.32,315.0,21.71,220.0,15.16,215.0,14.82,87.0,6.0
Sillim-dong,Gwanak-gu,1744.0,100.0,927.0,53.15,348.0,19.95,240.0,13.76,150.0,8.6,79.0,4.53
Nanhyang-dong,Gwanak-gu,392.0,100.0,117.0,29.85,105.0,26.79,41.0,10.46,69.0,17.6,60.0,15.31
Jowon-dong,Gwanak-gu,2172.0,100.0,777.0,35.77,463.0,21.32,459.0,21.13,329.0,15.15,144.0,6.63
Daehak-dong,Gwanak-gu,1562.0,100.0,739.0,47.31,294.0,18.82,280.0,17.93,162.0,10.37,87.0,5.57
Euncheon-dong,Gwanak-gu,1673.0,100.0,614.0,36.7,343.0,20.5,304.0,18.17,228.0,13.63,184.0,11.0
Seonghyeon-dong,Gwanak-gu,834.0,100.0,267.0,32.01,152.0,18.23,168.0,20.14,128.0,15.35,119.0,14.27
Cheongnyong-dong,Gwanak-gu,1946.0,100.0,835.0,42.91,423.0,21.74,294.0,15.11,228.0,11.72,166.0,8.53
Nangok-dong,Gwanak-gu,935.0,100.0,251.0,26.84,185.0,19.79,174.0,18.61,187.0,20.0,138.0,14.76
Samseong-dong,Gwanak-gu,1139.0,100.0,271.0,23.79,189.0,16.59,241.0,21.16,251.0,22.04,187.0,16.42
Miseong-dong,Gwanak-gu,1575.0,100.0,537.0,34.1,352.0,22.35,250.0,15.87,251.0,15.94,185.0,11.75
Seocho 1(il)-dong,Seocho-gu,3047.0,100.0,1172.0,38.46,716.0,23.5,550.0,18.05,425.0,13.95,184.0,6.04
Seocho 2(i)-dong,Seocho-gu,4253.0,100.0,2009.0,47.24,1008.0,23.7,505.0,11.87,450.0,10.58,281.0,6.61
Seocho 3(sam)-dong,Seocho-gu,6884.0,100.0,2815.0,40.89,1635.0,23.75,1102.0,16.01,971.0,14.11,361.0,5.24
Seocho 4(sa)-dong,Seocho-gu,2704.0,100.0,1265.0,46.78,682.0,25.22,357.0,13.2,302.0,11.17,98.0,3.62
Jamwon-dong,Seocho-gu,2176.0,100.0,1006.0,46.23,490.0,22.52,320.0,14.71,251.0,11.53,109.0,5.01
Banpobon-dong,Seocho-gu,668.0,100.0,279.0,41.77,135.0,20.21,98.0,14.67,82.0,12.28,74.0,11.08
Banpo 1(il)-dong,Seocho-gu,1548.0,100.0,847.0,54.72,299.0,19.32,188.0,12.14,141.0,9.11,73.0,4.72
Banpo 2(i)-dong,Seocho-gu,428.0,100.0,189.0,44.16,92.0,21.5,53.0,12.38,47.0,10.98,47.0,10.98
Banpo 3(sam)-dong,Seocho-gu,887.0,100.0,348.0,39.23,191.0,21.53,135.0,15.22,113.0,12.74,100.0,11.27
Banpo 4(sa)-dong,Seocho-gu,3382.0,100.0,1260.0,37.26,782.0,23.12,597.0,17.65,537.0,15.88,206.0,6.09
Bangbaebon-dong,Seocho-gu,1606.0,100.0,725.0,45.14,397.0,24.72,238.0,14.82,162.0,10.09,84.0,5.23
Bangbae 1(il)-dong,Seocho-gu,1629.0,100.0,747.0,45.86,371.0,22.77,259.0,15.9,162.0,9.94,90.0,5.52
Bangbae 2(i)-dong,Seocho-gu,1771.0,100.0,735.0,41.5,412.0,23.26,292.0,16.49,246.0,13.89,86.0,4.86
Bangbae 3(sam)-dong,Seocho-gu,1103.0,100.0,376.0,34.09,247.0,22.39,195.0,17.68,179.0,16.23,106.0,9.61
Bangbae 4(sa)-dong,Seocho-gu,2265.0,100.0,917.0,40.49,533.0,23.53,406.0,17.92,268.0,11.83,141.0,6.23
Yangjae 1(il)-dong,Seocho-gu,3090.0,100.0,1220.0,39.48,705.0,22.82,531.0,17.18,475.0,15.37,159.0,5.15
Yangjae 2(i)-dong,Seocho-gu,4981.0,100.0,1943.0,39.01,1166.0,23.41,865.0,17.37,847.0,17.0,160.0,3.21
Naegok-dong,Seocho-gu,460.0,100.0,102.0,22.17,111.0,24.13,81.0,17.61,98.0,21.3,68.0,14.78
Sinsa-dong,Gangnam-gu,4334.0,100.0,2314.0,53.39,988.0,22.8,513.0,11.84,336.0,7.75,183.0,4.22
Nonhyeon 1(il)-dong,Gangnam-gu,4970.0,100.0,2404.0,48.37,1160.0,23.34,720.0,14.49,461.0,9.28,225.0,4.53
Nonhyeon 2(i)-dong,Gangnam-gu,5128.0,100.0,2409.0,46.98,1198.0,23.36,749.0,14.61,528.0,10.3,244.0,4.76
Samseong 1(il)-dong,Gangnam-gu,3170.0,100.0,1309.0,41.29,649.0,20.47,560.0,17.67,458.0,14.45,194.0,6.12
Samseong 2(i)-dong,Gangnam-gu,3008.0,100.0,1387.0,46.11,667.0,22.17,443.0,14.73,360.0,11.97,151.0,5.02
Daechi 1(il)-dong,Gangnam-gu,1004.0,100.0,459.0,45.72,257.0,25.6,147.0,14.64,74.0,7.37,67.0,6.67
Daechi 4(sa)-dong,Gangnam-gu,3242.0,100.0,1717.0,52.96,733.0,22.61,443.0,13.66,255.0,7.87,94.0,2.9
Yeoksam 1(il)-dong,Gangnam-gu,12516.0,100.0,6677.0,53.35,2500.0,19.97,1569.0,12.54,1202.0,9.6,568.0,4.54
Yeoksam 2(i)-dong,Gangnam-gu,2956.0,100.0,1427.0,48.27,620.0,20.97,379.0,12.82,349.0,11.81,181.0,6.12
Dogok 1(il)-dong,Gangnam-gu,1392.0,100.0,609.0,43.75,348.0,25.0,199.0,14.3,175.0,12.57,61.0,4.38
Dogok 2(i)-dong,Gangnam-gu,1646.0,100.0,635.0,38.58,448.0,27.22,285.0,17.31,219.0,13.3,59.0,3.58
Gaepo 1(il)-dong,Gangnam-gu,459.0,100.0,129.0,28.1,95.0,20.7,72.0,15.69,102.0,22.22,61.0,13.29
Gaepo 4(sa)-dong,Gangnam-gu,3257.0,100.0,993.0,30.49,684.0,21.0,590.0,18.11,758.0,23.27,232.0,7.12
Irwonbon-dong,Gangnam-gu,492.0,100.0,140.0,28.46,117.0,23.78,72.0,14.63,146.0,29.67,17.0,3.46
Irwon 1(il)-dong,Gangnam-gu,894.0,100.0,353.0,39.49,227.0,25.39,140.0,15.66,138.0,15.44,36.0,4.03
Irwon 2(i)-dong,Gangnam-gu,575.0,100.0,186.0,32.35,104.0,18.09,116.0,20.17,141.0,24.52,28.0,4.87
Suseo-dong,Gangnam-gu,1333.0,100.0,436.0,32.71,330.0,24.76,294.0,22.06,222.0,16.65,51.0,3.83
Segok-dong,Gangnam-gu,437.0,100.0,192.0,43.94,77.0,17.62,85.0,19.45,50.0,11.44,33.0,7.55
Apgujeong -dong,Gangnam-gu,3778.0,100.0,1778.0,47.06,962.0,25.46,523.0,13.84,332.0,8.79,183.0,4.84
Cheongdam -dong,Gangnam-gu,3793.0,100.0,1904.0,50.2,825.0,21.75,501.0,13.21,364.0,9.6,199.0,5.25
Daechi 2(i)-dong,Gangnam-gu,3220.0,100.0,1246.0,38.7,755.0,23.45,493.0,15.31,456.0,14.16,270.0,8.39
Gaepo 2(i)-dong,Gangnam-gu,1010.0,100.0,365.0,36.14,224.0,22.18,179.0,17.72,149.0,14.75,93.0,9.21
Pungnap 1(il)-dong,Songpa-gu,806.0,100.0,275.0,34.12,174.0,21.59,139.0,17.25,161.0,19.98,57.0,7.07
Pungnap 2(i)-dong,Songpa-gu,1236.0,100.0,439.0,35.52,280.0,22.65,251.0,20.31,181.0,14.64,85.0,6.88
Geoyeo 1(il)-dong,Songpa-gu,828.0,100.0,286.0,34.54,196.0,23.67,160.0,19.32,146.0,17.63,40.0,4.83
Geoyeo 2(i)-dong,Songpa-gu,1223.0,100.0,398.0,32.54,294.0,24.04,259.0,21.18,211.0,17.25,61.0,4.99
Macheon 1(il)-dong,Songpa-gu,910.0,100.0,296.0,32.53,220.0,24.18,172.0,18.9,150.0,16.48,72.0,7.91
Macheon 2(i)-dong,Songpa-gu,1340.0,100.0,446.0,33.28,306.0,22.84,269.0,20.07,240.0,17.91,79.0,5.9
Bangi 1(il)-dong,Songpa-gu,1312.0,100.0,594.0,45.27,305.0,23.25,203.0,15.47,170.0,12.96,40.0,3.05
Bangi 2(i)-dong,Songpa-gu,2771.0,100.0,1204.0,43.45,641.0,23.13,486.0,17.54,330.0,11.91,110.0,3.97
Oryun-dong,Songpa-gu,510.0,100.0,142.0,27.84,115.0,22.55,80.0,15.69,75.0,14.71,98.0,19.22
Ogeum-dong,Songpa-gu,3197.0,100.0,1065.0,33.31,699.0,21.86,602.0,18.83,599.0,18.74,232.0,7.26
Songpa 1(il)-dong,Songpa-gu,2442.0,100.0,936.0,38.33,479.0,19.62,424.0,17.36,515.0,21.09,88.0,3.6
Songpa 2(i)-dong,Songpa-gu,881.0,100.0,379.0,43.02,193.0,21.91,144.0,16.35,111.0,12.6,54.0,6.13
Seokchon-dong,Songpa-gu,2757.0,100.0,1131.0,41.02,663.0,24.05,457.0,16.58,358.0,12.99,148.0,5.37
Samjeon-dong,Songpa-gu,1972.0,100.0,843.0,42.75,471.0,23.88,320.0,16.23,246.0,12.47,92.0,4.67
Garakbon-dong,Songpa-gu,3460.0,100.0,1528.0,44.16,762.0,22.02,565.0,16.33,506.0,14.62,99.0,2.86
Garak 1(il)-dong,Songpa-gu,3322.0,100.0,387.0,11.65,932.0,28.06,805.0,24.23,508.0,15.29,690.0,20.77
Garak 2(i)-dong,Songpa-gu,1832.0,100.0,733.0,40.01,441.0,24.07,310.0,16.92,269.0,14.68,79.0,4.31
Munjeong 1(il)-dong,Songpa-gu,1434.0,100.0,613.0,42.75,367.0,25.59,227.0,15.83,184.0,12.83,43.0,3.0
Munjeong 2(i)-dong,Songpa-gu,2170.0,100.0,1423.0,65.58,284.0,13.09,214.0,9.86,183.0,8.43,66.0,3.04
Jangji-dong,Songpa-gu,1449.0,100.0,583.0,40.23,341.0,23.53,256.0,17.67,210.0,14.49,59.0,4.07
Jamsilbon-dong,Songpa-gu,3052.0,100.0,1401.0,45.9,677.0,22.18,490.0,16.06,357.0,11.7,127.0,4.16
Jamsil 4(sa)-dong,Songpa-gu,462.0,100.0,196.0,42.42,133.0,28.79,43.0,9.31,50.0,10.82,40.0,8.66
Jamsil 6(yuk)-dong,Songpa-gu,1959.0,100.0,601.0,30.68,426.0,21.75,418.0,21.34,330.0,16.85,184.0,9.39
Jamsil 7(chil)-dong,Songpa-gu,195.0,100.0,59.0,30.26,35.0,17.95,37.0,18.97,34.0,17.44,30.0,15.38
Jamsil 2(i)-dong,Songpa-gu,765.0,100.0,479.0,62.61,164.0,21.44,42.0,5.49,42.0,5.49,38.0,4.97
Jamsil 3(sam)-dong,Songpa-gu,1218.0,100.0,611.0,50.16,290.0,23.81,109.0,8.95,109.0,8.95,99.0,8.13
Gangil-dong,Gangdong-gu,683.0,100.0,359.0,52.56,92.0,13.47,83.0,12.15,79.0,11.57,70.0,10.25
Sangil-dong,Gangdong-gu,1238.0,100.0,380.0,30.69,209.0,16.88,191.0,15.43,236.0,19.06,222.0,17.93
Myeongil 1(il)-dong,Gangdong-gu,1665.0,100.0,712.0,42.76,377.0,22.64,237.0,14.23,195.0,11.71,144.0,8.65
Myeongil 2(i)-dong,Gangdong-gu,1267.0,100.0,540.0,42.62,326.0,25.73,181.0,14.29,164.0,12.94,56.0,4.42
Godeok 1(il)-dong,Gangdong-gu,550.0,100.0,149.0,27.09,106.0,19.27,100.0,18.18,116.0,21.09,79.0,14.36
Godeok 2(i)-dong,Gangdong-gu,1945.0,100.0,201.0,10.33,159.0,8.17,178.0,9.15,578.0,29.72,829.0,42.62
Amsa 2(i)-dong,Gangdong-gu,812.0,100.0,312.0,38.42,170.0,20.94,143.0,17.61,101.0,12.44,86.0,10.59
Amsa 3(sam)-dong,Gangdong-gu,603.0,100.0,244.0,40.46,116.0,19.24,82.0,13.6,77.0,12.77,84.0,13.93
Cheonho 1(il)-dong,Gangdong-gu,1558.0,100.0,599.0,38.45,312.0,20.03,238.0,15.28,217.0,13.93,192.0,12.32
Cheonho 3(sam)-dong,Gangdong-gu,1877.0,100.0,772.0,41.13,409.0,21.79,267.0,14.22,274.0,14.6,155.0,8.26
Seongnae 1(il)-dong,Gangdong-gu,2045.0,100.0,794.0,38.83,439.0,21.47,364.0,17.8,310.0,15.16,138.0,6.75
Seongnae 2(i)-dong,Gangdong-gu,1928.0,100.0,884.0,45.85,402.0,20.85,260.0,13.49,244.0,12.66,138.0,7.16
Seongnae 3(sam)-dong,Gangdong-gu,2384.0,100.0,1036.0,43.46,547.0,22.94,365.0,15.31,285.0,11.95,151.0,6.33
Dunchon 1(il)-dong,Gangdong-gu,404.0,100.0,119.0,29.46,67.0,16.58,67.0,16.58,73.0,18.07,78.0,19.31
Dunchon 2(i)-dong,Gangdong-gu,1610.0,100.0,636.0,39.5,338.0,20.99,258.0,16.02,238.0,14.78,140.0,8.7
Amsa 1(il)-dong,Gangdong-gu,1947.0,100.0,788.0,40.47,399.0,20.49,301.0,15.46,256.0,13.15,203.0,10.43
Cheonho 2(i)-dong,Gangdong-gu,3424.0,100.0,1531.0,44.71,706.0,20.62,488.0,14.25,437.0,12.76,262.0,7.65
Gil-dong,Gangdong-gu,3816.0,100.0,1619.0,42.43,774.0,20.28,589.0,15.44,513.0,13.44,321.0,8.41
