Dong,사업_사업체현황종사자규모별_Gu_Gu_Gu,사업_사업체현황종사자규모별_합계_사업체수_사업체수,사업_사업체현황종사자규모별_합계_사업체수_여성대표자,사업_사업체현황종사자규모별_합계_종사자수_계,사업_사업체현황종사자규모별_합계_종사자수_남,사업_사업체현황종사자규모별_합계_종사자수_여,사업_사업체현황종사자규모별_1~4명_사업체수_사업체수,사업_사업체현황종사자규모별_1~4명_종사자수_종사자수,사업_사업체현황종사자규모별_5~9명_사업체수_사업체수,사업_사업체현황종사자규모별_5~9명_종사자수_종사자수,사업_사업체현황종사자규모별_10~19명_사업체수_사업체수,사업_사업체현황종사자규모별_10~19명_종사자수_종사자수,사업_사업체현황종사자규모별_20~49명_사업체수_사업체수,사업_사업체현황종사자규모별_20~49명_종사자수_종사자수,사업_사업체현황종사자규모별_50~99명_사업체수_사업체수,사업_사업체현황종사자규모별_50~99명_종사자수_종사자수,사업_사업체현황종사자규모별_100~299명_사업체수_사업체수,사업_사업체현황종사자규모별_100~299명_종사자수_종사자수,사업_사업체현황종사자규모별_300~499명_사업체수_사업체수,사업_사업체현황종사자규모별_300~499명_종사자수_종사자수,사업_사업체현황종사자규모별_500~999명_사업체수_사업체수,사업_사업체현황종사자규모별_500~999명_종사자수_종사자수,"사업_사업체현황종사자규모별_1,000명 이상_사업체수_사업체수","사업_사업체현황종사자규모별_1,000명 이상_종사자수_종사자수"
Sajik-dong,Jongno-gu,3466.0,1118.0,45046.0,25492.0,19554.0,2377.0,5062.0,631.0,4020.0,241.0,3239.0,119,3502,40,2626,30,4870,15,5571,6,3854,7,12302
Samcheong-dong,Jongno-gu,650.0,300.0,3980.0,2013.0,1967.0,511.0,1067.0,92.0,584.0,25.0,309.0,14,363,7,537,-,-,-,-,-,-,1,1120
Buam-dong,Jongno-gu,483.0,192.0,3590.0,1731.0,1859.0,391.0,691.0,45.0,289.0,30.0,394.0,11,348,3,250,2,253,-,-,-,-,1,1365
Pyeongchang-dong,Jongno-gu,662.0,319.0,2635.0,1239.0,1396.0,543.0,920.0,69.0,459.0,28.0,355.0,16,453,5,309,1,139,-,-,-,-,-,-
Muak-dong,Jongno-gu,558.0,134.0,1388.0,723.0,665.0,514.0,696.0,30.0,186.0,10.0,124.0,2,41,1,61,1,280,-,-,-,-,-,-
Gyonam-dong,Jongno-gu,315.0,97.0,3493.0,1479.0,2014.0,257.0,479.0,27.0,165.0,17.0,232.0,8,224,1,87,4,832,-,-,-,-,1,1474
Gahoe-dong,Jongno-gu,607.0,288.0,8218.0,5608.0,2610.0,456.0,872.0,87.0,547.0,31.0,399.0,13,412,7,548,6,852,5,1840,1,910,1,1838
Jongno 1·2·3·4(ilisamsa)-ga-dong,Jongno-gu,15713.0,4834.0,97700.0,57531.0,40169.0,13213.0,22697.0,1514.0,9451.0,545.0,7122.0,262,7788,74,5131,65,10786,18,6848,12,7615,10,20262
Jongno 5·6(oryuk)-ga-dong,Jongno-gu,7735.0,2568.0,24602.0,15195.0,9407.0,7075.0,12733.0,456.0,2803.0,126.0,1650.0,49,1358,14,1013,7,1224,5,2017,3,1804,-,-
Ihwa-dong,Jongno-gu,1139.0,373.0,13777.0,5609.0,8168.0,798.0,1609.0,200.0,1313.0,82.0,1056.0,41,1171,6,478,8,1056,1,406,2,1210,1,5478
Changsin 1(il)-dong,Jongno-gu,2250.0,680.0,6408.0,3370.0,3038.0,2091.0,4019.0,106.0,624.0,30.0,377.0,16,469,5,336,1,143,1,440,-,-,-,-
Changsin 2(i)-dong,Jongno-gu,858.0,280.0,2331.0,1038.0,1293.0,745.0,1466.0,100.0,617.0,11.0,145.0,1,26,1,77,-,-,-,-,-,-,-,-
Changsin 3(sam)-dong,Jongno-gu,269.0,77.0,794.0,415.0,379.0,241.0,407.0,16.0,100.0,6.0,77.0,4,107,2,103,-,-,-,-,-,-,-,-
Sungin 1(il)-dong,Jongno-gu,531.0,163.0,1659.0,722.0,937.0,451.0,926.0,66.0,423.0,10.0,138.0,3,104,1,68,-,-,-,-,-,-,-,-
Sungin 2(i)-dong,Jongno-gu,1683.0,479.0,5682.0,2838.0,2844.0,1479.0,2600.0,131.0,815.0,35.0,452.0,28,804,8,476,1,115,1,420,-,-,-,-
Cheongunhyoja-dong,Jongno-gu,795.0,336.0,5625.0,3241.0,2384.0,669.0,1073.0,56.0,359.0,35.0,465.0,16,496,10,689,6,819,-,-,3,1724,-,-
Hyehwa-dong,Jongno-gu,1612.0,612.0,8753.0,4290.0,4463.0,1236.0,2407.0,239.0,1520.0,93.0,1224.0,28,899,7,483,8,1225,-,-,1,995,-,-
Sogong-dong,Jung-gu,3823.0,947.0,61868.0,37241.0,24627.0,2317.0,5604.0,801.0,5067.0,317.0,4222.0,203,6261,87,5996,63,9882,18,6554,8,5584,9,12698
Hoehyeon-dong,Jung-gu,9869.0,4958.0,47252.0,25510.0,21742.0,9030.0,15630.0,483.0,2994.0,150.0,2035.0,108,3373,39,2808,36,6176,12,4404,9,6288,2,3544
Myeong-dong,Jung-gu,6855.0,1935.0,103320.0,58825.0,44495.0,4477.0,10250.0,1368.0,8634.0,482.0,6384.0,295,8706,104,7187,79,13421,24,9508,15,9935,11,29295
Pil-dong,Jung-gu,3196.0,755.0,21901.0,13226.0,8675.0,2484.0,5696.0,466.0,2894.0,119.0,1538.0,81,2336,18,1239,21,3389,4,1504,2,1514,1,1791
Jangchung-dong,Jung-gu,844.0,239.0,9297.0,4725.0,4572.0,621.0,1505.0,125.0,803.0,48.0,618.0,22,647,14,984,9,1716,3,1166,1,660,1,1198
Gwanghui-dong ,Jung-gu,10372.0,3558.0,36642.0,19996.0,16646.0,9426.0,16826.0,613.0,3689.0,182.0,2386.0,108,3200,24,1600,9,1130,4,1651,4,2783,2,3377
Euljiro-dong,Jung-gu,9814.0,1964.0,27740.0,18949.0,8791.0,9029.0,15807.0,543.0,3303.0,148.0,1878.0,65,2082,17,1204,8,1468,3,1327,1,671,-,-
Sindang 5(o)-dong,Jung-gu,1156.0,406.0,4043.0,2110.0,1933.0,979.0,1870.0,122.0,786.0,43.0,544.0,10,293,1,95,-,-,1,455,-,-,-,-
Hwanghak-dong,Jung-gu,2055.0,632.0,5702.0,3488.0,2214.0,1943.0,2922.0,62.0,386.0,37.0,472.0,10,266,-,-,1,230,-,-,2,1426,-,-
Jungnim-dong,Jung-gu,1045.0,309.0,8292.0,4330.0,3962.0,803.0,1553.0,125.0,789.0,53.0,718.0,29,935,20,1422,13,2027,1,340,1,508,-,-
Sindang-dong,Jung-gu,12219.0,6254.0,26112.0,11853.0,14259.0,11853.0,21155.0,272.0,1658.0,60.0,769.0,19,582,7,456,7,1157,1,335,-,-,-,-
Dasan-dong,Jung-gu,1119.0,345.0,7855.0,3647.0,4208.0,874.0,1530.0,146.0,937.0,49.0,632.0,35,1029,9,589,1,165,1,302,3,1589,1,1082
Yaksu-dong,Jung-gu,834.0,360.0,3478.0,1616.0,1862.0,693.0,1225.0,82.0,521.0,38.0,476.0,16,480,1,59,3,396,1,321,-,-,-,-
Cheonggu-dong,Jung-gu,702.0,218.0,3274.0,2059.0,1215.0,574.0,950.0,82.0,498.0,26.0,332.0,14,367,4,275,1,152,-,-,1,700,-,-
Donghwa-dong,Jung-gu,943.0,282.0,3294.0,1714.0,1580.0,797.0,1499.0,100.0,590.0,30.0,423.0,10,279,4,269,2,234,-,-,-,-,-,-
Huam-dong,Yongsan-gu,819.0,303.0,5239.0,2153.0,3086.0,712.0,1243.0,64.0,404.0,24.0,322.0,9,295,7,458,-,-,1,375,1,532,1,1610
Yongsan 2-ga-dong,Yongsan-gu,511.0,154.0,2934.0,1548.0,1386.0,439.0,660.0,43.0,270.0,15.0,199.0,5,164,5,301,3,538,-,-,1,802,-,-
Namyeong-dong,Yongsan-gu,1612.0,597.0,20356.0,13110.0,7246.0,1121.0,2389.0,251.0,1542.0,112.0,1528.0,83,2497,23,1488,13,2013,5,1652,1,533,3,6714
Wonhyoro 2(i)-dong,Yongsan-gu,1190.0,296.0,6812.0,4574.0,2238.0,945.0,1738.0,140.0,923.0,62.0,848.0,27,797,6,444,8,1289,2,773,-,-,-,-
Hyochang-dong,Yongsan-gu,535.0,151.0,2603.0,1483.0,1120.0,407.0,727.0,71.0,462.0,39.0,505.0,13,368,3,198,2,343,-,-,-,-,-,-
Yongmun-dong,Yongsan-gu,637.0,262.0,1600.0,852.0,748.0,561.0,907.0,57.0,343.0,13.0,161.0,6,189,-,-,-,-,-,-,-,-,-,-
Ichon 1(il)-dong,Yongsan-gu,805.0,384.0,3486.0,1559.0,1927.0,610.0,1187.0,134.0,851.0,41.0,527.0,14,357,3,206,3,358,-,-,-,-,-,-
Ichon 2(i)-dong,Yongsan-gu,337.0,89.0,876.0,579.0,297.0,296.0,455.0,26.0,161.0,10.0,123.0,5,137,-,-,-,-,-,-,-,-,-,-
Itaewon 1(il)-dong,Yongsan-gu,1584.0,690.0,7121.0,3945.0,3176.0,1300.0,2136.0,182.0,1147.0,67.0,865.0,27,760,4,258,3,329,-,-,-,-,1,1626
Itaewon 2(i)-dong,Yongsan-gu,597.0,231.0,2215.0,1269.0,946.0,499.0,850.0,69.0,436.0,21.0,269.0,5,168,1,62,1,101,1,329,-,-,-,-
Seobinggo-dong,Yongsan-gu,405.0,124.0,4616.0,2780.0,1836.0,301.0,469.0,47.0,302.0,24.0,301.0,15,447,7,445,7,1097,4,1555,-,-,-,-
Bogwang-dong,Yongsan-gu,772.0,303.0,2091.0,1128.0,963.0,703.0,1231.0,47.0,287.0,13.0,158.0,6,180,3,235,-,-,-,-,-,-,-,-
Cheongpa-dong,Yongsan-gu,1890.0,644.0,10019.0,4445.0,5574.0,1548.0,2986.0,237.0,1451.0,58.0,750.0,27,802,12,849,7,1173,-,-,-,-,1,2008
Wonhyoro 1(il)-dong,Yongsan-gu,1725.0,489.0,8110.0,5388.0,2722.0,1332.0,2599.0,253.0,1615.0,95.0,1226.0,29,839,11,802,3,354,2,675,-,-,-,-
Hangangno-dong,Yongsan-gu,4988.0,1234.0,33136.0,19926.0,13210.0,3932.0,7401.0,631.0,3982.0,258.0,3321.0,99,3053,26,1792,31,5086,7,2846,2,1210,2,4445
Hannam-dong,Yongsan-gu,1660.0,611.0,15937.0,8562.0,7375.0,1106.0,2204.0,309.0,1966.0,133.0,1775.0,80,2348,13,866,15,2076,-,-,1,903,3,3799
Wangsimni 2(i)-dong,Seongdong-gu,746.0,254.0,1926.0,912.0,1014.0,661.0,1053.0,61.0,388.0,16.0,204.0,6,146,2,135,-,-,-,-,-,-,-,-
Majang-dong,Seongdong-gu,3146.0,765.0,10974.0,7387.0,3587.0,2735.0,4759.0,288.0,1804.0,77.0,1000.0,24,694,15,1007,5,778,2,932,-,-,-,-
Sageun-dong,Seongdong-gu,963.0,321.0,9219.0,4452.0,4767.0,772.0,1536.0,134.0,834.0,33.0,452.0,13,373,3,223,4,458,1,402,1,940,2,4001
Haengdang 1(il)-dong,Seongdong-gu,1400.0,550.0,8526.0,4529.0,3997.0,1127.0,2055.0,156.0,955.0,73.0,970.0,30,824,5,353,6,899,-,-,2,1038,1,1432
Haengdang 2(i)-dong,Seongdong-gu,571.0,237.0,2107.0,859.0,1248.0,479.0,846.0,61.0,377.0,19.0,250.0,7,185,3,221,2,228,-,-,-,-,-,-
Eungbong-dong,Seongdong-gu,384.0,127.0,1024.0,548.0,476.0,344.0,491.0,23.0,149.0,11.0,138.0,4,118,2,128,-,-,-,-,-,-,-,-
Geumho 1(il)-ga-dong,Seongdong-gu,571.0,199.0,1658.0,796.0,862.0,487.0,783.0,54.0,350.0,23.0,295.0,6,136,1,94,-,-,-,-,-,-,-,-
Geumho 4(sa)-ga-dong,Seongdong-gu,616.0,239.0,1963.0,1043.0,920.0,543.0,900.0,47.0,293.0,18.0,229.0,4,100,3,239,1,202,-,-,-,-,-,-
Seongsu 1(il)-ga1(il)-dong,Seongdong-gu,1336.0,323.0,6683.0,4304.0,2379.0,1037.0,1852.0,190.0,1227.0,61.0,818.0,35,1006,4,266,9,1514,-,-,-,-,-,-
Seongsu 1(il)-ga2(i)-dong,Seongdong-gu,1946.0,458.0,12598.0,8205.0,4393.0,1376.0,2578.0,298.0,1912.0,162.0,2105.0,86,2477,12,817,8,1054,3,935,1,720,-,-
Seongsu 2(i)-ga1(il)-dong,Seongdong-gu,2351.0,646.0,14571.0,9193.0,5378.0,1748.0,3183.0,346.0,2269.0,140.0,1920.0,77,2285,28,1914,9,1411,1,302,2,1287,-,-
Seongsu 2(i)-ga 3(sam)-dong,Seongdong-gu,4690.0,1008.0,43517.0,28098.0,15419.0,2930.0,5914.0,890.0,5780.0,507.0,6766.0,253,7387,75,5423,27,4498,4,1428,1,538,3,5783
Songjeong-dong,Seongdong-gu,712.0,201.0,2156.0,1319.0,837.0,635.0,1050.0,56.0,335.0,9.0,121.0,7,220,4,291,1,139,-,-,-,-,-,-
Yongdap-dong,Seongdong-gu,2050.0,535.0,13485.0,8552.0,4933.0,1668.0,2985.0,237.0,1460.0,76.0,997.0,42,1230,14,986,6,1029,2,640,3,1810,2,2348
WangsimniDoseon-dong,Seongdong-gu,1588.0,497.0,8254.0,4301.0,3953.0,1242.0,2438.0,232.0,1429.0,65.0,884.0,31,998,7,406,9,1391,2,708,-,-,-,-
Geumho 2.3(i.sam)-ga-dong,Seongdong-gu,974.0,413.0,2422.0,1054.0,1368.0,884.0,1487.0,66.0,418.0,16.0,205.0,6,151,2,161,-,-,-,-,-,-,-,-
Oksu-dong,Seongdong-gu,759.0,317.0,2720.0,1272.0,1448.0,607.0,1068.0,103.0,652.0,37.0,471.0,8,216,4,313,-,-,-,-,-,-,-,-
Hwayang-dong,Gwangjin-gu,2456.0,888.0,14197.0,7337.0,6860.0,1928.0,4022.0,386.0,2402.0,89.0,1111.0,33,1010,15,1009,3,451,-,-,-,-,2,4192
Gunja-dong,Gwangjin-gu,1572.0,551.0,7832.0,4276.0,3556.0,1299.0,2459.0,181.0,1120.0,60.0,749.0,18,559,9,597,4,652,-,-,-,-,1,1696
Junggok 1(il)-dong,Gwangjin-gu,1601.0,553.0,6943.0,3973.0,2970.0,1335.0,2368.0,182.0,1133.0,49.0,628.0,23,667,3,196,8,1569,1,382,-,-,-,-
Junggok 2(i)-dong,Gwangjin-gu,1748.0,639.0,5699.0,2711.0,2988.0,1460.0,2618.0,200.0,1295.0,63.0,821.0,21,547,1,50,3,368,-,-,-,-,-,-
Junggok 3(sam)-dong,Gwangjin-gu,1359.0,522.0,4778.0,2582.0,2196.0,1156.0,1940.0,137.0,857.0,41.0,511.0,20,551,1,72,3,522,1,325,-,-,-,-
Junggok 4(sa)-dong,Gwangjin-gu,1572.0,539.0,4959.0,2800.0,2159.0,1390.0,2200.0,131.0,830.0,24.0,294.0,18,503,8,620,-,-,-,-,1,512,-,-
Neung-dong,Gwangjin-gu,698.0,224.0,4466.0,2175.0,2291.0,507.0,1047.0,100.0,650.0,48.0,607.0,30,860,8,549,4,433,1,320,-,-,-,-
Guui 1(il)-dong,Gwangjin-gu,1838.0,645.0,6361.0,3741.0,2620.0,1585.0,2813.0,173.0,1096.0,57.0,715.0,15,421,4,321,2,341,2,654,-,-,-,-
Guui 2(i)-dong,Gwangjin-gu,1314.0,421.0,5211.0,2977.0,2234.0,1115.0,1851.0,120.0,762.0,46.0,596.0,17,512,13,932,3,558,-,-,-,-,-,-
Guui 3(sam)-dong,Gwangjin-gu,2596.0,845.0,19699.0,13156.0,6543.0,2112.0,4006.0,288.0,1822.0,119.0,1530.0,41,1170,13,976,15,2660,4,1344,2,1266,2,4925
Gwangjang-dong,Gwangjin-gu,1361.0,521.0,10953.0,6030.0,4923.0,999.0,1920.0,204.0,1295.0,98.0,1289.0,38,1207,11,792,8,1085,1,333,-,-,2,3032
Jayang 1(il)-dong,Gwangjin-gu,1694.0,619.0,8364.0,5018.0,3346.0,1463.0,2437.0,149.0,926.0,40.0,528.0,29,868,4,326,5,870,1,351,2,1031,1,1027
Jayang 2(i)-dong,Gwangjin-gu,1517.0,469.0,7311.0,4263.0,3048.0,1295.0,2211.0,125.0,800.0,51.0,662.0,27,860,12,839,4,601,2,709,1,629,-,-
Jayang 3(sam)-dong,Gwangjin-gu,1317.0,508.0,6244.0,3137.0,3107.0,1056.0,1875.0,163.0,1048.0,55.0,720.0,29,826,6,444,7,1001,1,330,-,-,-,-
Jayang 4(sa)-dong,Gwangjin-gu,2033.0,762.0,6948.0,4010.0,2938.0,1774.0,3126.0,184.0,1155.0,47.0,593.0,21,595,2,155,3,523,2,801,-,-,-,-
Hoegi-dong,Dongdaemun-gu,990.0,409.0,10029.0,4817.0,5212.0,810.0,1655.0,117.0,739.0,34.0,420.0,10,328,11,779,4,618,1,319,1,622,2,4549
Hwigyeong 1(il)-dong,Dongdaemun-gu,1041.0,367.0,3869.0,1927.0,1942.0,875.0,1530.0,120.0,723.0,32.0,424.0,10,289,1,77,2,296,-,-,1,530,-,-
Hwigyeong 2(i)-dong,Dongdaemun-gu,1092.0,277.0,4462.0,2137.0,2325.0,972.0,1336.0,71.0,435.0,22.0,275.0,12,390,9,636,5,614,-,-,1,776,-,-
Cheongnyangni-dong,Dongdaemun-gu,1687.0,629.0,8301.0,4555.0,3746.0,1475.0,2444.0,125.0,794.0,54.0,705.0,14,409,6,384,9,1479,3,1319,1,767,-,-
Yongsin-dong,Dongdaemun-gu,5504.0,1691.0,27882.0,16050.0,11832.0,4596.0,7618.0,542.0,3418.0,205.0,2687.0,100,3080,34,2360,18,2898,3,1152,4,2454,2,2215
Jegi-dong,Dongdaemun-gu,4697.0,1661.0,11249.0,6174.0,5075.0,4338.0,6808.0,244.0,1540.0,72.0,914.0,28,811,13,923,2,253,-,-,-,-,-,-
Jeonnong 1(il)-dong,Dongdaemun-gu,2244.0,849.0,7761.0,3798.0,3963.0,1996.0,3557.0,160.0,999.0,55.0,725.0,23,655,4,248,5,862,-,-,1,715,-,-
Jeonnong 2(i)-dong,Dongdaemun-gu,845.0,311.0,4362.0,1954.0,2408.0,740.0,1194.0,61.0,374.0,27.0,356.0,9,301,6,414,1,133,-,-,-,-,1,1590
Dapsimni 1(il)-dong,Dongdaemun-gu,2095.0,551.0,10111.0,6323.0,3788.0,1826.0,2905.0,149.0,953.0,74.0,885.0,23,695,13,831,6,1077,2,880,1,884,1,1001
Dapsimni 2(i)-dong,Dongdaemun-gu,2003.0,516.0,5735.0,3479.0,2256.0,1743.0,2852.0,183.0,1161.0,55.0,715.0,16,446,5,355,1,206,-,-,-,-,-,-
Jangan 1(il)-dong,Dongdaemun-gu,4376.0,1271.0,20752.0,11494.0,9258.0,3501.0,6390.0,554.0,3518.0,192.0,2414.0,81,2360,29,1835,15,2556,4,1679,-,-,-,-
Jangan 2(i)-dong,Dongdaemun-gu,3190.0,1130.0,10088.0,4930.0,5158.0,2802.0,5017.0,261.0,1599.0,74.0,944.0,37,1068,10,640,6,820,-,-,-,-,-,-
Imun 1(il)-dong,Dongdaemun-gu,1476.0,594.0,5316.0,2778.0,2538.0,1313.0,2311.0,119.0,711.0,23.0,290.0,16,445,4,291,-,-,-,-,-,-,1,1268
Imun 2(i)-dong,Dongdaemun-gu,732.0,276.0,2183.0,1291.0,892.0,651.0,994.0,54.0,339.0,17.0,207.0,6,161,1,92,3,390,-,-,-,-,-,-
Myeonmok 2(i)-dong,Jungnang-gu,2018.0,645.0,6140.0,3511.0,2629.0,1741.0,3004.0,209.0,1340.0,52.0,655.0,9,294,4,289,3,558,-,-,-,-,-,-
Myeonmok 4(sa)-dong,Jungnang-gu,1058.0,395.0,3407.0,1908.0,1499.0,924.0,1552.0,84.0,515.0,37.0,426.0,10,251,2,178,-,-,1,485,-,-,-,-
Myeonmok 5(o)-dong,Jungnang-gu,1002.0,284.0,3740.0,2242.0,1498.0,832.0,1584.0,109.0,660.0,47.0,616.0,9,242,1,50,4,588,-,-,-,-,-,-
Myeonmok 7(chil)-dong,Jungnang-gu,1507.0,534.0,4122.0,1989.0,2133.0,1316.0,2316.0,130.0,821.0,54.0,644.0,5,132,1,56,1,153,-,-,-,-,-,-
Sangbong 1(il)-dong,Jungnang-gu,1100.0,365.0,6159.0,3186.0,2973.0,889.0,1559.0,107.0,679.0,54.0,698.0,32,955,9,696,9,1572,-,-,-,-,-,-
Sangbong 2(i)-dong,Jungnang-gu,2164.0,778.0,9971.0,5491.0,4480.0,1822.0,3311.0,214.0,1348.0,83.0,1130.0,27,809,8,534,7,1332,2,780,1,727,-,-
Junghwa 1(il)-dong,Jungnang-gu,1100.0,358.0,3655.0,1738.0,1917.0,943.0,1502.0,98.0,610.0,40.0,513.0,11,321,6,420,2,289,-,-,-,-,-,-
Junghwa 2(i)-dong,Jungnang-gu,2286.0,834.0,6673.0,3534.0,3139.0,2023.0,3601.0,176.0,1145.0,59.0,764.0,24,756,3,271,1,136,-,-,-,-,-,-
Muk 1(il)-dong,Jungnang-gu,1503.0,501.0,5870.0,3147.0,2723.0,1252.0,1981.0,157.0,1023.0,53.0,677.0,25,723,12,953,4,513,-,-,-,-,-,-
Muk 2(i)-dong,Jungnang-gu,1752.0,521.0,5333.0,3058.0,2275.0,1555.0,2494.0,133.0,835.0,40.0,511.0,20,560,3,211,-,-,-,-,1,722,-,-
Mangu 3(sam)-dong,Jungnang-gu,1072.0,365.0,3543.0,1849.0,1694.0,906.0,1401.0,104.0,645.0,44.0,578.0,13,378,4,305,1,236,-,-,-,-,-,-
Sinnae 1(il)-dong,Jungnang-gu,1574.0,466.0,7895.0,4561.0,3334.0,1336.0,2177.0,147.0,934.0,48.0,649.0,29,805,4,274,9,1893,-,-,-,-,1,1163
Sinnae 2(i)-dong,Jungnang-gu,1074.0,402.0,5172.0,2601.0,2571.0,940.0,1454.0,83.0,525.0,33.0,420.0,8,237,5,373,4,527,-,-,-,-,1,1636
Myeonmokbon-dong,Jungnang-gu,2454.0,945.0,6842.0,3151.0,3691.0,2168.0,3980.0,218.0,1361.0,49.0,616.0,14,383,3,231,2,271,-,-,-,-,-,-
Myeonmok 3.8(sam.pal)-dong,Jungnang-gu,3043.0,789.0,7685.0,4319.0,3366.0,2804.0,4050.0,187.0,1169.0,36.0,462.0,8,226,3,234,3,409,1,398,1,737,-,-
Mangubon-dong,Jungnang-gu,2783.0,970.0,9831.0,4933.0,4898.0,2412.0,3902.0,229.0,1448.0,84.0,1075.0,34,967,15,1006,9,1433,-,-,-,-,-,-
Donam 1(il)-dong,Seongbuk_gu,382.0,122.0,1383.0,618.0,765.0,332.0,482.0,25.0,165.0,13.0,163.0,7,199,5,374,-,-,-,-,-,-,-,-
Donam 2(i)-dong,Seongbuk_gu,363.0,146.0,1716.0,589.0,1127.0,316.0,453.0,21.0,143.0,17.0,223.0,7,214,-,-,1,123,-,-,1,560,-,-
Anam-dong,Seongbuk_gu,1329.0,434.0,13134.0,7692.0,5442.0,986.0,2081.0,236.0,1487.0,61.0,794.0,34,1007,6,401,4,504,-,-,-,-,2,6860
Bomun-dong,Seongbuk_gu,1239.0,366.0,4121.0,2285.0,1836.0,1078.0,1702.0,96.0,601.0,41.0,545.0,16,529,7,472,1,272,-,-,-,-,-,-
Jeongneung 1(il)-dong,Seongbuk_gu,787.0,270.0,1937.0,983.0,954.0,713.0,1107.0,49.0,299.0,18.0,219.0,5,151,1,54,1,107,-,-,-,-,-,-
Jeongneung 2(i)-dong,Seongbuk_gu,957.0,327.0,2832.0,1555.0,1277.0,852.0,1277.0,65.0,423.0,24.0,329.0,11,244,3,209,2,350,-,-,-,-,-,-
Jeongneung 3(sam)-dong,Seongbuk_gu,674.0,243.0,4343.0,2487.0,1856.0,594.0,1003.0,43.0,257.0,24.0,321.0,4,132,6,417,2,313,-,-,-,-,1,1900
Jeongneung 4(sa)-dong,Seongbuk_gu,871.0,288.0,3870.0,2417.0,1453.0,763.0,1268.0,62.0,365.0,31.0,397.0,6,190,3,234,4,483,2,933,-,-,-,-
Gireum 1(il)-dong,Seongbuk_gu,1151.0,491.0,3619.0,1516.0,2103.0,998.0,1720.0,97.0,593.0,38.0,498.0,13,368,4,312,1,128,-,-,-,-,-,-
Gireum 2(i)-dong,Seongbuk_gu,1116.0,529.0,4612.0,1978.0,2634.0,923.0,1698.0,128.0,777.0,34.0,452.0,22,670,6,447,3,568,-,-,-,-,-,-
Wolgok 1(il)-dong,Seongbuk_gu,1192.0,449.0,4899.0,2639.0,2260.0,972.0,1780.0,146.0,895.0,42.0,550.0,21,602,7,474,4,598,-,-,-,-,-,-
Wolgok 2(i)-dong,Seongbuk_gu,1798.0,568.0,8745.0,4226.0,4519.0,1546.0,2643.0,191.0,1207.0,36.0,451.0,16,477,4,281,3,435,-,-,-,-,2,3251
Jangwi 1(il)-dong,Seongbuk_gu,1131.0,381.0,2838.0,1356.0,1482.0,1016.0,1584.0,80.0,539.0,23.0,272.0,9,232,3,211,-,-,-,-,-,-,-,-
Jangwi 2(i)-dong,Seongbuk_gu,1663.0,593.0,5078.0,2729.0,2349.0,1446.0,2448.0,179.0,1157.0,25.0,302.0,7,250,2,147,4,774,-,-,-,-,-,-
Jangwi 3(sam)-dong,Seongbuk_gu,1212.0,360.0,4452.0,2582.0,1870.0,1032.0,1696.0,126.0,767.0,30.0,428.0,16,442,4,286,3,472,1,361,-,-,-,-
Seongbuk-dong,Seongbuk_gu,1021.0,380.0,5115.0,2482.0,2633.0,796.0,1392.0,120.0,773.0,64.0,795.0,26,791,12,792,3,572,-,-,-,-,-,-
Samseon-dong,Seongbuk_gu,1866.0,705.0,9510.0,4960.0,4550.0,1603.0,2663.0,167.0,1038.0,62.0,819.0,22,624,5,425,3,361,-,-,2,1176,2,2404
Dongseon-dong,Seongbuk_gu,1974.0,774.0,10170.0,4497.0,5673.0,1536.0,3002.0,299.0,1882.0,93.0,1220.0,32,923,7,472,6,1152,-,-,-,-,1,1519
Jongam-dong,Seongbuk_gu,2093.0,769.0,7550.0,3905.0,3645.0,1816.0,3191.0,191.0,1201.0,53.0,690.0,15,421,8,560,10,1487,-,-,-,-,-,-
Seokgwan-dong,Seongbuk_gu,2255.0,746.0,8217.0,4834.0,3383.0,1942.0,3134.0,214.0,1370.0,62.0,787.0,23,673,11,765,1,207,1,421,1,860,-,-
Beon 1(il)-dong,Gangbuk-gu,1693.0,637.0,8783.0,3806.0,4977.0,1387.0,2410.0,155.0,962.0,64.0,807.0,65,2188,13,837,8,1273,1,306,-,-,-,-
Beon 2(i)-dong,Gangbuk-gu,653.0,160.0,3128.0,2001.0,1127.0,558.0,807.0,43.0,262.0,26.0,337.0,15,441,6,399,5,882,-,-,-,-,-,-
Beon 3(sam)-dong,Gangbuk-gu,831.0,195.0,2556.0,1491.0,1065.0,742.0,1086.0,54.0,352.0,19.0,262.0,12,383,1,62,3,411,-,-,-,-,-,-
Suyu 1(il)-dong,Gangbuk-gu,1578.0,595.0,5125.0,2500.0,2625.0,1414.0,2292.0,102.0,631.0,30.0,373.0,22,676,5,373,5,780,-,-,-,-,-,-
Suyu 2(i)-dong,Gangbuk-gu,1365.0,494.0,4357.0,2074.0,2283.0,1188.0,1945.0,107.0,679.0,48.0,638.0,16,471,4,242,2,382,-,-,-,-,-,-
Suyu 3(sam)-dong,Gangbuk-gu,2379.0,967.0,8413.0,3779.0,4634.0,2042.0,3695.0,238.0,1508.0,59.0,752.0,32,929,7,465,-,-,-,-,-,-,1,1064
Samyang-dong,Gangbuk-gu,1228.0,451.0,3331.0,1540.0,1791.0,1096.0,1660.0,87.0,535.0,33.0,410.0,7,205,4,328,1,193,-,-,-,-,-,-
Mia-dong,Gangbuk-gu,1967.0,627.0,6580.0,3085.0,3495.0,1746.0,2779.0,133.0,854.0,48.0,626.0,25,799,11,756,3,448,1,318,-,-,-,-
Songjung-dong,Gangbuk-gu,2009.0,748.0,8463.0,3917.0,4546.0,1659.0,2945.0,216.0,1366.0,83.0,1007.0,29,914,15,1046,6,773,1,412,-,-,-,-
Songcheon-dong,Gangbuk-gu,2268.0,874.0,7272.0,3324.0,3948.0,1934.0,3188.0,226.0,1402.0,72.0,951.0,24,770,9,629,3,332,-,-,-,-,-,-
Samgaksan-dong,Gangbuk-gu,714.0,283.0,2190.0,883.0,1307.0,614.0,1013.0,64.0,385.0,27.0,336.0,6,154,1,91,2,211,-,-,-,-,-,-
Ui-dong,Gangbuk-gu,994.0,388.0,3478.0,2168.0,1310.0,892.0,1469.0,63.0,391.0,23.0,297.0,11,338,-,-,5,983,-,-,-,-,-,-
Insu-dong,Gangbuk-gu,1569.0,528.0,5792.0,2923.0,2869.0,1415.0,2031.0,84.0,532.0,31.0,414.0,25,710,7,485,5,853,2,767,-,-,-,-
Ssangmun 1(il)-dong,Dobong-gu,911.0,296.0,3803.0,1948.0,1855.0,797.0,1136.0,66.0,418.0,25.0,325.0,10,293,10,685,2,313,-,-,1,633,-,-
Ssangmun 2(i)-dong,Dobong-gu,1227.0,455.0,4299.0,2326.0,1973.0,1056.0,1697.0,102.0,634.0,39.0,499.0,23,638,4,283,3,548,-,-,-,-,-,-
Ssangmun 3(sam)-dong,Dobong-gu,897.0,329.0,3182.0,1552.0,1630.0,790.0,1289.0,71.0,453.0,22.0,277.0,9,222,4,251,-,-,-,-,1,690,-,-
Ssangmun 4(sa)-dong,Dobong-gu,594.0,230.0,1933.0,867.0,1066.0,522.0,814.0,43.0,262.0,22.0,282.0,-,-,6,463,1,112,-,-,-,-,-,-
Banghak 1(il)-dong,Dobong-gu,2278.0,912.0,9931.0,5618.0,4313.0,1980.0,3264.0,176.0,1141.0,74.0,985.0,24,711,9,632,14,2166,-,-,-,-,1,1032
Banghak 2(i)-dong,Dobong-gu,1289.0,462.0,2837.0,1359.0,1478.0,1205.0,1830.0,55.0,366.0,19.0,250.0,8,237,2,154,-,-,-,-,-,-,-,-
Banghak 3(sam)-dong,Dobong-gu,888.0,258.0,3161.0,1688.0,1473.0,773.0,1168.0,66.0,430.0,28.0,371.0,12,330,7,493,2,369,-,-,-,-,-,-
Chang 1(il)-dong,Dobong-gu,1078.0,386.0,3390.0,1482.0,1908.0,953.0,1656.0,85.0,512.0,24.0,326.0,9,288,5,399,2,209,-,-,-,-,-,-
Chang 2(i)-dong,Dobong-gu,1331.0,438.0,4447.0,2311.0,2136.0,1157.0,2024.0,115.0,738.0,40.0,497.0,11,292,5,352,3,544,-,-,-,-,-,-
Chang 3(sam)-dong,Dobong-gu,964.0,346.0,1939.0,883.0,1056.0,922.0,1408.0,23.0,154.0,15.0,200.0,2,41,2,136,-,-,-,-,-,-,-,-
Chang 4(sa)-dong,Dobong-gu,1140.0,382.0,6738.0,3738.0,3000.0,893.0,1639.0,144.0,898.0,56.0,742.0,28,839,11,740,6,922,1,442,1,516,-,-
Chang 5(o)-dong,Dobong-gu,2062.0,477.0,6654.0,3623.0,3031.0,1805.0,2735.0,158.0,1005.0,54.0,731.0,33,981,8,568,4,634,-,-,-,-,-,-
Dobong 1(il)-dong,Dobong-gu,1660.0,602.0,5496.0,3313.0,2183.0,1472.0,2451.0,131.0,834.0,31.0,418.0,16,484,5,324,5,985,-,-,-,-,-,-
Dobong 2(i)-dong,Dobong-gu,1394.0,479.0,6126.0,3639.0,2487.0,1214.0,1910.0,107.0,671.0,38.0,468.0,21,630,5,398,7,1277,2,772,-,-,-,-
Wolgye 1(il)-dong,Nowon-gu,1379.0,468.0,5506.0,3499.0,2007.0,1207.0,2014.0,121.0,800.0,32.0,413.0,9,275,4,319,5,791,-,-,1,894,-,-
Wolgye 2(i)-dong,Nowon-gu,1047.0,265.0,3592.0,2033.0,1559.0,938.0,1355.0,62.0,403.0,25.0,321.0,9,255,10,711,3,547,-,-,-,-,-,-
Wolgye 3(sam)-dong,Nowon-gu,950.0,287.0,3746.0,1991.0,1755.0,835.0,1217.0,62.0,371.0,25.0,317.0,20,633,4,259,3,589,1,360,-,-,-,-
Gongneung 2(i)-dong,Nowon-gu,1813.0,601.0,10912.0,5414.0,5498.0,1565.0,2563.0,161.0,1016.0,47.0,621.0,19,507,11,863,6,835,-,-,1,993,3,3514
Hagye 1(il)-dong,Nowon-gu,914.0,308.0,6791.0,3550.0,3241.0,708.0,1340.0,107.0,684.0,55.0,688.0,24,644,9,606,9,1466,1,379,1,984,-,-
Hagye 2(i)-dong,Nowon-gu,380.0,120.0,1064.0,458.0,606.0,353.0,494.0,12.0,68.0,9.0,140.0,3,116,2,141,1,105,-,-,-,-,-,-
Junggyebon-dong,Nowon-gu,1158.0,407.0,5241.0,2598.0,2643.0,942.0,1686.0,132.0,829.0,46.0,600.0,26,751,7,493,5,882,-,-,-,-,-,-
Junggye 1(il)-dong,Nowon-gu,910.0,346.0,4012.0,1791.0,2221.0,717.0,1303.0,123.0,805.0,40.0,538.0,22,571,4,266,4,529,-,-,-,-,-,-
Junggye 4(sa)-dong,Nowon-gu,1002.0,412.0,3711.0,1671.0,2040.0,842.0,1479.0,107.0,669.0,37.0,481.0,7,232,5,375,4,475,-,-,-,-,-,-
Sanggye 1(il)-dong,Nowon-gu,2827.0,652.0,7954.0,4658.0,3296.0,2543.0,3731.0,177.0,1108.0,59.0,783.0,32,873,11,709,5,750,-,-,-,-,-,-
Sanggye 2(i)-dong,Nowon-gu,2176.0,887.0,8370.0,3754.0,4616.0,1778.0,3439.0,279.0,1776.0,74.0,964.0,30,870,11,754,4,567,-,-,-,-,-,-
Sanggye 5(o)-dong,Nowon-gu,1349.0,535.0,3319.0,1582.0,1737.0,1217.0,1967.0,89.0,553.0,34.0,445.0,7,215,2,139,-,-,-,-,-,-,-,-
Sanggye 8(pal)-dong,Nowon-gu,600.0,240.0,1885.0,782.0,1103.0,521.0,860.0,51.0,306.0,19.0,238.0,4,94,5,387,-,-,-,-,-,-,-,-
Sanggye 9(gu)-dong,Nowon-gu,730.0,263.0,2360.0,1066.0,1294.0,639.0,913.0,62.0,374.0,14.0,183.0,7,209,6,396,2,285,-,-,-,-,-,-
Sanggye 10(sip)-dong,Nowon-gu,484.0,153.0,2139.0,1249.0,890.0,415.0,637.0,42.0,264.0,13.0,177.0,8,237,3,175,3,649,-,-,-,-,-,-
Sanggye 3.4(sam.sa)-dong,Nowon-gu,1699.0,596.0,4773.0,2811.0,1962.0,1559.0,2253.0,83.0,538.0,36.0,488.0,14,415,3,238,3,522,1,319,-,-,-,-
Sanggye 6.7(yuk.chil)-dong,Nowon-gu,1939.0,665.0,14042.0,5560.0,8482.0,1473.0,2739.0,241.0,1535.0,104.0,1341.0,81,2669,28,1818,8,1038,2,642,1,865,1,1395
Junggye 2.3(i.sam)-dong,Nowon-gu,1233.0,524.0,4835.0,1962.0,2873.0,1077.0,1806.0,97.0,595.0,27.0,369.0,13,343,11,712,8,1010,-,-,-,-,-,-
Gongneung 1(il)-dong,Nowon-gu,2583.0,844.0,10273.0,5274.0,4999.0,2201.0,3621.0,234.0,1458.0,85.0,1079.0,40,1235,14,957,8,1398,-,-,1,525,-,-
Nokbeon-dong,Eunpyeong-gu,1564.0,557.0,8097.0,4302.0,3795.0,1280.0,2426.0,176.0,1113.0,59.0,765.0,28,785,13,936,7,1058,-,-,-,-,1,1014
Bulgwang 1(il)-dong,Eunpyeong-gu,1672.0,680.0,6914.0,2772.0,4142.0,1444.0,2420.0,118.0,759.0,50.0,660.0,45,1450,10,656,4,659,1,310,-,-,-,-
Galhyeon 1(il)-dong,Eunpyeong-gu,1461.0,572.0,5136.0,2165.0,2971.0,1257.0,2140.0,133.0,836.0,37.0,474.0,25,805,7,502,2,379,-,-,-,-,-,-
Galhyeon 2(i)-dong,Eunpyeong-gu,1561.0,663.0,5495.0,2278.0,3217.0,1354.0,2195.0,133.0,842.0,42.0,534.0,14,389,12,791,6,744,-,-,-,-,-,-
Gusan-dong,Eunpyeong-gu,1181.0,366.0,5389.0,2672.0,2717.0,1050.0,1512.0,62.0,409.0,30.0,397.0,19,625,9,699,11,1747,-,-,-,-,-,-
Daejo-dong,Eunpyeong-gu,2566.0,1181.0,7174.0,3005.0,4169.0,2306.0,4260.0,182.0,1084.0,56.0,711.0,13,366,7,504,2,249,-,-,-,-,-,-
Eungam 1(il)-dong,Eunpyeong-gu,1615.0,638.0,7074.0,3588.0,3486.0,1341.0,2355.0,167.0,1062.0,65.0,846.0,27,770,8,563,6,1070,1,408,-,-,-,-
Eungam 2(i)-dong,Eunpyeong-gu,944.0,296.0,2214.0,1165.0,1049.0,888.0,1317.0,35.0,220.0,12.0,159.0,6,180,2,126,1,212,-,-,-,-,-,-
Sinsa 1(il)-dong,Eunpyeong-gu,1559.0,445.0,3927.0,2347.0,1580.0,1443.0,2032.0,73.0,468.0,31.0,413.0,7,217,1,67,3,425,1,305,-,-,-,-
Sinsa 2(i)-dong,Eunpyeong-gu,1216.0,260.0,2933.0,1800.0,1133.0,1130.0,1437.0,55.0,367.0,19.0,235.0,3,105,6,395,3,394,-,-,-,-,-,-
Jeungsan-dong,Eunpyeong-gu,1108.0,381.0,3825.0,2351.0,1474.0,982.0,1545.0,70.0,454.0,33.0,440.0,13,315,6,404,4,667,-,-,-,-,-,-
Susaek-dong,Eunpyeong-gu,848.0,291.0,3003.0,1902.0,1101.0,749.0,1179.0,60.0,393.0,22.0,275.0,10,268,2,186,5,702,-,-,-,-,-,-
Jingwan-dong,Eunpyeong-gu,1007.0,447.0,5234.0,2679.0,2555.0,823.0,1380.0,127.0,786.0,21.0,267.0,17,545,13,1013,5,930,1,313,-,-,-,-
Bulgwang 2(i)-dong,Eunpyeong-gu,1295.0,564.0,4088.0,1857.0,2231.0,1164.0,1779.0,75.0,483.0,33.0,418.0,12,421,10,699,1,288,-,-,-,-,-,-
Eungam 3(sam)-dong,Eunpyeong-gu,1909.0,749.0,5272.0,2410.0,2862.0,1719.0,2840.0,121.0,753.0,45.0,605.0,19,569,2,128,3,377,-,-,-,-,-,-
Yeokchon-dong,Eunpyeong-gu,2447.0,927.0,7428.0,3434.0,3994.0,2147.0,3593.0,200.0,1253.0,69.0,865.0,23,703,5,347,3,667,-,-,-,-,-,-
Cheonyeon-dong,Seodaemun-gu,809.0,317.0,2475.0,1140.0,1335.0,718.0,1130.0,55.0,335.0,19.0,241.0,13,391,3,244,1,134,-,-,-,-,-,-
Hongje 1(il)-dong,Seodaemun-gu,1132.0,444.0,4016.0,1944.0,2072.0,978.0,1561.0,93.0,575.0,36.0,473.0,19,564,3,212,2,281,1,350,-,-,-,-
Hongje 3(sam)-dong,Seodaemun-gu,1271.0,518.0,3848.0,1807.0,2041.0,1126.0,1647.0,91.0,603.0,35.0,445.0,13,447,2,128,4,578,-,-,-,-,-,-
Hongje 2(i)-dong,Seodaemun-gu,592.0,264.0,1666.0,862.0,804.0,521.0,824.0,50.0,302.0,15.0,178.0,4,104,1,76,1,182,-,-,-,-,-,-
Hongeun 1(il)-dong,Seodaemun-gu,1029.0,353.0,2398.0,1187.0,1211.0,950.0,1363.0,44.0,272.0,23.0,291.0,10,321,2,151,-,-,-,-,-,-,-,-
Hongeun 2(i)-dong,Seodaemun-gu,1148.0,389.0,5636.0,3021.0,2615.0,987.0,1585.0,98.0,640.0,35.0,454.0,10,247,11,693,5,795,1,447,1,775,-,-
Namgajwa 1(il)-dong,Seodaemun-gu,640.0,322.0,1253.0,509.0,744.0,598.0,873.0,28.0,175.0,11.0,133.0,3,72,-,-,-,-,-,-,-,-,-,-
Namgajwa 2(i)-dong,Seodaemun-gu,1554.0,585.0,4268.0,2217.0,2051.0,1410.0,2288.0,106.0,667.0,24.0,323.0,10,312,2,158,1,135,1,385,-,-,-,-
Bukgajwa 1(il)-dong,Seodaemun-gu,504.0,138.0,2025.0,1322.0,703.0,442.0,640.0,35.0,218.0,10.0,143.0,12,351,-,-,5,673,-,-,-,-,-,-
Bukgajwa 2(i)-dong,Seodaemun-gu,2261.0,619.0,6294.0,3777.0,2517.0,2094.0,2962.0,107.0,671.0,41.0,545.0,12,312,2,104,4,660,-,-,-,-,1,1040
Chunghyeon-dong,Seodaemun-gu,1709.0,549.0,21801.0,12687.0,9114.0,1253.0,2308.0,205.0,1330.0,92.0,1256.0,79,2496,40,2928,27,4740,9,3224,3,1912,1,1607
Bugahyeon-dong,Seodaemun-gu,699.0,245.0,1862.0,967.0,895.0,617.0,959.0,63.0,387.0,11.0,138.0,4,104,4,274,-,-,-,-,-,-,-,-
Sinchon-dong,Seodaemun-gu,3725.0,1538.0,30866.0,13401.0,17465.0,2760.0,5616.0,604.0,3863.0,242.0,3117.0,82,2324,25,1782,7,895,1,354,1,536,3,12379
Yeonhui-dong,Seodaemun-gu,2138.0,765.0,10258.0,5787.0,4471.0,1775.0,2869.0,233.0,1471.0,74.0,940.0,31,920,14,933,7,1175,3,1106,1,844,-,-
Yonggang-dong,Mapo-gu,2390.0,689.0,15534.0,9221.0,6313.0,1792.0,3552.0,316.0,1986.0,148.0,1925.0,85,2397,33,2313,14,2205,-,-,2,1156,-,-
Daeheung-dong,Mapo-gu,1628.0,551.0,10395.0,5257.0,5138.0,1274.0,2366.0,195.0,1216.0,85.0,1102.0,52,1568,16,1050,4,880,-,-,1,613,1,1600
Yeomni-dong,Mapo-gu,787.0,284.0,4964.0,2812.0,2152.0,648.0,1055.0,61.0,376.0,44.0,576.0,24,685,5,352,4,503,-,-,-,-,1,1417
Sinsu-dong,Mapo-gu,1382.0,344.0,5800.0,2931.0,2869.0,1202.0,1839.0,101.0,620.0,39.0,518.0,27,797,6,429,6,954,-,-,1,643,-,-
Seogyo-dong,Mapo-gu,8274.0,2736.0,52524.0,26876.0,25648.0,5718.0,12319.0,1576.0,9945.0,620.0,8078.0,256,7255,67,4446,25,4049,5,1894,7,4538,-,-
Hapjeong-dong,Mapo-gu,1843.0,569.0,9941.0,5523.0,4418.0,1414.0,2611.0,253.0,1605.0,98.0,1306.0,51,1471,17,1153,9,1393,1,402,-,-,-,-
Mangwon 1(il)-dong,Mapo-gu,1380.0,466.0,4690.0,2343.0,2347.0,1246.0,2013.0,88.0,564.0,28.0,367.0,12,349,3,205,2,336,-,-,1,856,-,-
Mangwon 2(i)-dong,Mapo-gu,1246.0,468.0,3392.0,1960.0,1432.0,1114.0,1761.0,89.0,584.0,29.0,363.0,11,305,1,56,2,323,-,-,-,-,-,-
Yeonnam-dong,Mapo-gu,1220.0,387.0,5242.0,3087.0,2155.0,947.0,1653.0,170.0,1078.0,63.0,780.0,33,1003,5,318,2,410,-,-,-,-,-,-
Seongsan 1(il)-dong,Mapo-gu,1600.0,456.0,9378.0,5702.0,3676.0,1198.0,2111.0,250.0,1604.0,97.0,1228.0,39,1222,8,621,4,531,3,1156,1,905,-,-
Seongsan 2(i)-dong,Mapo-gu,1675.0,574.0,8434.0,4502.0,3932.0,1454.0,2437.0,133.0,844.0,41.0,539.0,22,655,14,997,10,1568,-,-,-,-,1,1394
Sangam-dong,Mapo-gu,1761.0,593.0,28598.0,18458.0,10140.0,1138.0,2241.0,250.0,1595.0,151.0,2002.0,115,3596,55,3868,38,6149,10,3923,1,543,3,4681
Dohwa-dong,Mapo-gu,1855.0,586.0,14318.0,8139.0,6179.0,1367.0,2550.0,292.0,1845.0,99.0,1314.0,57,1826,19,1334,14,2220,4,1263,3,1966,-,-
Seogang-dong,Mapo-gu,1395.0,463.0,10170.0,5459.0,4711.0,1107.0,2110.0,157.0,1003.0,71.0,969.0,35,1054,16,1138,6,946,1,350,1,750,1,1850
gongdeok-dong,Mapo-gu,2622.0,850.0,18749.0,10575.0,8174.0,2070.0,3993.0,365.0,2246.0,94.0,1241.0,47,1343,16,1132,20,3697,6,2285,4,2812,-,-
Ahyeon-dong,Mapo-gu,1735.0,594.0,12492.0,7541.0,4951.0,1413.0,2579.0,195.0,1221.0,60.0,836.0,36,1104,15,1003,9,1381,4,1613,2,1102,1,1653
Mok 1(il)-dong,Yangcheon-gu,2617.0,1003.0,22037.0,12656.0,9381.0,1810.0,3929.0,474.0,2988.0,188.0,2470.0,89,2660,29,1998,24,4021,1,397,1,910,1,2664
Mok 2(i)-dong,Yangcheon-gu,1156.0,439.0,3604.0,1885.0,1719.0,1008.0,1715.0,94.0,602.0,33.0,434.0,17,494,3,231,1,128,-,-,-,-,-,-
Mok 3(sam)-dong,Yangcheon-gu,1227.0,533.0,3917.0,1758.0,2159.0,1074.0,1875.0,102.0,616.0,32.0,433.0,14,441,4,277,1,275,-,-,-,-,-,-
Mok 4(sa)-dong,Yangcheon-gu,1373.0,584.0,3666.0,1764.0,1902.0,1238.0,2010.0,91.0,587.0,26.0,351.0,16,482,1,91,1,145,-,-,-,-,-,-
Sinwol 1(il)-dong,Yangcheon-gu,1779.0,634.0,5028.0,2836.0,2192.0,1582.0,2630.0,134.0,827.0,44.0,600.0,13,375,3,192,3,404,-,-,-,-,-,-
Sinwol 2(i)-dong,Yangcheon-gu,1101.0,315.0,3715.0,2111.0,1604.0,933.0,1613.0,110.0,692.0,42.0,555.0,11,277,4,295,1,283,-,-,-,-,-,-
Sinwol 3(sam)-dong,Yangcheon-gu,1005.0,297.0,4187.0,2580.0,1607.0,841.0,1336.0,99.0,624.0,33.0,452.0,18,494,7,438,7,843,-,-,-,-,-,-
Sinwol 4(sa)-dong,Yangcheon-gu,1150.0,378.0,3786.0,2310.0,1476.0,1020.0,1542.0,81.0,503.0,28.0,361.0,14,417,4,331,3,632,-,-,-,-,-,-
Sinwol 5(o)-dong,Yangcheon-gu,951.0,333.0,3393.0,1697.0,1696.0,823.0,1349.0,76.0,482.0,32.0,426.0,12,326,5,406,3,404,-,-,-,-,-,-
Sinwol 6(yuk)-dong,Yangcheon-gu,1638.0,260.0,3473.0,2353.0,1120.0,1531.0,1845.0,57.0,342.0,34.0,494.0,12,406,3,201,1,185,-,-,-,-,-,-
Sinwol 7(chil)-dong,Yangcheon-gu,1367.0,417.0,5355.0,3472.0,1883.0,1226.0,1879.0,84.0,519.0,36.0,482.0,9,247,5,397,5,910,1,414,1,507,-,-
Sinjeong 1(il)-dong,Yangcheon-gu,1054.0,475.0,4451.0,2205.0,2246.0,895.0,1593.0,105.0,640.0,33.0,412.0,13,382,3,194,3,418,2,812,-,-,-,-
Sinjeong 2(i)-dong,Yangcheon-gu,1103.0,452.0,3708.0,1672.0,2036.0,922.0,1591.0,118.0,761.0,41.0,531.0,19,550,2,174,1,101,-,-,-,-,-,-
Sinjeong 3(sam)-dong,Yangcheon-gu,1991.0,629.0,7934.0,4610.0,3324.0,1717.0,2745.0,161.0,998.0,57.0,750.0,36,1071,13,931,6,1065,1,374,-,-,-,-
Sinjeong 6(yuk)-dong,Yangcheon-gu,693.0,278.0,5130.0,2616.0,2514.0,529.0,968.0,92.0,579.0,40.0,526.0,19,534,5,343,6,808,1,387,1,985,-,-
Sinjeong 7(chil)-dong,Yangcheon-gu,1016.0,359.0,4365.0,2501.0,1864.0,869.0,1472.0,89.0,588.0,26.0,347.0,23,662,6,408,2,408,1,480,-,-,-,-
Mok 5(o)-dong,Yangcheon-gu,1489.0,666.0,9703.0,4239.0,5464.0,1167.0,2115.0,175.0,1121.0,95.0,1236.0,27,824,13,949,11,1693,-,-,-,-,1,1765
Sinjeong 4(sa)-dong,Yangcheon-gu,3010.0,1115.0,12547.0,6821.0,5726.0,2467.0,4304.0,347.0,2194.0,114.0,1472.0,58,1749,16,1181,7,1087,-,-,1,560,-,-
Yeomchang-dong,Gangseo-gu,2157.0,701.0,15145.0,9222.0,5923.0,1531.0,2664.0,333.0,2156.0,176.0,2326.0,73,2236,23,1676,18,2826,2,683,1,578,-,-
Deungchon 1(il)-dong,Gangseo-gu,1742.0,568.0,10265.0,5964.0,4301.0,1294.0,2398.0,265.0,1706.0,109.0,1456.0,51,1466,14,990,6,914,2,788,1,547,-,-
Deungchon 2(i)-dong,Gangseo-gu,712.0,240.0,3351.0,1921.0,1430.0,588.0,937.0,68.0,433.0,26.0,343.0,18,587,8,629,4,422,-,-,-,-,-,-
Deungchon 3(sam)-dong,Gangseo-gu,2296.0,755.0,19501.0,9766.0,9735.0,1638.0,3010.0,330.0,2205.0,174.0,2288.0,97,2710,36,2479,15,2293,1,320,4,3120,1,1076
Hwagokbon-dong,Gangseo-gu,1368.0,533.0,3954.0,1732.0,2222.0,1198.0,2031.0,119.0,786.0,35.0,441.0,13,350,1,85,2,261,-,-,-,-,-,-
Hwagok 2(i)-dong,Gangseo-gu,842.0,308.0,2340.0,1177.0,1163.0,747.0,1192.0,69.0,438.0,18.0,232.0,5,138,1,50,2,290,-,-,-,-,-,-
Hwagok 3(sam)-dong,Gangseo-gu,1177.0,478.0,3975.0,1542.0,2433.0,1038.0,1738.0,80.0,505.0,32.0,438.0,21,627,5,365,-,-,1,302,-,-,-,-
Hwagok 4(sa)-dong,Gangseo-gu,1445.0,567.0,3549.0,1772.0,1777.0,1335.0,2149.0,72.0,453.0,26.0,345.0,5,118,6,379,1,105,-,-,-,-,-,-
Hwagok 6(yuk)-dong,Gangseo-gu,1831.0,671.0,11125.0,6069.0,5056.0,1441.0,2771.0,210.0,1332.0,93.0,1206.0,59,1729,14,928,11,1764,2,710,1,685,-,-
Hwagok 8(pal)-dong,Gangseo-gu,1214.0,493.0,3156.0,1586.0,1570.0,1102.0,1626.0,74.0,466.0,26.0,320.0,8,225,2,147,2,372,-,-,-,-,-,-
Gayang 1(il)-dong,Gangseo-gu,1225.0,332.0,9936.0,6648.0,3288.0,826.0,1453.0,201.0,1297.0,122.0,1620.0,55,1567,8,544,12,1855,-,-,-,-,1,1600
Gayang 2(i)-dong,Gangseo-gu,651.0,223.0,3293.0,1671.0,1622.0,525.0,886.0,70.0,465.0,33.0,444.0,11,356,8,487,4,655,-,-,-,-,-,-
Gayang 3(sam)-dong,Gangseo-gu,861.0,178.0,6785.0,4285.0,2500.0,540.0,944.0,148.0,969.0,103.0,1346.0,56,1533,8,617,4,606,2,770,-,-,-,-
Balsan 1(il)-dong,Gangseo-gu,2147.0,715.0,10930.0,6219.0,4711.0,1740.0,3197.0,241.0,1566.0,90.0,1167.0,42,1249,20,1483,13,1892,1,376,-,-,-,-
Gonghang-dong,Gangseo-gu,1822.0,596.0,33019.0,17128.0,15891.0,1394.0,2545.0,239.0,1559.0,96.0,1289.0,55,1697,18,1204,14,2480,3,1111,1,774,2,20360
Banghwa 1(il)-dong,Gangseo-gu,1957.0,719.0,7140.0,3605.0,3535.0,1709.0,2700.0,151.0,952.0,54.0,699.0,24,723,12,825,6,787,1,454,-,-,-,-
Banghwa 2(i)-dong,Gangseo-gu,3160.0,829.0,12658.0,8202.0,4456.0,2804.0,4040.0,196.0,1257.0,73.0,941.0,54,1657,17,1203,13,1892,-,-,3,1668,-,-
Banghwa 3(sam)-dong,Gangseo-gu,853.0,236.0,3824.0,2386.0,1438.0,729.0,1030.0,63.0,427.0,32.0,427.0,16,492,8,550,4,577,1,321,-,-,-,-
Hwagok 1(il)-dong,Gangseo-gu,2987.0,1150.0,8395.0,4296.0,4099.0,2601.0,4438.0,288.0,1805.0,69.0,908.0,21,506,5,335,3,403,-,-,-,-,-,-
Ujangsan-dong,Gangseo-gu,1574.0,622.0,5940.0,2795.0,3145.0,1317.0,2097.0,156.0,1002.0,63.0,823.0,20,558,17,1311,1,149,-,-,-,-,-,-
Sindorim-dong,Guro-gu,2569.0,725.0,13854.0,7452.0,6402.0,2007.0,3722.0,344.0,2139.0,127.0,1681.0,64,1902,15,1075,9,1451,1,434,2,1450,-,-
Guro 1(il)-dong,Guro-gu,675.0,236.0,2971.0,1517.0,1454.0,557.0,907.0,74.0,470.0,33.0,430.0,5,134,3,247,2,353,1,430,-,-,-,-
Guro 3(sam)-dong,Guro-gu,5737.0,1153.0,78879.0,50506.0,28373.0,2732.0,5916.0,1376.0,9167.0,819.0,11042.0,554,16632,148,10190,90,14572,10,4098,6,3927,2,3335
Guro 4(sa)-dong,Guro-gu,2011.0,906.0,5476.0,2483.0,2993.0,1821.0,3117.0,135.0,833.0,34.0,449.0,16,464,3,170,2,443,-,-,-,-,-,-
Guro 5(o)-dong,Guro-gu,4619.0,1255.0,24401.0,12768.0,11633.0,3968.0,6458.0,388.0,2431.0,122.0,1609.0,67,1981,39,2774,28,4907,5,1828,1,563,1,1850
Gocheok 1(il)-dong,Guro-gu,2456.0,636.0,7829.0,4694.0,3135.0,2183.0,3458.0,176.0,1111.0,63.0,818.0,19,570,10,772,4,725,1,375,-,-,-,-
Gocheok 2(i)-dong,Guro-gu,1155.0,515.0,3432.0,1624.0,1808.0,1006.0,1702.0,105.0,671.0,27.0,341.0,11,291,6,427,-,-,-,-,-,-,-,-
Gaebong 2(i)-dong,Guro-gu,1170.0,421.0,2703.0,1317.0,1386.0,1061.0,1574.0,72.0,475.0,28.0,367.0,8,223,1,64,-,-,-,-,-,-,-,-
Gaebong 3(sam)-dong,Guro-gu,1002.0,374.0,3803.0,2174.0,1629.0,916.0,1332.0,57.0,380.0,15.0,200.0,6,160,4,296,3,384,-,-,-,-,1,1051
Oryu 1(il)-dong,Guro-gu,1080.0,414.0,4353.0,2114.0,2239.0,903.0,1575.0,115.0,714.0,43.0,580.0,11,319,5,384,2,376,1,405,-,-,-,-
Oryu 2(i)-dong,Guro-gu,1406.0,439.0,6306.0,4013.0,2293.0,1191.0,1924.0,123.0,761.0,53.0,701.0,22,591,10,692,5,819,2,818,-,-,-,-
Sugung-dong,Guro-gu,1091.0,316.0,5602.0,3667.0,1935.0,885.0,1418.0,117.0,753.0,46.0,610.0,23,707,14,983,5,821,1,310,-,-,-,-
Garibong-dong,Guro-gu,1032.0,455.0,2877.0,1238.0,1639.0,979.0,1705.0,26.0,164.0,12.0,146.0,9,274,4,289,2,299,-,-,-,-,-,-
Guro 2(i)-dong,Guro-gu,7577.0,1629.0,25793.0,15750.0,10043.0,6627.0,12220.0,716.0,4403.0,162.0,2019.0,55,1430,9,608,4,714,1,351,-,-,3,4048
Gaebong 1(il)-dong,Guro-gu,1772.0,636.0,5381.0,2719.0,2662.0,1542.0,2427.0,155.0,985.0,45.0,602.0,21,612,7,469,2,286,-,-,-,-,-,-
Gasan-dong,Geumcheon-gu,11813.0,2346.0,140007.0,91899.0,48108.0,6143.0,14186.0,2761.0,18018.0,1588.0,21007.0,904,27082,242,16326,149,23850,11,4559,9,6392,6,8587
Doksan 1(il)-dong,Geumcheon-gu,3233.0,934.0,18814.0,11888.0,6926.0,2378.0,4225.0,477.0,3110.0,198.0,2686.0,132,3800,28,1802,20,3191,-,-,-,-,-,-
Doksan 2(i)-dong,Geumcheon-gu,1237.0,428.0,3323.0,1690.0,1633.0,1113.0,1750.0,76.0,497.0,35.0,449.0,9,207,1,58,3,362,-,-,-,-,-,-
Doksan 3(sam)-dong,Geumcheon-gu,2226.0,806.0,8511.0,4517.0,3994.0,1918.0,2926.0,183.0,1154.0,89.0,1191.0,17,471,13,862,5,631,-,-,-,-,1,1276
Doksan 4(sa)-dong,Geumcheon-gu,1060.0,429.0,3096.0,1531.0,1565.0,950.0,1442.0,72.0,441.0,27.0,357.0,5,152,4,272,1,102,1,330,-,-,-,-
Siheung 1(il)-dong,Geumcheon-gu,3018.0,1188.0,13368.0,6624.0,6744.0,2628.0,4607.0,244.0,1550.0,80.0,1077.0,43,1280,12,845,8,1347,-,-,1,528,2,2134
Siheung 2(i)-dong,Geumcheon-gu,551.0,169.0,1787.0,743.0,1044.0,477.0,696.0,41.0,261.0,20.0,258.0,9,277,4,295,-,-,-,-,-,-,-,-
Siheung 3(sam)-dong,Geumcheon-gu,3182.0,513.0,9142.0,6649.0,2493.0,2814.0,4939.0,267.0,1608.0,78.0,998.0,14,434,5,366,3,407,1,390,-,-,-,-
Siheung 4(sa)-dong,Geumcheon-gu,882.0,312.0,1956.0,939.0,1017.0,818.0,1155.0,39.0,249.0,19.0,245.0,2,69,4,238,-,-,-,-,-,-,-,-
Siheung 5(o)-dong,Geumcheon-gu,1204.0,485.0,3451.0,1745.0,1706.0,1097.0,1716.0,72.0,453.0,21.0,295.0,11,327,2,127,-,-,-,-,1,533,-,-
Yeouido-dong,Yeongdeungpo-gu,7564.0,2137.0,150020.0,93140.0,56880.0,4597.0,10040.0,1489.0,9493.0,714.0,9481.0,405,12067,137,9551,132,22188,39,15278,27,18719,24,43203
Dangsan 1(il)-dong,Yeongdeungpo-gu,3092.0,881.0,16953.0,9502.0,7451.0,2537.0,4522.0,345.0,2123.0,113.0,1472.0,66,1964,15,1025,10,1445,2,820,3,1696,1,1886
Dangsan2(i)-dong,Yeongdeungpo-gu,2164.0,732.0,16477.0,8491.0,7986.0,1596.0,3101.0,311.0,1943.0,132.0,1663.0,74,2259,32,2217,14,2600,3,1302,2,1392,-,-
Yangpyeong 1(il)-dong,Yeongdeungpo-gu,3186.0,486.0,19922.0,12808.0,7114.0,2583.0,3635.0,311.0,2066.0,146.0,1889.0,97,2862,22,1602,21,3560,3,1293,2,1539,1,1476
Yangpyeong 2(i)-dong,Yeongdeungpo-gu,2074.0,570.0,18234.0,11812.0,6422.0,1417.0,2822.0,360.0,2275.0,140.0,1823.0,96,2920,35,2482,20,3326,5,2073,1,513,-,-
Singil 1(il)-dong,Yeongdeungpo-gu,1177.0,470.0,4035.0,1982.0,2053.0,1041.0,1756.0,99.0,646.0,21.0,282.0,11,298,3,240,1,283,-,-,1,530,-,-
Singil 3(sam)-dong,Yeongdeungpo-gu,1007.0,392.0,3056.0,1737.0,1319.0,913.0,1431.0,63.0,397.0,20.0,270.0,7,237,2,138,1,140,1,443,-,-,-,-
Singil 4(sa)-dong,Yeongdeungpo-gu,595.0,209.0,1567.0,766.0,801.0,544.0,789.0,30.0,192.0,13.0,168.0,5,168,2,146,1,104,-,-,-,-,-,-
Singil 5(o)-dong,Yeongdeungpo-gu,689.0,213.0,2079.0,1243.0,836.0,635.0,900.0,31.0,189.0,11.0,135.0,6,153,3,199,3,503,-,-,-,-,-,-
Singil 6(yuk)-dong,Yeongdeungpo-gu,1232.0,443.0,3974.0,1919.0,2055.0,1085.0,1751.0,102.0,633.0,27.0,353.0,12,410,3,205,2,271,1,351,-,-,-,-
Singil 7(chil)-dong,Yeongdeungpo-gu,591.0,200.0,3030.0,1516.0,1514.0,484.0,822.0,64.0,397.0,22.0,285.0,13,374,4,250,3,537,1,365,-,-,-,-
Daerim 1(il)-dong,Yeongdeungpo-gu,1129.0,479.0,4079.0,1757.0,2322.0,1023.0,1657.0,74.0,478.0,20.0,250.0,8,257,2,135,-,-,1,408,1,894,-,-
Daerim 2(i)-dong,Yeongdeungpo-gu,1408.0,590.0,4437.0,2365.0,2072.0,1306.0,2197.0,69.0,429.0,16.0,204.0,11,408,1,52,5,1147,-,-,-,-,-,-
Daerim 3(sam)-dong,Yeongdeungpo-gu,2907.0,739.0,10781.0,6212.0,4569.0,2466.0,4060.0,285.0,1808.0,106.0,1366.0,33,1005,11,778,4,619,1,396,1,749,-,-
Yeongdeungpobon-dong,Yeongdeungpo-gu,1240.0,494.0,4537.0,2151.0,2386.0,1064.0,1922.0,106.0,668.0,45.0,574.0,16,489,6,452,3,432,-,-,-,-,-,-
Yeongdeungpo-dong,Yeongdeungpo-gu,6076.0,1898.0,34547.0,18701.0,15846.0,5012.0,8917.0,600.0,3804.0,247.0,3191.0,131,3847,35,2331,43,6804,4,1453,2,1500,2,2700
Dorim-dong,Yeongdeungpo-gu,1025.0,355.0,3138.0,1935.0,1203.0,889.0,1562.0,101.0,616.0,19.0,244.0,14,423,-,-,2,293,-,-,-,-,-,-
Mullae-dong,Yeongdeungpo-gu,4995.0,993.0,36161.0,22972.0,13189.0,3830.0,7239.0,682.0,4361.0,226.0,2990.0,166,5052,50,3377,30,5049,5,1922,4,2909,2,3262
Noryangjin 2(i)-dong,Dongjak-gu,1035.0,428.0,5138.0,2476.0,2662.0,915.0,1549.0,63.0,399.0,29.0,382.0,17,543,4,242,5,560,1,300,-,-,1,1163
Sangdo 1(il)-dong,Dongjak-gu,1724.0,676.0,6250.0,3245.0,3005.0,1468.0,2589.0,162.0,1015.0,62.0,797.0,24,670,6,394,1,100,-,-,1,685,-,-
Sangdo 2(i)-dong,Dongjak-gu,1261.0,541.0,4090.0,1888.0,2202.0,1059.0,1740.0,139.0,899.0,48.0,589.0,8,264,6,434,1,164,-,-,-,-,-,-
Sangdo 3(sam)-dong,Dongjak-gu,989.0,393.0,2720.0,1260.0,1460.0,878.0,1500.0,79.0,498.0,20.0,263.0,8,199,4,260,-,-,-,-,-,-,-,-
Sangdo 4(sa)-dong,Dongjak-gu,1006.0,366.0,2879.0,1324.0,1555.0,905.0,1464.0,67.0,430.0,21.0,255.0,5,124,8,606,-,-,-,-,-,-,-,-
Sadang 1(il)-dong,Dongjak-gu,1744.0,628.0,8660.0,4398.0,4262.0,1416.0,2598.0,176.0,1130.0,75.0,980.0,54,1636,17,1214,5,754,1,348,-,-,-,-
Sadang 3(sam)-dong,Dongjak-gu,1037.0,348.0,4303.0,2195.0,2108.0,903.0,1430.0,85.0,533.0,30.0,381.0,9,266,5,352,3,639,2,702,-,-,-,-
Sadang 4(sa)-dong,Dongjak-gu,663.0,259.0,1638.0,807.0,831.0,606.0,1083.0,42.0,266.0,10.0,127.0,4,111,1,51,-,-,-,-,-,-,-,-
Sadang 5(o)-dong,Dongjak-gu,517.0,161.0,1692.0,905.0,787.0,448.0,744.0,48.0,289.0,10.0,125.0,7,218,3,211,1,105,-,-,-,-,-,-
Daebang-dong,Dongjak-gu,1689.0,608.0,12717.0,7734.0,4983.0,1319.0,2518.0,206.0,1304.0,92.0,1238.0,33,982,22,1632,13,2235,2,720,1,544,1,1544
Sindaebang 1(il)-dong,Dongjak-gu,1050.0,422.0,4496.0,2480.0,2016.0,871.0,1503.0,122.0,768.0,36.0,464.0,11,353,7,476,2,405,-,-,1,527,-,-
Sindaebang 2(i)-dong,Dongjak-gu,1254.0,495.0,27372.0,15489.0,11883.0,923.0,1732.0,168.0,1077.0,67.0,863.0,39,1166,17,1236,21,3262,4,1621,9,6289,6,10126
Heukseok-dong,Dongjak-gu,1622.0,698.0,9671.0,4838.0,4833.0,1396.0,2656.0,151.0,912.0,40.0,524.0,23,664,8,557,2,331,-,-,-,-,2,4027
Noryangjin 1(il)-dong,Dongjak-gu,2893.0,1104.0,11058.0,5830.0,5228.0,2563.0,5566.0,224.0,1357.0,61.0,820.0,31,918,8,520,3,325,2,693,1,859,-,-
Sadang 2(i)-dong,Dongjak-gu,1551.0,637.0,5323.0,2578.0,2745.0,1275.0,2391.0,194.0,1201.0,64.0,810.0,11,293,4,246,3,382,-,-,-,-,-,-
Boramae-dong,Gwanak-gu,1316.0,537.0,4966.0,2387.0,2579.0,1155.0,1923.0,102.0,641.0,35.0,461.0,14,412,6,459,3,592,1,478,-,-,-,-
Cheongnim-dong,Gwanak-gu,430.0,180.0,1059.0,488.0,571.0,385.0,584.0,28.0,169.0,12.0,157.0,5,149,-,-,-,-,-,-,-,-,-,-
Haengun-dong,Gwanak-gu,1397.0,555.0,5161.0,2451.0,2710.0,1186.0,2138.0,143.0,910.0,40.0,538.0,14,375,11,692,3,508,-,-,-,-,-,-
Nagseongdae-dong,Gwanak-gu,1277.0,481.0,7971.0,4006.0,3965.0,997.0,1975.0,164.0,1032.0,67.0,871.0,27,878,11,739,9,1588,1,303,1,585,-,-
Jungang-dong,Gwanak-gu,1469.0,382.0,4681.0,2240.0,2441.0,1285.0,1900.0,110.0,687.0,49.0,643.0,19,558,5,342,-,-,-,-,1,551,-,-
Inheon-dong,Gwanak-gu,1123.0,441.0,4406.0,2145.0,2261.0,997.0,1718.0,75.0,478.0,29.0,385.0,9,246,7,458,5,712,1,409,-,-,-,-
Namhyeon-dong,Gwanak-gu,842.0,337.0,5952.0,3217.0,2735.0,612.0,1222.0,143.0,886.0,51.0,660.0,22,732,7,451,3,544,4,1457,-,-,-,-
Sewon-dong,Gwanak-gu,1298.0,489.0,6702.0,3076.0,3626.0,1004.0,1983.0,197.0,1292.0,63.0,781.0,18,545,10,637,3,360,3,1104,-,-,-,-
Sinwon-dong,Gwanak-gu,877.0,363.0,2256.0,1036.0,1220.0,807.0,1265.0,47.0,296.0,12.0,140.0,7,256,3,190,1,109,-,-,-,-,-,-
Serim-dong,Gwanak-gu,857.0,295.0,2755.0,1602.0,1153.0,753.0,1273.0,72.0,475.0,20.0,249.0,6,151,4,244,2,363,-,-,-,-,-,-
Sinsa-dong,Gwanak-gu,1451.0,525.0,4365.0,2238.0,2127.0,1248.0,2109.0,148.0,931.0,38.0,494.0,12,388,4,303,1,140,-,-,-,-,-,-
Sillim-dong,Gwanak-gu,1744.0,755.0,5632.0,2952.0,2680.0,1511.0,2785.0,166.0,1047.0,43.0,559.0,19,583,1,55,4,603,-,-,-,-,-,-
Nanhyang-dong,Gwanak-gu,392.0,133.0,1685.0,858.0,827.0,335.0,529.0,38.0,253.0,11.0,159.0,3,80,1,86,4,578,-,-,-,-,-,-
Jowon-dong,Gwanak-gu,2172.0,724.0,7225.0,3902.0,3323.0,1808.0,3298.0,275.0,1715.0,62.0,796.0,17,431,7,471,3,514,-,-,-,-,-,-
Daehak-dong,Gwanak-gu,1562.0,596.0,11988.0,6658.0,5330.0,1293.0,2465.0,157.0,964.0,66.0,862.0,27,795,14,1052,3,552,1,390,-,-,1,4908
Euncheon-dong,Gwanak-gu,1673.0,589.0,7535.0,4074.0,3461.0,1411.0,2216.0,156.0,999.0,58.0,763.0,30,866,11,754,4,503,2,674,1,760,-,-
Seonghyeon-dong,Gwanak-gu,834.0,287.0,2449.0,1121.0,1328.0,727.0,1117.0,77.0,496.0,20.0,256.0,5,126,3,230,2,224,-,-,-,-,-,-
Cheongnyong-dong,Gwanak-gu,1946.0,770.0,12463.0,6431.0,6032.0,1654.0,2838.0,180.0,1152.0,62.0,808.0,26,781,15,1054,4,723,1,392,2,1117,2,3598
Nangok-dong,Gwanak-gu,935.0,295.0,1988.0,1013.0,975.0,869.0,1213.0,48.0,301.0,14.0,181.0,-,-,4,293,-,-,-,-,-,-,-,-
Samseong-dong,Gwanak-gu,1139.0,422.0,2615.0,1336.0,1279.0,1068.0,1509.0,34.0,210.0,24.0,289.0,6,156,7,451,-,-,-,-,-,-,-,-
Miseong-dong,Gwanak-gu,1575.0,549.0,5201.0,2791.0,2410.0,1376.0,2094.0,119.0,771.0,46.0,580.0,22,703,8,561,4,492,-,-,-,-,-,-
Seocho 1(il)-dong,Seocho-gu,3047.0,770.0,26660.0,16637.0,10023.0,2070.0,4159.0,492.0,3166.0,266.0,3444.0,138,4182,43,3055,31,5156,5,1916,2,1582,-,-
Seocho 2(i)-dong,Seocho-gu,4253.0,1175.0,49210.0,32181.0,17029.0,2936.0,5438.0,635.0,4100.0,327.0,4257.0,217,6625,76,5183,42,6659,11,4171,6,3147,3,9630
Seocho 3(sam)-dong,Seocho-gu,6884.0,1627.0,65115.0,39050.0,26065.0,4587.0,10282.0,1318.0,8389.0,539.0,7205.0,276,8199,87,6028,56,8732,8,2968,8,5186,5,8126
Seocho 4(sa)-dong,Seocho-gu,2704.0,837.0,27523.0,15445.0,12078.0,1641.0,3640.0,581.0,3737.0,310.0,4188.0,123,3417,22,1631,19,3416,2,686,4,3033,2,3775
Jamwon-dong,Seocho-gu,2176.0,730.0,13886.0,7487.0,6399.0,1617.0,3471.0,355.0,2250.0,121.0,1551.0,53,1529,11,745,16,2913,2,627,1,800,-,-
Banpobon-dong,Seocho-gu,668.0,364.0,2280.0,1009.0,1271.0,577.0,952.0,60.0,361.0,19.0,259.0,4,117,7,485,1,106,-,-,-,-,-,-
Banpo 1(il)-dong,Seocho-gu,1548.0,554.0,9227.0,5337.0,3890.0,1124.0,2196.0,238.0,1505.0,124.0,1582.0,44,1344,13,1015,3,445,1,370,1,770,-,-
Banpo 2(i)-dong,Seocho-gu,428.0,190.0,2223.0,1082.0,1141.0,344.0,600.0,43.0,282.0,27.0,358.0,7,227,3,195,4,561,-,-,-,-,-,-
Banpo 3(sam)-dong,Seocho-gu,887.0,360.0,5949.0,2653.0,3296.0,705.0,1231.0,95.0,603.0,54.0,695.0,19,566,7,472,4,740,1,331,2,1311,-,-
Banpo 4(sa)-dong,Seocho-gu,3382.0,1498.0,29186.0,15030.0,14156.0,2521.0,5274.0,432.0,2755.0,242.0,3139.0,125,3856,34,2294,19,3415,5,1992,2,1202,2,5259
Bangbaebon-dong,Seocho-gu,1606.0,569.0,10745.0,5492.0,5253.0,1264.0,2338.0,206.0,1320.0,73.0,976.0,35,1069,20,1408,5,1055,1,333,1,870,1,1376
Bangbae 1(il)-dong,Seocho-gu,1629.0,534.0,13769.0,9466.0,4303.0,1187.0,2346.0,245.0,1554.0,112.0,1478.0,61,1650,13,890,6,988,2,845,1,505,2,3513
Bangbae 2(i)-dong,Seocho-gu,1771.0,568.0,14947.0,9937.0,5010.0,1318.0,2568.0,256.0,1630.0,104.0,1388.0,56,1560,15,998,16,2544,3,1123,2,1589,1,1547
Bangbae 3(sam)-dong,Seocho-gu,1103.0,347.0,10484.0,6820.0,3664.0,786.0,1396.0,164.0,1030.0,71.0,962.0,40,1257,21,1451,18,3081,2,724,1,583,-,-
Bangbae 4(sa)-dong,Seocho-gu,2265.0,752.0,13140.0,8065.0,5075.0,1745.0,3211.0,284.0,1836.0,147.0,1985.0,55,1583,19,1360,13,1811,1,345,-,-,1,1009
Yangjae 1(il)-dong,Seocho-gu,3090.0,864.0,30202.0,20481.0,9721.0,2019.0,4038.0,596.0,3820.0,247.0,3233.0,156,4620,40,2671,18,2910,7,2561,5,3866,2,2483
Yangjae 2(i)-dong,Seocho-gu,4981.0,1307.0,44373.0,30460.0,13913.0,3609.0,7206.0,802.0,5093.0,325.0,4242.0,137,3958,61,4080,26,4014,9,3523,9,5590,3,6667
Naegok-dong,Seocho-gu,460.0,107.0,5035.0,2983.0,2052.0,362.0,613.0,48.0,321.0,20.0,257.0,19,622,1,53,7,1302,2,836,-,-,1,1031
Sinsa-dong,Gangnam-gu,4334.0,1629.0,27047.0,13256.0,13791.0,2957.0,6582.0,869.0,5539.0,338.0,4424.0,117,3270,26,1725,23,3232,1,344,3,1931,-,-
Nonhyeon 1(il)-dong,Gangnam-gu,4970.0,1437.0,38902.0,21945.0,16957.0,3334.0,6974.0,899.0,5715.0,416.0,5521.0,207,6215,68,4544,40,6409,2,792,4,2732,-,-
Nonhyeon 2(i)-dong,Gangnam-gu,5128.0,1441.0,56495.0,33474.0,23021.0,3168.0,7234.0,1082.0,6900.0,443.0,5800.0,259,7679,102,7039,51,7925,12,5173,9,6116,2,2629
Samseong 1(il)-dong,Gangnam-gu,3170.0,824.0,49715.0,31180.0,18535.0,1706.0,4040.0,706.0,4528.0,365.0,4874.0,227,6878,79,5328,61,9617,16,6087,8,5727,2,2636
Samseong 2(i)-dong,Gangnam-gu,3008.0,862.0,30057.0,17501.0,12556.0,1958.0,4040.0,522.0,3313.0,253.0,3321.0,179,5214,50,3328,41,6648,1,397,3,1785,1,2011
Daechi 1(il)-dong,Gangnam-gu,1004.0,424.0,6550.0,3112.0,3438.0,680.0,1344.0,152.0,990.0,110.0,1444.0,47,1311,12,837,2,219,1,405,-,-,-,-
Daechi 4(sa)-dong,Gangnam-gu,3242.0,1083.0,26790.0,15723.0,11067.0,2198.0,4621.0,609.0,3940.0,215.0,2761.0,134,3932,55,3804,25,3812,4,1443,1,604,1,1873
Yeoksam 1(il)-dong,Gangnam-gu,12516.0,3370.0,144308.0,87953.0,56355.0,7735.0,17540.0,2582.0,16352.0,1152.0,14871.0,646,19331,198,13491,149,25107,25,9667,20,14231,9,13718
Yeoksam 2(i)-dong,Gangnam-gu,2956.0,833.0,34579.0,20605.0,13974.0,1808.0,4034.0,561.0,3610.0,281.0,3727.0,199,5876,71,5000,23,4084,7,2638,4,2712,2,2898
Dogok 1(il)-dong,Gangnam-gu,1392.0,431.0,14298.0,8336.0,5962.0,930.0,1859.0,231.0,1504.0,130.0,1748.0,60,1921,22,1596,15,2370,1,413,2,1063,1,1824
Dogok 2(i)-dong,Gangnam-gu,1646.0,524.0,18453.0,11051.0,7402.0,1044.0,2196.0,298.0,1957.0,145.0,1875.0,102,2947,29,2143,20,3354,5,1884,3,2097,-,-
Gaepo 1(il)-dong,Gangnam-gu,459.0,173.0,1318.0,758.0,560.0,429.0,624.0,13.0,84.0,7.0,89.0,6,185,3,207,1,129,-,-,-,-,-,-
Gaepo 4(sa)-dong,Gangnam-gu,3257.0,601.0,11318.0,7578.0,3740.0,2759.0,4329.0,288.0,1865.0,139.0,1770.0,51,1503,13,885,7,966,-,-,-,-,-,-
Irwonbon-dong,Gangnam-gu,492.0,201.0,8073.0,2156.0,5917.0,412.0,638.0,32.0,226.0,23.0,319.0,16,507,6,403,2,203,-,-,-,-,1,5777
Irwon 1(il)-dong,Gangnam-gu,894.0,337.0,5454.0,3038.0,2416.0,713.0,1388.0,96.0,609.0,48.0,609.0,20,563,9,629,6,926,2,730,-,-,-,-
Irwon 2(i)-dong,Gangnam-gu,575.0,191.0,5064.0,3248.0,1816.0,453.0,740.0,58.0,366.0,34.0,430.0,18,502,4,342,4,739,2,640,2,1305,-,-
Suseo-dong,Gangnam-gu,1333.0,315.0,17294.0,11139.0,6155.0,914.0,1893.0,248.0,1557.0,93.0,1196.0,35,1084,11,723,22,3502,3,1203,6,4790,1,1346
Segok-dong,Gangnam-gu,437.0,112.0,2422.0,1582.0,840.0,336.0,559.0,60.0,389.0,20.0,274.0,14,404,3,193,4,603,-,-,-,-,-,-
Apgujeong -dong,Gangnam-gu,3778.0,1456.0,28387.0,12802.0,15585.0,2388.0,5533.0,789.0,5011.0,357.0,4734.0,169,4894,57,3923,14,2230,3,1090,1,972,-,-
Cheongdam -dong,Gangnam-gu,3793.0,1512.0,36500.0,18586.0,17914.0,2325.0,5457.0,833.0,5382.0,322.0,4196.0,210,6052,62,4364,32,5674,7,2832,1,721,1,1822
Daechi 2(i)-dong,Gangnam-gu,3220.0,1125.0,50271.0,30456.0,19815.0,2000.0,4171.0,534.0,3467.0,274.0,3578.0,222,6682,103,7178,67,11336,6,2261,13,9659,1,1939
Gaepo 2(i)-dong,Gangnam-gu,1010.0,414.0,4045.0,2046.0,1999.0,888.0,1575.0,65.0,411.0,34.0,446.0,13,411,7,607,2,250,1,345,-,-,-,-
Pungnap 1(il)-dong,Songpa-gu,806.0,316.0,2501.0,1117.0,1384.0,735.0,981.0,38.0,237.0,13.0,184.0,13,423,5,384,2,292,-,-,-,-,-,-
Pungnap 2(i)-dong,Songpa-gu,1236.0,438.0,14873.0,6036.0,8837.0,981.0,1681.0,148.0,941.0,57.0,780.0,24,785,12,820,12,1742,-,-,1,528,1,7596
Geoyeo 1(il)-dong,Songpa-gu,828.0,287.0,2534.0,1342.0,1192.0,727.0,1132.0,55.0,344.0,25.0,325.0,18,472,3,261,-,-,-,-,-,-,-,-
Geoyeo 2(i)-dong,Songpa-gu,1223.0,418.0,4400.0,2412.0,1988.0,1070.0,1634.0,101.0,660.0,30.0,391.0,15,493,2,134,5,1088,-,-,-,-,-,-
Macheon 1(il)-dong,Songpa-gu,910.0,323.0,2057.0,1111.0,946.0,854.0,1265.0,39.0,236.0,7.0,93.0,8,206,1,90,1,167,-,-,-,-,-,-
Macheon 2(i)-dong,Songpa-gu,1340.0,486.0,3993.0,2133.0,1860.0,1212.0,1888.0,77.0,486.0,28.0,370.0,15,487,6,387,2,375,-,-,-,-,-,-
Bangi 1(il)-dong,Songpa-gu,1312.0,506.0,8976.0,5445.0,3531.0,966.0,1876.0,200.0,1278.0,86.0,1145.0,38,1134,10,713,9,1389,2,837,1,604,-,-
Bangi 2(i)-dong,Songpa-gu,2771.0,895.0,21572.0,13216.0,8356.0,2061.0,4005.0,408.0,2648.0,172.0,2214.0,79,2385,25,1703,21,3217,2,758,1,739,2,3903
Oryun-dong,Songpa-gu,510.0,212.0,4286.0,2367.0,1919.0,376.0,687.0,67.0,439.0,34.0,435.0,17,518,8,566,6,849,2,792,-,-,-,-
Ogeum-dong,Songpa-gu,3197.0,783.0,16645.0,10500.0,6145.0,2664.0,4310.0,304.0,1943.0,134.0,1746.0,56,1653,19,1230,16,2617,1,311,2,1125,1,1710
Songpa 1(il)-dong,Songpa-gu,2442.0,721.0,11419.0,7212.0,4207.0,2002.0,3420.0,267.0,1682.0,96.0,1226.0,51,1505,8,563,16,2393,2,630,-,-,-,-
Songpa 2(i)-dong,Songpa-gu,881.0,371.0,5434.0,3360.0,2074.0,743.0,1248.0,72.0,462.0,37.0,503.0,14,360,8,616,5,773,-,-,2,1472,-,-
Seokchon-dong,Songpa-gu,2757.0,992.0,14313.0,8588.0,5725.0,2260.0,4100.0,280.0,1779.0,127.0,1652.0,61,1777,14,1061,11,1781,1,310,3,1853,-,-
Samjeon-dong,Songpa-gu,1972.0,691.0,10176.0,6665.0,3511.0,1596.0,2897.0,241.0,1518.0,83.0,1110.0,26,766,16,1051,6,811,2,659,2,1364,-,-
Garakbon-dong,Songpa-gu,3460.0,1037.0,28071.0,16938.0,11133.0,2640.0,5028.0,441.0,2838.0,197.0,2625.0,103,3087,45,3309,22,3849,6,2168,5,4044,1,1123
Garak 1(il)-dong,Songpa-gu,3322.0,874.0,11184.0,8044.0,3140.0,2670.0,5486.0,569.0,3488.0,60.0,723.0,12,366,8,559,2,246,1,316,-,-,-,-
Garak 2(i)-dong,Songpa-gu,1832.0,691.0,8739.0,4988.0,3751.0,1503.0,2652.0,180.0,1161.0,81.0,1034.0,46,1390,15,1025,5,718,2,759,-,-,-,-
Munjeong 1(il)-dong,Songpa-gu,1434.0,497.0,6648.0,4260.0,2388.0,1162.0,2003.0,171.0,1052.0,54.0,689.0,26,752,12,789,9,1363,-,-,-,-,-,-
Munjeong 2(i)-dong,Songpa-gu,2170.0,677.0,10862.0,6835.0,4027.0,1728.0,3304.0,260.0,1656.0,112.0,1429.0,47,1338,11,726,10,1659,2,750,-,-,-,-
Jangji-dong,Songpa-gu,1449.0,440.0,9945.0,7099.0,2846.0,1177.0,1922.0,160.0,1010.0,56.0,712.0,28,790,9,667,14,2499,4,1705,1,640,-,-
Jamsilbon-dong,Songpa-gu,3052.0,1079.0,17039.0,10159.0,6880.0,2332.0,4768.0,432.0,2745.0,177.0,2294.0,80,2377,16,1188,11,1865,3,1238,1,564,-,-
Jamsil 4(sa)-dong,Songpa-gu,462.0,209.0,1727.0,664.0,1063.0,384.0,696.0,51.0,297.0,16.0,210.0,7,214,3,187,1,123,-,-,-,-,-,-
Jamsil 6(yuk)-dong,Songpa-gu,1959.0,565.0,23128.0,14349.0,8779.0,1467.0,2567.0,232.0,1494.0,120.0,1612.0,73,2295,31,2083,25,4404,4,1626,3,2015,4,5032
Jamsil 7(chil)-dong,Songpa-gu,195.0,101.0,976.0,473.0,503.0,166.0,260.0,14.0,94.0,8.0,113.0,2,67,4,323,1,119,-,-,-,-,-,-
Jamsil 2(i)-dong,Songpa-gu,765.0,349.0,3661.0,1608.0,2053.0,644.0,1340.0,75.0,466.0,22.0,289.0,12,367,7,513,5,686,-,-,-,-,-,-
Jamsil 3(sam)-dong,Songpa-gu,1218.0,606.0,8056.0,3524.0,4532.0,964.0,1929.0,141.0,931.0,68.0,861.0,33,955,6,413,2,382,3,1182,-,-,1,1403
Gangil-dong,Gangdong-gu,683.0,217.0,14694.0,11453.0,3241.0,487.0,885.0,136.0,835.0,21.0,263.0,19,582,10,729,6,946,2,891,-,-,2,9563
Sangil-dong,Gangdong-gu,1238.0,371.0,5441.0,2682.0,2759.0,1098.0,1762.0,88.0,548.0,25.0,345.0,13,379,6,357,7,839,-,-,-,-,1,1211
Myeongil 1(il)-dong,Gangdong-gu,1665.0,737.0,5027.0,2300.0,2727.0,1467.0,2458.0,118.0,739.0,53.0,684.0,20,577,6,395,1,174,-,-,-,-,-,-
Myeongil 2(i)-dong,Gangdong-gu,1267.0,596.0,5137.0,2366.0,2771.0,1007.0,1849.0,167.0,1065.0,69.0,866.0,18,537,3,188,2,324,1,308,-,-,-,-
Godeok 1(il)-dong,Gangdong-gu,550.0,193.0,1749.0,866.0,883.0,507.0,711.0,22.0,145.0,8.0,114.0,7,184,4,349,2,246,-,-,-,-,-,-
Godeok 2(i)-dong,Gangdong-gu,1945.0,257.0,3801.0,2611.0,1190.0,1868.0,2245.0,44.0,285.0,14.0,177.0,8,237,9,582,2,275,-,-,-,-,-,-
Amsa 2(i)-dong,Gangdong-gu,812.0,300.0,3671.0,1628.0,2043.0,693.0,1193.0,76.0,466.0,29.0,376.0,8,240,2,162,3,616,-,-,1,618,-,-
Amsa 3(sam)-dong,Gangdong-gu,603.0,200.0,1911.0,961.0,950.0,533.0,841.0,43.0,271.0,16.0,207.0,5,139,5,345,1,108,-,-,-,-,-,-
Cheonho 1(il)-dong,Gangdong-gu,1558.0,537.0,5102.0,2473.0,2629.0,1384.0,2180.0,107.0,687.0,41.0,543.0,14,369,8,563,4,760,-,-,-,-,-,-
Cheonho 3(sam)-dong,Gangdong-gu,1877.0,713.0,6171.0,3271.0,2900.0,1664.0,2584.0,127.0,804.0,47.0,611.0,27,864,7,484,5,824,-,-,-,-,-,-
Seongnae 1(il)-dong,Gangdong-gu,2045.0,608.0,15379.0,9343.0,6036.0,1559.0,2940.0,270.0,1702.0,113.0,1476.0,56,1674,26,1738,17,2704,1,336,2,1642,1,1167
Seongnae 2(i)-dong,Gangdong-gu,1928.0,714.0,7545.0,3571.0,3974.0,1636.0,2857.0,173.0,1079.0,59.0,800.0,48,1558,8,563,4,688,-,-,-,-,-,-
Seongnae 3(sam)-dong,Gangdong-gu,2384.0,918.0,10273.0,5739.0,4534.0,1967.0,3694.0,244.0,1522.0,122.0,1589.0,40,1280,6,406,3,494,1,337,1,951,-,-
Dunchon 1(il)-dong,Gangdong-gu,404.0,183.0,1318.0,742.0,576.0,382.0,486.0,6.0,37.0,7.0,104.0,2,62,5,336,2,293,-,-,-,-,-,-
Dunchon 2(i)-dong,Gangdong-gu,1610.0,567.0,9104.0,4843.0,4261.0,1350.0,2300.0,152.0,946.0,59.0,775.0,33,932,8,554,5,813,-,-,2,1135,1,1649
Amsa 1(il)-dong,Gangdong-gu,1947.0,707.0,5139.0,2752.0,2387.0,1766.0,2873.0,124.0,792.0,40.0,500.0,10,251,5,351,2,372,-,-,-,-,-,-
Cheonho 2(i)-dong,Gangdong-gu,3424.0,1348.0,14008.0,6471.0,7537.0,2851.0,5398.0,378.0,2388.0,130.0,1694.0,38,1094,15,1095,10,1599,2,740,-,-,-,-
Gil-dong,Gangdong-gu,3816.0,1372.0,18259.0,9233.0,9026.0,3110.0,5414.0,431.0,2791.0,159.0,2021.0,74,2317,29,1908,9,1354,2,721,1,650,1,1083
