Dong,사업_사업체현황종사상지위별_Gu_Gu,사업_사업체현황종사상지위별_total_No. of establishments,사업_사업체현황종사상지위별_total_No. of workers,사업_사업체현황종사상지위별_total_Female employee,사업_사업체현황종사상지위별_Self-employee unpaid family workers_Sub total,사업_사업체현황종사상지위별_Self-employee unpaid family workers_Female employee,사업_사업체현황종사상지위별_Regular workers_Sub total,사업_사업체현황종사상지위별_Regular workers_Female employee,사업_사업체현황종사상지위별_Temporary and dayworkers_Sub total,사업_사업체현황종사상지위별_Temporary and dayworkers_Female employee,사업_사업체현황종사상지위별_Other workers_Sub total,사업_사업체현황종사상지위별_Other workers_Female employee
Sajik-dong,Jongno-gu,3466.0,45046.0,19554.0,2107.0,1061.0,38999.0,16346.0,2548.0,1510.0,1392,637
Samcheong-dong,Jongno-gu,650.0,3980.0,1967.0,496.0,281.0,3101.0,1386.0,256.0,200.0,127,100
Buam-dong,Jongno-gu,483.0,3590.0,1859.0,461.0,234.0,1794.0,847.0,496.0,337.0,839,441
Pyeongchang-dong,Jongno-gu,662.0,2635.0,1396.0,552.0,293.0,1732.0,912.0,273.0,154.0,78,37
Muak-dong,Jongno-gu,558.0,1388.0,665.0,560.0,144.0,671.0,438.0,107.0,51.0,50,32
Gyonam-dong,Jongno-gu,315.0,3493.0,2014.0,275.0,112.0,2856.0,1603.0,157.0,96.0,205,203
Gahoe-dong,Jongno-gu,607.0,8218.0,2610.0,538.0,302.0,7060.0,1924.0,603.0,377.0,17,7
Jongno 1·2·3·4(ilisamsa)-ga-dong,Jongno-gu,15713.0,97700.0,40169.0,14961.0,5749.0,73593.0,29367.0,7323.0,3969.0,1823,1084
Jongno 5·6(oryuk)-ga-dong,Jongno-gu,7735.0,24602.0,9407.0,8593.0,3457.0,14080.0,4858.0,1585.0,946.0,344,146
Ihwa-dong,Jongno-gu,1139.0,13777.0,8168.0,910.0,405.0,10050.0,5914.0,2591.0,1773.0,226,76
Changsin 1(il)-dong,Jongno-gu,2250.0,6408.0,3038.0,2918.0,1129.0,2411.0,1283.0,694.0,335.0,385,291
Changsin 2(i)-dong,Jongno-gu,858.0,2331.0,1293.0,1176.0,535.0,881.0,571.0,238.0,160.0,36,27
Changsin 3(sam)-dong,Jongno-gu,269.0,794.0,379.0,300.0,119.0,393.0,205.0,73.0,40.0,28,15
Sungin 1(il)-dong,Jongno-gu,531.0,1659.0,937.0,634.0,276.0,860.0,532.0,151.0,116.0,14,13
Sungin 2(i)-dong,Jongno-gu,1683.0,5682.0,2844.0,1819.0,655.0,2476.0,1188.0,578.0,311.0,809,690
Cheongunhyoja-dong,Jongno-gu,795.0,5625.0,2384.0,705.0,364.0,4354.0,1672.0,445.0,282.0,121,66
Hyehwa-dong,Jongno-gu,1612.0,8753.0,4463.0,1527.0,681.0,5036.0,2607.0,1954.0,1048.0,236,127
Sogong-dong,Jung-gu,3823.0,61868.0,24627.0,2308.0,935.0,55431.0,21193.0,3046.0,1846.0,1083,653
Hoehyeon-dong,Jung-gu,9869.0,47252.0,21742.0,11345.0,6453.0,31013.0,12012.0,2860.0,1771.0,2034,1506
Myeong-dong,Jung-gu,6855.0,103320.0,44495.0,4740.0,1993.0,89413.0,36759.0,7306.0,4658.0,1861,1085
Pil-dong,Jung-gu,3196.0,21901.0,8675.0,2728.0,885.0,16473.0,6203.0,2331.0,1331.0,369,256
Jangchung-dong,Jung-gu,844.0,9297.0,4572.0,647.0,254.0,7619.0,3684.0,641.0,419.0,390,215
Gwanghui-dong ,Jung-gu,10372.0,36642.0,16646.0,11144.0,4532.0,21174.0,9458.0,2938.0,1785.0,1386,871
Euljiro-dong,Jung-gu,9814.0,27740.0,8791.0,10087.0,2525.0,14364.0,4717.0,1702.0,806.0,1587,743
Sindang 5(o)-dong,Jung-gu,1156.0,4043.0,1933.0,1357.0,599.0,1705.0,763.0,848.0,487.0,133,84
Hwanghak-dong,Jung-gu,2055.0,5702.0,2214.0,2363.0,864.0,2895.0,1139.0,364.0,182.0,80,29
Jungnim-dong,Jung-gu,1045.0,8292.0,3962.0,940.0,375.0,5766.0,2614.0,666.0,433.0,920,540
Sindang-dong,Jung-gu,12219.0,26112.0,14259.0,14416.0,7790.0,8192.0,4130.0,3160.0,2235.0,344,104
Dasan-dong,Jung-gu,1119.0,7855.0,4208.0,978.0,357.0,5439.0,2932.0,1274.0,846.0,164,73
Yaksu-dong,Jung-gu,834.0,3478.0,1862.0,872.0,425.0,2129.0,1119.0,282.0,174.0,195,144
Cheonggu-dong,Jung-gu,702.0,3274.0,1215.0,625.0,232.0,2080.0,677.0,520.0,268.0,49,38
Donghwa-dong,Jung-gu,943.0,3294.0,1580.0,932.0,307.0,1587.0,783.0,340.0,226.0,435,264
Huam-dong,Yongsan-gu,819.0,5239.0,3086.0,886.0,398.0,3532.0,2123.0,787.0,545.0,34,20
Yongsan 2-ga-dong,Yongsan-gu,511.0,2934.0,1386.0,533.0,205.0,2132.0,1021.0,258.0,152.0,11,8
Namyeong-dong,Yongsan-gu,1612.0,20356.0,7246.0,1341.0,619.0,11639.0,3551.0,4311.0,1576.0,3065,1500
Wonhyoro 2(i)-dong,Yongsan-gu,1190.0,6812.0,2238.0,947.0,342.0,5299.0,1592.0,350.0,226.0,216,78
Hyochang-dong,Yongsan-gu,535.0,2603.0,1120.0,432.0,169.0,1561.0,760.0,458.0,98.0,152,93
Yongmun-dong,Yongsan-gu,637.0,1600.0,748.0,692.0,319.0,787.0,350.0,103.0,66.0,18,13
Ichon 1(il)-dong,Yongsan-gu,805.0,3486.0,1927.0,754.0,419.0,2345.0,1231.0,357.0,247.0,30,30
Ichon 2(i)-dong,Yongsan-gu,337.0,876.0,297.0,356.0,123.0,387.0,139.0,108.0,30.0,25,5
Itaewon 1(il)-dong,Yongsan-gu,1584.0,7121.0,3176.0,1561.0,764.0,4401.0,1796.0,1110.0,580.0,49,36
Itaewon 2(i)-dong,Yongsan-gu,597.0,2215.0,946.0,626.0,268.0,1413.0,588.0,172.0,88.0,4,2
Seobinggo-dong,Yongsan-gu,405.0,4616.0,1836.0,329.0,131.0,3875.0,1552.0,332.0,138.0,80,15
Bogwang-dong,Yongsan-gu,772.0,2091.0,963.0,969.0,456.0,782.0,328.0,253.0,119.0,87,60
Cheongpa-dong,Yongsan-gu,1890.0,10019.0,5574.0,2245.0,1005.0,4680.0,2327.0,2825.0,2038.0,269,204
Wonhyoro 1(il)-dong,Yongsan-gu,1725.0,8110.0,2722.0,1477.0,575.0,5800.0,1710.0,584.0,325.0,249,112
Hangangno-dong,Yongsan-gu,4988.0,33136.0,13210.0,3532.0,1229.0,26292.0,10198.0,2728.0,1396.0,584,387
Hannam-dong,Yongsan-gu,1660.0,15937.0,7375.0,1355.0,620.0,13051.0,6099.0,1261.0,565.0,270,91
Wangsimni 2(i)-dong,Seongdong-gu,746.0,1926.0,1014.0,789.0,312.0,921.0,556.0,167.0,108.0,49,38
Majang-dong,Seongdong-gu,3146.0,10974.0,3587.0,2951.0,946.0,6797.0,2166.0,1134.0,470.0,92,5
Sageun-dong,Seongdong-gu,963.0,9219.0,4767.0,995.0,409.0,6418.0,3270.0,1709.0,1026.0,97,62
Haengdang 1(il)-dong,Seongdong-gu,1400.0,8526.0,3997.0,1359.0,617.0,5747.0,2531.0,1319.0,768.0,101,81
Haengdang 2(i)-dong,Seongdong-gu,571.0,2107.0,1248.0,630.0,294.0,1200.0,782.0,202.0,119.0,75,53
Eungbong-dong,Seongdong-gu,384.0,1024.0,476.0,394.0,149.0,506.0,258.0,112.0,67.0,12,2
Geumho 1(il)-ga-dong,Seongdong-gu,571.0,1658.0,862.0,590.0,231.0,746.0,415.0,234.0,148.0,88,68
Geumho 4(sa)-ga-dong,Seongdong-gu,616.0,1963.0,920.0,681.0,310.0,1127.0,520.0,103.0,51.0,52,39
Seongsu 1(il)-ga1(il)-dong,Seongdong-gu,1336.0,6683.0,2379.0,1247.0,386.0,3921.0,1379.0,971.0,380.0,544,234
Seongsu 1(il)-ga2(i)-dong,Seongdong-gu,1946.0,12598.0,4393.0,1666.0,559.0,9567.0,3264.0,1125.0,471.0,240,99
Seongsu 2(i)-ga1(il)-dong,Seongdong-gu,2351.0,14571.0,5378.0,2173.0,818.0,10780.0,3733.0,933.0,399.0,685,428
Seongsu 2(i)-ga 3(sam)-dong,Seongdong-gu,4690.0,43517.0,15419.0,3348.0,1040.0,36510.0,12818.0,2772.0,1358.0,887,203
Songjeong-dong,Seongdong-gu,712.0,2156.0,837.0,715.0,229.0,1274.0,548.0,114.0,49.0,53,11
Yongdap-dong,Seongdong-gu,2050.0,13485.0,4933.0,1868.0,632.0,10088.0,3669.0,1001.0,387.0,528,245
WangsimniDoseon-dong,Seongdong-gu,1588.0,8254.0,3953.0,1719.0,720.0,4911.0,2236.0,820.0,422.0,804,575
Geumho 2.3(i.sam)-ga-dong,Seongdong-gu,974.0,2422.0,1368.0,1179.0,568.0,976.0,605.0,234.0,170.0,33,25
Oksu-dong,Seongdong-gu,759.0,2720.0,1448.0,718.0,339.0,1569.0,833.0,377.0,228.0,56,48
Hwayang-dong,Gwangjin-gu,2456.0,14197.0,6860.0,2686.0,1156.0,8169.0,3950.0,3155.0,1647.0,187,107
Gunja-dong,Gwangjin-gu,1572.0,7832.0,3556.0,1615.0,692.0,4160.0,1778.0,1771.0,884.0,286,202
Junggok 1(il)-dong,Gwangjin-gu,1601.0,6943.0,2970.0,1749.0,756.0,3992.0,1554.0,827.0,460.0,375,200
Junggok 2(i)-dong,Gwangjin-gu,1748.0,5699.0,2988.0,1863.0,816.0,2896.0,1509.0,636.0,417.0,304,246
Junggok 3(sam)-dong,Gwangjin-gu,1359.0,4778.0,2196.0,1542.0,659.0,1976.0,956.0,1012.0,417.0,248,164
Junggok 4(sa)-dong,Gwangjin-gu,1572.0,4959.0,2159.0,1717.0,680.0,1974.0,914.0,1240.0,549.0,28,16
Neung-dong,Gwangjin-gu,698.0,4466.0,2291.0,599.0,253.0,2803.0,1319.0,485.0,324.0,579,395
Guui 1(il)-dong,Gwangjin-gu,1838.0,6361.0,2620.0,1858.0,781.0,3446.0,1423.0,858.0,363.0,199,53
Guui 2(i)-dong,Gwangjin-gu,1314.0,5211.0,2234.0,1411.0,569.0,2866.0,1193.0,628.0,339.0,306,133
Guui 3(sam)-dong,Gwangjin-gu,2596.0,19699.0,6543.0,2395.0,963.0,11072.0,4181.0,5779.0,1114.0,453,285
Gwangjang-dong,Gwangjin-gu,1361.0,10953.0,4923.0,1129.0,561.0,7182.0,3124.0,1994.0,985.0,648,253
Jayang 1(il)-dong,Gwangjin-gu,1694.0,8364.0,3346.0,1738.0,760.0,5494.0,1932.0,854.0,448.0,278,206
Jayang 2(i)-dong,Gwangjin-gu,1517.0,7311.0,3048.0,1539.0,579.0,4324.0,1769.0,1160.0,564.0,288,136
Jayang 3(sam)-dong,Gwangjin-gu,1317.0,6244.0,3107.0,1202.0,503.0,3693.0,1832.0,1244.0,708.0,105,64
Jayang 4(sa)-dong,Gwangjin-gu,2033.0,6948.0,2938.0,2317.0,1015.0,3335.0,1317.0,1173.0,547.0,123,59
Hoegi-dong,Dongdaemun-gu,990.0,10029.0,5212.0,1163.0,540.0,6454.0,3303.0,2202.0,1181.0,210,188
Hwigyeong 1(il)-dong,Dongdaemun-gu,1041.0,3869.0,1942.0,1176.0,499.0,2050.0,1015.0,383.0,216.0,260,212
Hwigyeong 2(i)-dong,Dongdaemun-gu,1092.0,4462.0,2325.0,1132.0,339.0,3001.0,1780.0,279.0,169.0,50,37
Cheongnyangni-dong,Dongdaemun-gu,1687.0,8301.0,3746.0,1841.0,809.0,5270.0,2038.0,674.0,402.0,516,497
Yongsin-dong,Dongdaemun-gu,5504.0,27882.0,11832.0,5272.0,1965.0,17501.0,6731.0,2724.0,1452.0,2385,1684
Jegi-dong,Dongdaemun-gu,4697.0,11249.0,5075.0,5407.0,2339.0,4724.0,2009.0,577.0,325.0,541,402
Jeonnong 1(il)-dong,Dongdaemun-gu,2244.0,7761.0,3963.0,2569.0,1177.0,3669.0,1838.0,1291.0,866.0,232,82
Jeonnong 2(i)-dong,Dongdaemun-gu,845.0,4362.0,2408.0,871.0,380.0,3151.0,1808.0,313.0,215.0,27,5
Dapsimni 1(il)-dong,Dongdaemun-gu,2095.0,10111.0,3788.0,2103.0,715.0,6153.0,2504.0,1501.0,364.0,354,205
Dapsimni 2(i)-dong,Dongdaemun-gu,2003.0,5735.0,2256.0,2032.0,657.0,3049.0,1236.0,347.0,194.0,307,169
Jangan 1(il)-dong,Dongdaemun-gu,4376.0,20752.0,9258.0,4261.0,1541.0,13292.0,5681.0,1999.0,1073.0,1200,963
Jangan 2(i)-dong,Dongdaemun-gu,3190.0,10088.0,5158.0,3418.0,1420.0,5222.0,2681.0,1196.0,902.0,252,155
Imun 1(il)-dong,Dongdaemun-gu,1476.0,5316.0,2538.0,1633.0,725.0,2599.0,1265.0,1044.0,524.0,40,24
Imun 2(i)-dong,Dongdaemun-gu,732.0,2183.0,892.0,800.0,344.0,997.0,403.0,220.0,133.0,166,12
Myeonmok 2(i)-dong,Jungnang-gu,2018.0,6140.0,2629.0,2370.0,965.0,2360.0,985.0,1053.0,628.0,357,51
Myeonmok 4(sa)-dong,Jungnang-gu,1058.0,3407.0,1499.0,1230.0,529.0,1598.0,631.0,538.0,313.0,41,26
Myeonmok 5(o)-dong,Jungnang-gu,1002.0,3740.0,1498.0,1240.0,478.0,1823.0,678.0,641.0,336.0,36,6
Myeonmok 7(chil)-dong,Jungnang-gu,1507.0,4122.0,2133.0,1991.0,881.0,1325.0,726.0,784.0,517.0,22,9
Sangbong 1(il)-dong,Jungnang-gu,1100.0,6159.0,2973.0,1053.0,421.0,3134.0,1165.0,1007.0,603.0,965,784
Sangbong 2(i)-dong,Jungnang-gu,2164.0,9971.0,4480.0,2374.0,1020.0,5611.0,2134.0,1237.0,820.0,749,506
Junghwa 1(il)-dong,Jungnang-gu,1100.0,3655.0,1917.0,1137.0,429.0,1641.0,976.0,602.0,319.0,275,193
Junghwa 2(i)-dong,Jungnang-gu,2286.0,6673.0,3139.0,2730.0,1189.0,2546.0,1153.0,1139.0,708.0,258,89
Muk 1(il)-dong,Jungnang-gu,1503.0,5870.0,2723.0,1572.0,627.0,3040.0,1616.0,1063.0,365.0,195,115
Muk 2(i)-dong,Jungnang-gu,1752.0,5333.0,2275.0,1890.0,670.0,2624.0,1026.0,606.0,396.0,213,183
Mangu 3(sam)-dong,Jungnang-gu,1072.0,3543.0,1694.0,1199.0,474.0,1421.0,833.0,619.0,350.0,304,37
Sinnae 1(il)-dong,Jungnang-gu,1574.0,7895.0,3334.0,1634.0,579.0,5091.0,2029.0,1014.0,627.0,156,99
Sinnae 2(i)-dong,Jungnang-gu,1074.0,5172.0,2571.0,1069.0,432.0,3247.0,1621.0,792.0,468.0,64,50
Myeonmokbon-dong,Jungnang-gu,2454.0,6842.0,3691.0,3045.0,1380.0,2028.0,1082.0,1546.0,1050.0,223,179
Myeonmok 3.8(sam.pal)-dong,Jungnang-gu,3043.0,7685.0,3366.0,3423.0,1049.0,2655.0,1344.0,1472.0,866.0,135,107
Mangubon-dong,Jungnang-gu,2783.0,9831.0,4898.0,3104.0,1291.0,5120.0,2628.0,1330.0,796.0,277,183
Donam 1(il)-dong,Seongbuk_gu,382.0,1383.0,765.0,368.0,129.0,793.0,502.0,135.0,90.0,87,44
Donam 2(i)-dong,Seongbuk_gu,363.0,1716.0,1127.0,321.0,141.0,1267.0,892.0,117.0,84.0,11,10
Anam-dong,Seongbuk_gu,1329.0,13134.0,5442.0,1431.0,588.0,7718.0,3268.0,3799.0,1496.0,186,90
Bomun-dong,Seongbuk_gu,1239.0,4121.0,1836.0,1333.0,482.0,1870.0,935.0,871.0,408.0,47,11
Jeongneung 1(il)-dong,Seongbuk_gu,787.0,1937.0,954.0,871.0,350.0,812.0,477.0,210.0,116.0,44,11
Jeongneung 2(i)-dong,Seongbuk_gu,957.0,2832.0,1277.0,1019.0,385.0,1330.0,681.0,350.0,151.0,133,60
Jeongneung 3(sam)-dong,Seongbuk_gu,674.0,4343.0,1856.0,706.0,298.0,2546.0,1041.0,1053.0,499.0,38,18
Jeongneung 4(sa)-dong,Seongbuk_gu,871.0,3870.0,1453.0,961.0,386.0,2315.0,755.0,509.0,250.0,85,62
Gireum 1(il)-dong,Seongbuk_gu,1151.0,3619.0,2103.0,1266.0,599.0,1725.0,1103.0,595.0,370.0,33,31
Gireum 2(i)-dong,Seongbuk_gu,1116.0,4612.0,2634.0,1095.0,562.0,2507.0,1363.0,796.0,540.0,214,169
Wolgok 1(il)-dong,Seongbuk_gu,1192.0,4899.0,2260.0,1388.0,659.0,2594.0,1147.0,755.0,382.0,162,72
Wolgok 2(i)-dong,Seongbuk_gu,1798.0,8745.0,4519.0,1927.0,717.0,4619.0,2285.0,2043.0,1404.0,156,113
Jangwi 1(il)-dong,Seongbuk_gu,1131.0,2838.0,1482.0,1318.0,529.0,1040.0,633.0,378.0,262.0,102,58
Jangwi 2(i)-dong,Seongbuk_gu,1663.0,5078.0,2349.0,2057.0,872.0,1701.0,853.0,1273.0,599.0,47,25
Jangwi 3(sam)-dong,Seongbuk_gu,1212.0,4452.0,1870.0,1399.0,525.0,2280.0,812.0,655.0,448.0,118,85
Seongbuk-dong,Seongbuk_gu,1021.0,5115.0,2633.0,956.0,420.0,3376.0,1701.0,609.0,414.0,174,98
Samseon-dong,Seongbuk_gu,1866.0,9510.0,4550.0,1895.0,818.0,6333.0,2907.0,846.0,543.0,436,282
Dongseon-dong,Seongbuk_gu,1974.0,10170.0,5673.0,2120.0,970.0,4746.0,2631.0,2940.0,1789.0,364,283
Jongam-dong,Seongbuk_gu,2093.0,7550.0,3645.0,2349.0,986.0,3551.0,1850.0,1497.0,710.0,153,99
Seokgwan-dong,Seongbuk_gu,2255.0,8217.0,3383.0,2518.0,997.0,3903.0,1459.0,1392.0,765.0,404,162
Beon 1(il)-dong,Gangbuk-gu,1693.0,8783.0,4977.0,1804.0,820.0,3759.0,1804.0,1140.0,704.0,2080,1649
Beon 2(i)-dong,Gangbuk-gu,653.0,3128.0,1127.0,654.0,201.0,2120.0,687.0,217.0,132.0,137,107
Beon 3(sam)-dong,Gangbuk-gu,831.0,2556.0,1065.0,889.0,257.0,1315.0,576.0,315.0,204.0,37,28
Suyu 1(il)-dong,Gangbuk-gu,1578.0,5125.0,2625.0,1889.0,853.0,2495.0,1243.0,544.0,382.0,197,147
Suyu 2(i)-dong,Gangbuk-gu,1365.0,4357.0,2283.0,1579.0,673.0,1570.0,871.0,812.0,436.0,396,303
Suyu 3(sam)-dong,Gangbuk-gu,2379.0,8413.0,4634.0,2651.0,1192.0,3458.0,1815.0,1432.0,888.0,872,739
Samyang-dong,Gangbuk-gu,1228.0,3331.0,1791.0,1359.0,586.0,1427.0,817.0,420.0,291.0,125,97
Mia-dong,Gangbuk-gu,1967.0,6580.0,3495.0,2220.0,851.0,2444.0,1358.0,1282.0,756.0,634,530
Songjung-dong,Gangbuk-gu,2009.0,8463.0,4546.0,2198.0,951.0,3924.0,2208.0,1491.0,884.0,850,503
Songcheon-dong,Gangbuk-gu,2268.0,7272.0,3948.0,2593.0,1148.0,2827.0,1523.0,1423.0,929.0,429,348
Samgaksan-dong,Gangbuk-gu,714.0,2190.0,1307.0,804.0,353.0,1133.0,777.0,225.0,154.0,28,23
Ui-dong,Gangbuk-gu,994.0,3478.0,1310.0,1162.0,537.0,2003.0,553.0,246.0,183.0,67,37
Insu-dong,Gangbuk-gu,1569.0,5792.0,2869.0,1687.0,647.0,3140.0,1572.0,878.0,576.0,87,74
Ssangmun 1(il)-dong,Dobong-gu,911.0,3803.0,1855.0,901.0,323.0,2403.0,1221.0,416.0,278.0,83,33
Ssangmun 2(i)-dong,Dobong-gu,1227.0,4299.0,1973.0,1305.0,560.0,2177.0,934.0,679.0,404.0,138,75
Ssangmun 3(sam)-dong,Dobong-gu,897.0,3182.0,1630.0,984.0,413.0,1593.0,875.0,530.0,309.0,75,33
Ssangmun 4(sa)-dong,Dobong-gu,594.0,1933.0,1066.0,625.0,258.0,1027.0,612.0,268.0,185.0,13,11
Banghak 1(il)-dong,Dobong-gu,2278.0,9931.0,4313.0,2358.0,1075.0,6264.0,2368.0,1159.0,789.0,150,81
Banghak 2(i)-dong,Dobong-gu,1289.0,2837.0,1478.0,1506.0,609.0,836.0,527.0,448.0,322.0,47,20
Banghak 3(sam)-dong,Dobong-gu,888.0,3161.0,1473.0,914.0,306.0,1837.0,926.0,226.0,138.0,184,103
Chang 1(il)-dong,Dobong-gu,1078.0,3390.0,1908.0,1134.0,466.0,1644.0,961.0,398.0,272.0,214,209
Chang 2(i)-dong,Dobong-gu,1331.0,4447.0,2136.0,1523.0,635.0,2142.0,985.0,719.0,489.0,63,27
Chang 3(sam)-dong,Dobong-gu,964.0,1939.0,1056.0,1129.0,474.0,600.0,417.0,195.0,152.0,15,13
Chang 4(sa)-dong,Dobong-gu,1140.0,6738.0,3000.0,1063.0,412.0,4519.0,1817.0,761.0,440.0,395,331
Chang 5(o)-dong,Dobong-gu,2062.0,6654.0,3031.0,2134.0,608.0,3581.0,1797.0,676.0,437.0,263,189
Dobong 1(il)-dong,Dobong-gu,1660.0,5496.0,2183.0,1868.0,787.0,2901.0,987.0,579.0,345.0,148,64
Dobong 2(i)-dong,Dobong-gu,1394.0,6126.0,2487.0,1427.0,569.0,3549.0,1420.0,305.0,177.0,845,321
Wolgye 1(il)-dong,Nowon-gu,1379.0,5506.0,2007.0,1509.0,591.0,3139.0,977.0,810.0,434.0,48,5
Wolgye 2(i)-dong,Nowon-gu,1047.0,3592.0,1559.0,1069.0,320.0,2335.0,1135.0,184.0,100.0,4,4
Wolgye 3(sam)-dong,Nowon-gu,950.0,3746.0,1755.0,966.0,331.0,2334.0,1121.0,151.0,115.0,295,188
Gongneung 2(i)-dong,Nowon-gu,1813.0,10912.0,5498.0,1915.0,776.0,6928.0,3512.0,1970.0,1139.0,99,71
Hagye 1(il)-dong,Nowon-gu,914.0,6791.0,3241.0,891.0,364.0,5151.0,2372.0,669.0,462.0,80,43
Hagye 2(i)-dong,Nowon-gu,380.0,1064.0,606.0,407.0,148.0,595.0,422.0,49.0,36.0,13,-
Junggyebon-dong,Nowon-gu,1158.0,5241.0,2643.0,1264.0,540.0,2588.0,1295.0,1303.0,737.0,86,71
Junggye 1(il)-dong,Nowon-gu,910.0,4012.0,2221.0,929.0,405.0,2151.0,1261.0,706.0,416.0,226,139
Junggye 4(sa)-dong,Nowon-gu,1002.0,3711.0,2040.0,1112.0,518.0,1779.0,929.0,786.0,564.0,34,29
Sanggye 1(il)-dong,Nowon-gu,2827.0,7954.0,3296.0,2895.0,787.0,3707.0,1565.0,1065.0,703.0,287,241
Sanggye 2(i)-dong,Nowon-gu,2176.0,8370.0,4616.0,2411.0,1099.0,3973.0,2328.0,1745.0,1037.0,241,152
Sanggye 5(o)-dong,Nowon-gu,1349.0,3319.0,1737.0,1408.0,622.0,1223.0,707.0,518.0,307.0,170,101
Sanggye 8(pal)-dong,Nowon-gu,600.0,1885.0,1103.0,637.0,270.0,1010.0,673.0,228.0,151.0,10,9
Sanggye 9(gu)-dong,Nowon-gu,730.0,2360.0,1294.0,759.0,295.0,1180.0,697.0,373.0,268.0,48,34
Sanggye 10(sip)-dong,Nowon-gu,484.0,2139.0,890.0,473.0,168.0,1411.0,543.0,247.0,175.0,8,4
Sanggye 3.4(sam.sa)-dong,Nowon-gu,1699.0,4773.0,1962.0,1800.0,719.0,2462.0,958.0,468.0,262.0,43,23
Sanggye 6.7(yuk.chil)-dong,Nowon-gu,1939.0,14042.0,8482.0,1821.0,736.0,8357.0,4676.0,1004.0,663.0,2860,2407
Junggye 2.3(i.sam)-dong,Nowon-gu,1233.0,4835.0,2873.0,1337.0,622.0,2722.0,1707.0,758.0,527.0,18,17
Gongneung 1(il)-dong,Nowon-gu,2583.0,10273.0,4999.0,2615.0,1022.0,6381.0,3079.0,916.0,589.0,361,309
Nokbeon-dong,Eunpyeong-gu,1564.0,8097.0,3795.0,1628.0,707.0,5281.0,2466.0,809.0,385.0,379,237
Bulgwang 1(il)-dong,Eunpyeong-gu,1672.0,6914.0,4142.0,1824.0,840.0,3040.0,1752.0,990.0,655.0,1060,895
Galhyeon 1(il)-dong,Eunpyeong-gu,1461.0,5136.0,2971.0,1600.0,705.0,2069.0,1110.0,595.0,385.0,872,771
Galhyeon 2(i)-dong,Eunpyeong-gu,1561.0,5495.0,3217.0,1709.0,793.0,2821.0,1733.0,804.0,548.0,161,143
Gusan-dong,Eunpyeong-gu,1181.0,5389.0,2717.0,1178.0,418.0,3334.0,1867.0,760.0,363.0,117,69
Daejo-dong,Eunpyeong-gu,2566.0,7174.0,4169.0,2940.0,1461.0,2951.0,1778.0,1052.0,747.0,231,183
Eungam 1(il)-dong,Eunpyeong-gu,1615.0,7074.0,3486.0,1644.0,721.0,3447.0,1981.0,1539.0,445.0,444,339
Eungam 2(i)-dong,Eunpyeong-gu,944.0,2214.0,1049.0,1090.0,413.0,1066.0,601.0,55.0,32.0,3,3
Sinsa 1(il)-dong,Eunpyeong-gu,1559.0,3927.0,1580.0,1642.0,526.0,1522.0,721.0,664.0,277.0,99,56
Sinsa 2(i)-dong,Eunpyeong-gu,1216.0,2933.0,1133.0,1231.0,318.0,1407.0,641.0,270.0,161.0,25,13
Jeungsan-dong,Eunpyeong-gu,1108.0,3825.0,1474.0,1168.0,477.0,2221.0,776.0,353.0,182.0,83,39
Susaek-dong,Eunpyeong-gu,848.0,3003.0,1101.0,952.0,411.0,1748.0,546.0,240.0,120.0,63,24
Jingwan-dong,Eunpyeong-gu,1007.0,5234.0,2555.0,990.0,486.0,3819.0,1815.0,392.0,237.0,33,17
Bulgwang 2(i)-dong,Eunpyeong-gu,1295.0,4088.0,2231.0,1486.0,702.0,1739.0,928.0,488.0,357.0,375,244
Eungam 3(sam)-dong,Eunpyeong-gu,1909.0,5272.0,2862.0,2194.0,985.0,2024.0,1198.0,814.0,495.0,240,184
Yeokchon-dong,Eunpyeong-gu,2447.0,7428.0,3994.0,2657.0,1133.0,3530.0,2049.0,866.0,548.0,375,264
Cheonyeon-dong,Seodaemun-gu,809.0,2475.0,1335.0,854.0,392.0,1204.0,666.0,380.0,260.0,37,17
Hongje 1(il)-dong,Seodaemun-gu,1132.0,4016.0,2072.0,1154.0,521.0,1824.0,1041.0,663.0,252.0,375,258
Hongje 3(sam)-dong,Seodaemun-gu,1271.0,3848.0,2041.0,1351.0,608.0,1617.0,904.0,749.0,452.0,131,77
Hongje 2(i)-dong,Seodaemun-gu,592.0,1666.0,804.0,588.0,295.0,819.0,341.0,223.0,144.0,36,24
Hongeun 1(il)-dong,Seodaemun-gu,1029.0,2398.0,1211.0,1130.0,492.0,1012.0,572.0,166.0,99.0,90,48
Hongeun 2(i)-dong,Seodaemun-gu,1148.0,5636.0,2615.0,1232.0,495.0,3291.0,1446.0,944.0,562.0,169,112
Namgajwa 1(il)-dong,Seodaemun-gu,640.0,1253.0,744.0,711.0,401.0,475.0,298.0,44.0,30.0,23,15
Namgajwa 2(i)-dong,Seodaemun-gu,1554.0,4268.0,2051.0,1794.0,783.0,1913.0,980.0,526.0,267.0,35,21
Bukgajwa 1(il)-dong,Seodaemun-gu,504.0,2025.0,703.0,494.0,153.0,1316.0,512.0,78.0,33.0,137,5
Bukgajwa 2(i)-dong,Seodaemun-gu,2261.0,6294.0,2517.0,2376.0,736.0,2353.0,1024.0,1273.0,608.0,292,149
Chunghyeon-dong,Seodaemun-gu,1709.0,21801.0,9114.0,1342.0,608.0,16104.0,6063.0,2062.0,974.0,2293,1469
Bugahyeon-dong,Seodaemun-gu,699.0,1862.0,895.0,755.0,299.0,756.0,381.0,316.0,198.0,35,17
Sinchon-dong,Seodaemun-gu,3725.0,30866.0,17465.0,3615.0,1701.0,18130.0,10337.0,7776.0,4597.0,1345,830
Yeonhui-dong,Seodaemun-gu,2138.0,10258.0,4471.0,2042.0,849.0,6502.0,2899.0,1420.0,547.0,294,176
Yonggang-dong,Mapo-gu,2390.0,15534.0,6313.0,1479.0,660.0,11851.0,4614.0,1689.0,842.0,515,197
Daeheung-dong,Mapo-gu,1628.0,10395.0,5138.0,1613.0,677.0,5916.0,2750.0,1849.0,1032.0,1017,679
Yeomni-dong,Mapo-gu,787.0,4964.0,2152.0,784.0,346.0,3804.0,1639.0,276.0,123.0,100,44
Sinsu-dong,Mapo-gu,1382.0,5800.0,2869.0,1256.0,356.0,3607.0,1755.0,255.0,119.0,682,639
Seogyo-dong,Mapo-gu,8274.0,52524.0,25648.0,6417.0,2647.0,33657.0,16225.0,9441.0,4796.0,3009,1980
Hapjeong-dong,Mapo-gu,1843.0,9941.0,4418.0,1566.0,625.0,6876.0,3032.0,915.0,409.0,584,352
Mangwon 1(il)-dong,Mapo-gu,1380.0,4690.0,2347.0,1469.0,593.0,2522.0,1373.0,486.0,216.0,213,165
Mangwon 2(i)-dong,Mapo-gu,1246.0,3392.0,1432.0,1246.0,535.0,1857.0,737.0,248.0,138.0,41,22
Yeonnam-dong,Mapo-gu,1220.0,5242.0,2155.0,1165.0,483.0,3085.0,1383.0,925.0,244.0,67,45
Seongsan 1(il)-dong,Mapo-gu,1600.0,9378.0,3676.0,1204.0,431.0,5954.0,2443.0,2042.0,708.0,178,94
Seongsan 2(i)-dong,Mapo-gu,1675.0,8434.0,3932.0,1552.0,615.0,5524.0,2469.0,1325.0,825.0,33,23
Sangam-dong,Mapo-gu,1761.0,28598.0,10140.0,1330.0,623.0,25309.0,8387.0,1514.0,961.0,445,169
Dohwa-dong,Mapo-gu,1855.0,14318.0,6179.0,1416.0,638.0,10545.0,4361.0,1705.0,770.0,652,410
Seogang-dong,Mapo-gu,1395.0,10170.0,4711.0,1183.0,473.0,7788.0,3524.0,1016.0,624.0,183,90
gongdeok-dong,Mapo-gu,2622.0,18749.0,8174.0,2387.0,1051.0,12192.0,5290.0,2563.0,878.0,1607,955
Ahyeon-dong,Mapo-gu,1735.0,12492.0,4951.0,1490.0,694.0,9511.0,3315.0,989.0,535.0,502,407
Mok 1(il)-dong,Yangcheon-gu,2617.0,22037.0,9381.0,2022.0,973.0,15489.0,5792.0,3370.0,1858.0,1156,758
Mok 2(i)-dong,Yangcheon-gu,1156.0,3604.0,1719.0,1222.0,536.0,1820.0,900.0,370.0,188.0,192,95
Mok 3(sam)-dong,Yangcheon-gu,1227.0,3917.0,2159.0,1334.0,646.0,1607.0,925.0,838.0,497.0,138,91
Mok 4(sa)-dong,Yangcheon-gu,1373.0,3666.0,1902.0,1543.0,727.0,1549.0,877.0,490.0,256.0,84,42
Sinwol 1(il)-dong,Yangcheon-gu,1779.0,5028.0,2192.0,2051.0,866.0,2243.0,872.0,578.0,339.0,156,115
Sinwol 2(i)-dong,Yangcheon-gu,1101.0,3715.0,1604.0,1184.0,430.0,1940.0,853.0,529.0,282.0,62,39
Sinwol 3(sam)-dong,Yangcheon-gu,1005.0,4187.0,1607.0,1002.0,366.0,2451.0,911.0,471.0,232.0,263,98
Sinwol 4(sa)-dong,Yangcheon-gu,1150.0,3786.0,1476.0,1238.0,484.0,1666.0,661.0,644.0,288.0,238,43
Sinwol 5(o)-dong,Yangcheon-gu,951.0,3393.0,1696.0,1020.0,402.0,1806.0,963.0,478.0,255.0,89,76
Sinwol 6(yuk)-dong,Yangcheon-gu,1638.0,3473.0,1120.0,1686.0,334.0,1300.0,604.0,364.0,115.0,123,67
Sinwol 7(chil)-dong,Yangcheon-gu,1367.0,5355.0,1883.0,1402.0,518.0,3346.0,961.0,511.0,342.0,96,62
Sinjeong 1(il)-dong,Yangcheon-gu,1054.0,4451.0,2246.0,1079.0,530.0,2734.0,1396.0,453.0,182.0,185,138
Sinjeong 2(i)-dong,Yangcheon-gu,1103.0,3708.0,2036.0,1163.0,532.0,1838.0,1080.0,457.0,259.0,250,165
Sinjeong 3(sam)-dong,Yangcheon-gu,1991.0,7934.0,3324.0,1960.0,741.0,5116.0,2116.0,787.0,407.0,71,60
Sinjeong 6(yuk)-dong,Yangcheon-gu,693.0,5130.0,2514.0,675.0,331.0,3975.0,1855.0,296.0,193.0,184,135
Sinjeong 7(chil)-dong,Yangcheon-gu,1016.0,4365.0,1864.0,1007.0,411.0,2709.0,1066.0,515.0,293.0,134,94
Mok 5(o)-dong,Yangcheon-gu,1489.0,9703.0,5464.0,1450.0,752.0,6798.0,3979.0,1346.0,663.0,109,70
Sinjeong 4(sa)-dong,Yangcheon-gu,3010.0,12547.0,5726.0,2985.0,1248.0,5979.0,2529.0,1943.0,1028.0,1640,921
Yeomchang-dong,Gangseo-gu,2157.0,15145.0,5923.0,1649.0,725.0,11249.0,4046.0,1635.0,746.0,612,406
Deungchon 1(il)-dong,Gangseo-gu,1742.0,10265.0,4301.0,1384.0,589.0,7594.0,2915.0,982.0,608.0,305,189
Deungchon 2(i)-dong,Gangseo-gu,712.0,3351.0,1430.0,705.0,280.0,2094.0,818.0,428.0,236.0,124,96
Deungchon 3(sam)-dong,Gangseo-gu,2296.0,19501.0,9735.0,1793.0,733.0,14349.0,7219.0,1986.0,1271.0,1373,512
Hwagokbon-dong,Gangseo-gu,1368.0,3954.0,2222.0,1457.0,643.0,1924.0,1239.0,492.0,295.0,81,45
Hwagok 2(i)-dong,Gangseo-gu,842.0,2340.0,1163.0,902.0,374.0,1278.0,687.0,118.0,72.0,42,30
Hwagok 3(sam)-dong,Gangseo-gu,1177.0,3975.0,2433.0,1242.0,558.0,1794.0,1149.0,450.0,306.0,489,420
Hwagok 4(sa)-dong,Gangseo-gu,1445.0,3549.0,1777.0,1674.0,750.0,1510.0,820.0,318.0,181.0,47,26
Hwagok 6(yuk)-dong,Gangseo-gu,1831.0,11125.0,5056.0,1800.0,803.0,6232.0,2054.0,1663.0,907.0,1430,1292
Hwagok 8(pal)-dong,Gangseo-gu,1214.0,3156.0,1570.0,1289.0,567.0,1489.0,808.0,203.0,107.0,175,88
Gayang 1(il)-dong,Gangseo-gu,1225.0,9936.0,3288.0,945.0,353.0,5847.0,1947.0,2405.0,854.0,739,134
Gayang 2(i)-dong,Gangseo-gu,651.0,3293.0,1622.0,532.0,208.0,2062.0,1121.0,561.0,193.0,138,100
Gayang 3(sam)-dong,Gangseo-gu,861.0,6785.0,2500.0,538.0,158.0,5229.0,1942.0,900.0,346.0,118,54
Balsan 1(il)-dong,Gangseo-gu,2147.0,10930.0,4711.0,2015.0,850.0,7346.0,2906.0,872.0,486.0,697,469
Gonghang-dong,Gangseo-gu,1822.0,33019.0,15891.0,1531.0,617.0,29532.0,14451.0,1600.0,724.0,356,99
Banghwa 1(il)-dong,Gangseo-gu,1957.0,7140.0,3535.0,1985.0,861.0,4004.0,2130.0,558.0,305.0,593,239
Banghwa 2(i)-dong,Gangseo-gu,3160.0,12658.0,4456.0,2903.0,815.0,7660.0,2520.0,1523.0,887.0,572,234
Banghwa 3(sam)-dong,Gangseo-gu,853.0,3824.0,1438.0,795.0,267.0,2565.0,880.0,344.0,258.0,120,33
Hwagok 1(il)-dong,Gangseo-gu,2987.0,8395.0,4099.0,3236.0,1392.0,3491.0,1859.0,1406.0,677.0,262,171
Ujangsan-dong,Gangseo-gu,1574.0,5940.0,3145.0,1477.0,672.0,3354.0,1722.0,803.0,505.0,306,246
Sindorim-dong,Guro-gu,2569.0,13854.0,6402.0,2222.0,722.0,8578.0,4118.0,2640.0,1247.0,414,315
Guro 1(il)-dong,Guro-gu,675.0,2971.0,1454.0,689.0,293.0,1617.0,660.0,661.0,501.0,4,-
Guro 3(sam)-dong,Guro-gu,5737.0,78879.0,28373.0,2647.0,981.0,68708.0,23469.0,5857.0,3047.0,1667,876
Guro 4(sa)-dong,Guro-gu,2011.0,5476.0,2993.0,2272.0,1156.0,2508.0,1376.0,538.0,341.0,158,120
Guro 5(o)-dong,Guro-gu,4619.0,24401.0,11633.0,3966.0,1241.0,16172.0,7865.0,2866.0,1534.0,1397,993
Gocheok 1(il)-dong,Guro-gu,2456.0,7829.0,3135.0,2382.0,718.0,4615.0,1993.0,809.0,416.0,23,8
Gocheok 2(i)-dong,Guro-gu,1155.0,3432.0,1808.0,1256.0,639.0,1701.0,870.0,380.0,229.0,95,70
Gaebong 2(i)-dong,Guro-gu,1170.0,2703.0,1386.0,1235.0,514.0,1155.0,676.0,269.0,168.0,44,28
Gaebong 3(sam)-dong,Guro-gu,1002.0,3803.0,1629.0,1056.0,442.0,1439.0,814.0,1248.0,340.0,60,33
Oryu 1(il)-dong,Guro-gu,1080.0,4353.0,2239.0,1162.0,540.0,2298.0,1075.0,596.0,386.0,297,238
Oryu 2(i)-dong,Guro-gu,1406.0,6306.0,2293.0,1397.0,530.0,4189.0,1439.0,558.0,315.0,162,9
Sugung-dong,Guro-gu,1091.0,5602.0,1935.0,1104.0,409.0,4005.0,1314.0,397.0,143.0,96,69
Garibong-dong,Guro-gu,1032.0,2877.0,1639.0,1239.0,609.0,994.0,628.0,424.0,233.0,220,169
Guro 2(i)-dong,Guro-gu,7577.0,25793.0,10043.0,6547.0,1803.0,17935.0,7516.0,1022.0,542.0,289,182
Gaebong 1(il)-dong,Guro-gu,1772.0,5381.0,2662.0,1825.0,744.0,2611.0,1333.0,722.0,433.0,223,152
Gasan-dong,Geumcheon-gu,11813.0,140007.0,48108.0,5787.0,2036.0,121015.0,39370.0,10403.0,5227.0,2802,1475
Doksan 1(il)-dong,Geumcheon-gu,3233.0,18814.0,6926.0,3000.0,1105.0,13093.0,4187.0,2174.0,1287.0,547,347
Doksan 2(i)-dong,Geumcheon-gu,1237.0,3323.0,1633.0,1318.0,534.0,1326.0,697.0,499.0,271.0,180,131
Doksan 3(sam)-dong,Geumcheon-gu,2226.0,8511.0,3994.0,2299.0,935.0,4945.0,2159.0,810.0,561.0,457,339
Doksan 4(sa)-dong,Geumcheon-gu,1060.0,3096.0,1565.0,1113.0,475.0,1327.0,625.0,522.0,372.0,134,93
Siheung 1(il)-dong,Geumcheon-gu,3018.0,13368.0,6744.0,3383.0,1559.0,7926.0,3884.0,1718.0,1015.0,341,286
Siheung 2(i)-dong,Geumcheon-gu,551.0,1787.0,1044.0,553.0,200.0,1039.0,720.0,86.0,44.0,109,80
Siheung 3(sam)-dong,Geumcheon-gu,3182.0,9142.0,2493.0,2730.0,565.0,5523.0,1653.0,761.0,230.0,128,45
Siheung 4(sa)-dong,Geumcheon-gu,882.0,1956.0,1017.0,925.0,370.0,753.0,470.0,250.0,159.0,28,18
Siheung 5(o)-dong,Geumcheon-gu,1204.0,3451.0,1706.0,1351.0,605.0,1696.0,827.0,336.0,207.0,68,67
Yeouido-dong,Yeongdeungpo-gu,7564.0,150020.0,56880.0,4143.0,1934.0,130680.0,47229.0,11143.0,5723.0,4054,1994
Dangsan 1(il)-dong,Yeongdeungpo-gu,3092.0,16953.0,7451.0,2769.0,1016.0,11461.0,4886.0,1573.0,733.0,1150,816
Dangsan2(i)-dong,Yeongdeungpo-gu,2164.0,16477.0,7986.0,1852.0,829.0,11383.0,5030.0,1979.0,1070.0,1263,1057
Yangpyeong 1(il)-dong,Yeongdeungpo-gu,3186.0,19922.0,7114.0,2646.0,507.0,13968.0,4956.0,2974.0,1409.0,334,242
Yangpyeong 2(i)-dong,Yeongdeungpo-gu,2074.0,18234.0,6422.0,1559.0,597.0,14769.0,4955.0,1443.0,500.0,463,370
Singil 1(il)-dong,Yeongdeungpo-gu,1177.0,4035.0,2053.0,1358.0,612.0,2261.0,1167.0,374.0,246.0,42,28
Singil 3(sam)-dong,Yeongdeungpo-gu,1007.0,3056.0,1319.0,1120.0,512.0,1634.0,651.0,286.0,150.0,16,6
Singil 4(sa)-dong,Yeongdeungpo-gu,595.0,1567.0,801.0,598.0,238.0,729.0,377.0,139.0,85.0,101,101
Singil 5(o)-dong,Yeongdeungpo-gu,689.0,2079.0,836.0,674.0,229.0,1125.0,430.0,175.0,95.0,105,82
Singil 6(yuk)-dong,Yeongdeungpo-gu,1232.0,3974.0,2055.0,1235.0,508.0,2276.0,1244.0,454.0,296.0,9,7
Singil 7(chil)-dong,Yeongdeungpo-gu,591.0,3030.0,1514.0,556.0,228.0,1954.0,916.0,458.0,345.0,62,25
Daerim 1(il)-dong,Yeongdeungpo-gu,1129.0,4079.0,2322.0,1253.0,607.0,2580.0,1564.0,199.0,119.0,47,32
Daerim 2(i)-dong,Yeongdeungpo-gu,1408.0,4437.0,2072.0,1527.0,708.0,2397.0,1098.0,328.0,176.0,185,90
Daerim 3(sam)-dong,Yeongdeungpo-gu,2907.0,10781.0,4569.0,2786.0,853.0,6691.0,2960.0,1065.0,564.0,239,192
Yeongdeungpobon-dong,Yeongdeungpo-gu,1240.0,4537.0,2386.0,1277.0,593.0,2053.0,1032.0,1141.0,718.0,66,43
Yeongdeungpo-dong,Yeongdeungpo-gu,6076.0,34547.0,15846.0,5765.0,2232.0,21977.0,10215.0,4173.0,2482.0,2632,917
Dorim-dong,Yeongdeungpo-gu,1025.0,3138.0,1203.0,1036.0,407.0,1511.0,536.0,512.0,219.0,79,41
Mullae-dong,Yeongdeungpo-gu,4995.0,36161.0,13189.0,4240.0,1143.0,27761.0,9968.0,2923.0,1391.0,1237,687
Noryangjin 2(i)-dong,Dongjak-gu,1035.0,5138.0,2662.0,1161.0,561.0,2987.0,1446.0,555.0,342.0,435,313
Sangdo 1(il)-dong,Dongjak-gu,1724.0,6250.0,3005.0,1839.0,820.0,3540.0,1641.0,637.0,382.0,234,162
Sangdo 2(i)-dong,Dongjak-gu,1261.0,4090.0,2202.0,1302.0,621.0,1945.0,1007.0,694.0,465.0,149,109
Sangdo 3(sam)-dong,Dongjak-gu,989.0,2720.0,1460.0,1152.0,518.0,1045.0,608.0,349.0,194.0,174,140
Sangdo 4(sa)-dong,Dongjak-gu,1006.0,2879.0,1555.0,1144.0,480.0,1480.0,922.0,219.0,127.0,36,26
Sadang 1(il)-dong,Dongjak-gu,1744.0,8660.0,4262.0,1683.0,728.0,4052.0,1908.0,1098.0,578.0,1827,1048
Sadang 3(sam)-dong,Dongjak-gu,1037.0,4303.0,2108.0,998.0,390.0,2371.0,1110.0,871.0,553.0,63,55
Sadang 4(sa)-dong,Dongjak-gu,663.0,1638.0,831.0,768.0,336.0,655.0,368.0,190.0,107.0,25,20
Sadang 5(o)-dong,Dongjak-gu,517.0,1692.0,787.0,514.0,192.0,940.0,492.0,231.0,103.0,7,-
Daebang-dong,Dongjak-gu,1689.0,12717.0,4983.0,1670.0,726.0,7746.0,3363.0,2872.0,628.0,429,266
Sindaebang 1(il)-dong,Dongjak-gu,1050.0,4496.0,2016.0,1094.0,518.0,2743.0,1132.0,485.0,219.0,174,147
Sindaebang 2(i)-dong,Dongjak-gu,1254.0,27372.0,11883.0,1182.0,567.0,21556.0,8825.0,3580.0,2026.0,1054,465
Heukseok-dong,Dongjak-gu,1622.0,9671.0,4833.0,1868.0,912.0,5561.0,2869.0,2147.0,1006.0,95,46
Noryangjin 1(il)-dong,Dongjak-gu,2893.0,11058.0,5228.0,4067.0,1919.0,4561.0,2265.0,1819.0,855.0,611,189
Sadang 2(i)-dong,Dongjak-gu,1551.0,5323.0,2745.0,1692.0,818.0,2700.0,1352.0,854.0,521.0,77,54
Boramae-dong,Gwanak-gu,1316.0,4966.0,2579.0,1325.0,627.0,3044.0,1578.0,544.0,364.0,53,10
Cheongnim-dong,Gwanak-gu,430.0,1059.0,571.0,468.0,223.0,389.0,222.0,144.0,86.0,58,40
Haengun-dong,Gwanak-gu,1397.0,5161.0,2710.0,1455.0,640.0,2699.0,1421.0,941.0,603.0,66,46
Nagseongdae-dong,Gwanak-gu,1277.0,7971.0,3965.0,1248.0,571.0,5171.0,2520.0,954.0,504.0,598,370
Jungang-dong,Gwanak-gu,1469.0,4681.0,2441.0,1479.0,446.0,2190.0,1263.0,496.0,332.0,516,400
Inheon-dong,Gwanak-gu,1123.0,4406.0,2261.0,1257.0,558.0,2580.0,1439.0,521.0,240.0,48,24
Namhyeon-dong,Gwanak-gu,842.0,5952.0,2735.0,821.0,383.0,3370.0,1293.0,1420.0,768.0,341,291
Sewon-dong,Gwanak-gu,1298.0,6702.0,3626.0,1357.0,584.0,3457.0,1890.0,1452.0,827.0,436,325
Sinwon-dong,Gwanak-gu,877.0,2256.0,1220.0,1039.0,476.0,899.0,556.0,172.0,92.0,146,96
Serim-dong,Gwanak-gu,857.0,2755.0,1153.0,933.0,370.0,1188.0,526.0,541.0,190.0,93,67
Sinsa-dong,Gwanak-gu,1451.0,4365.0,2127.0,1590.0,684.0,1836.0,889.0,735.0,410.0,204,144
Sillim-dong,Gwanak-gu,1744.0,5632.0,2680.0,1914.0,908.0,2396.0,1125.0,1129.0,519.0,193,128
Nanhyang-dong,Gwanak-gu,392.0,1685.0,827.0,414.0,151.0,1086.0,540.0,176.0,128.0,9,8
Jowon-dong,Gwanak-gu,2172.0,7225.0,3323.0,2364.0,944.0,3197.0,1305.0,1198.0,741.0,466,333
Daehak-dong,Gwanak-gu,1562.0,11988.0,5330.0,1690.0,754.0,7569.0,3100.0,2621.0,1419.0,108,57
Euncheon-dong,Gwanak-gu,1673.0,7535.0,3461.0,1648.0,670.0,3653.0,1815.0,1941.0,837.0,293,139
Seonghyeon-dong,Gwanak-gu,834.0,2449.0,1328.0,852.0,337.0,1349.0,851.0,178.0,101.0,70,39
Cheongnyong-dong,Gwanak-gu,1946.0,12463.0,6032.0,1996.0,917.0,5362.0,2266.0,4788.0,2574.0,317,275
Nangok-dong,Gwanak-gu,935.0,1988.0,975.0,953.0,339.0,922.0,561.0,109.0,72.0,4,3
Samseong-dong,Gwanak-gu,1139.0,2615.0,1279.0,1235.0,523.0,997.0,574.0,253.0,93.0,130,89
Miseong-dong,Gwanak-gu,1575.0,5201.0,2410.0,1547.0,590.0,2672.0,1353.0,679.0,381.0,303,86
Seocho 1(il)-dong,Seocho-gu,3047.0,26660.0,10023.0,2059.0,765.0,19820.0,6989.0,4178.0,2028.0,603,241
Seocho 2(i)-dong,Seocho-gu,4253.0,49210.0,17029.0,2445.0,1061.0,40634.0,13458.0,4127.0,1414.0,2004,1096
Seocho 3(sam)-dong,Seocho-gu,6884.0,65115.0,26065.0,4364.0,1516.0,52763.0,21411.0,6014.0,2264.0,1974,874
Seocho 4(sa)-dong,Seocho-gu,2704.0,27523.0,12078.0,2128.0,825.0,20789.0,9184.0,3695.0,1617.0,911,452
Jamwon-dong,Seocho-gu,2176.0,13886.0,6399.0,1650.0,725.0,10832.0,4773.0,1131.0,708.0,273,193
Banpobon-dong,Seocho-gu,668.0,2280.0,1271.0,667.0,393.0,1216.0,584.0,206.0,154.0,191,140
Banpo 1(il)-dong,Seocho-gu,1548.0,9227.0,3890.0,1318.0,613.0,6263.0,2744.0,1365.0,358.0,281,175
Banpo 2(i)-dong,Seocho-gu,428.0,2223.0,1141.0,383.0,199.0,1634.0,816.0,202.0,123.0,4,3
Banpo 3(sam)-dong,Seocho-gu,887.0,5949.0,3296.0,787.0,384.0,4492.0,2588.0,334.0,195.0,336,129
Banpo 4(sa)-dong,Seocho-gu,3382.0,29186.0,14156.0,3164.0,1725.0,20874.0,9879.0,4416.0,2215.0,732,337
Bangbaebon-dong,Seocho-gu,1606.0,10745.0,5253.0,1377.0,631.0,8448.0,4149.0,704.0,345.0,216,128
Bangbae 1(il)-dong,Seocho-gu,1629.0,13769.0,4303.0,1225.0,532.0,6854.0,2850.0,5510.0,811.0,180,110
Bangbae 2(i)-dong,Seocho-gu,1771.0,14947.0,5010.0,1363.0,561.0,9824.0,3757.0,3099.0,303.0,661,389
Bangbae 3(sam)-dong,Seocho-gu,1103.0,10484.0,3664.0,816.0,356.0,7815.0,2837.0,1756.0,427.0,97,44
Bangbae 4(sa)-dong,Seocho-gu,2265.0,13140.0,5075.0,1805.0,778.0,8715.0,3591.0,2400.0,578.0,220,128
Yangjae 1(il)-dong,Seocho-gu,3090.0,30202.0,9721.0,2002.0,819.0,22458.0,7711.0,5301.0,973.0,441,218
Yangjae 2(i)-dong,Seocho-gu,4981.0,44373.0,13913.0,3395.0,1376.0,37205.0,11342.0,3395.0,1139.0,378,56
Naegok-dong,Seocho-gu,460.0,5035.0,2052.0,501.0,201.0,4225.0,1674.0,274.0,168.0,35,9
Sinsa-dong,Gangnam-gu,4334.0,27047.0,13791.0,3281.0,1472.0,20968.0,10596.0,2196.0,1352.0,602,371
Nonhyeon 1(il)-dong,Gangnam-gu,4970.0,38902.0,16957.0,3453.0,1405.0,30234.0,13488.0,3918.0,1617.0,1297,447
Nonhyeon 2(i)-dong,Gangnam-gu,5128.0,56495.0,23021.0,3107.0,1244.0,44929.0,18800.0,7721.0,2502.0,738,475
Samseong 1(il)-dong,Gangnam-gu,3170.0,49715.0,18535.0,1684.0,741.0,43400.0,16261.0,3609.0,1192.0,1022,341
Samseong 2(i)-dong,Gangnam-gu,3008.0,30057.0,12556.0,1970.0,852.0,24266.0,9564.0,2009.0,1068.0,1812,1072
Daechi 1(il)-dong,Gangnam-gu,1004.0,6550.0,3438.0,864.0,413.0,3715.0,1941.0,809.0,490.0,1162,594
Daechi 4(sa)-dong,Gangnam-gu,3242.0,26790.0,11067.0,2526.0,1100.0,19445.0,7183.0,2560.0,1661.0,2259,1123
Yeoksam 1(il)-dong,Gangnam-gu,12516.0,144308.0,56355.0,7474.0,3026.0,113792.0,43662.0,15844.0,6265.0,7198,3402
Yeoksam 2(i)-dong,Gangnam-gu,2956.0,34579.0,13974.0,1971.0,925.0,28838.0,11382.0,2888.0,1355.0,882,312
Dogok 1(il)-dong,Gangnam-gu,1392.0,14298.0,5962.0,977.0,413.0,11352.0,4897.0,1703.0,585.0,266,67
Dogok 2(i)-dong,Gangnam-gu,1646.0,18453.0,7402.0,1065.0,510.0,13892.0,5260.0,3227.0,1497.0,269,135
Gaepo 1(il)-dong,Gangnam-gu,459.0,1318.0,560.0,496.0,213.0,668.0,304.0,123.0,19.0,31,24
Gaepo 4(sa)-dong,Gangnam-gu,3257.0,11318.0,3740.0,2600.0,602.0,7864.0,2838.0,699.0,199.0,155,101
Irwonbon-dong,Gangnam-gu,492.0,8073.0,5917.0,488.0,221.0,7489.0,5621.0,72.0,59.0,24,16
Irwon 1(il)-dong,Gangnam-gu,894.0,5454.0,2416.0,915.0,418.0,3582.0,1483.0,671.0,311.0,286,204
Irwon 2(i)-dong,Gangnam-gu,575.0,5064.0,1816.0,476.0,206.0,3876.0,1219.0,639.0,359.0,73,32
Suseo-dong,Gangnam-gu,1333.0,17294.0,6155.0,768.0,307.0,14789.0,5002.0,1271.0,766.0,466,80
Segok-dong,Gangnam-gu,437.0,2422.0,840.0,387.0,138.0,1723.0,596.0,221.0,99.0,91,7
Apgujeong -dong,Gangnam-gu,3778.0,28387.0,15585.0,2798.0,1292.0,22213.0,12237.0,2837.0,1741.0,539,315
Cheongdam -dong,Gangnam-gu,3793.0,36500.0,17914.0,2824.0,1431.0,27437.0,13836.0,5375.0,2131.0,864,516
Daechi 2(i)-dong,Gangnam-gu,3220.0,50271.0,19815.0,2394.0,1220.0,40381.0,15813.0,4730.0,1573.0,2766,1209
Gaepo 2(i)-dong,Gangnam-gu,1010.0,4045.0,1999.0,991.0,447.0,2610.0,1274.0,248.0,132.0,196,146
Pungnap 1(il)-dong,Songpa-gu,806.0,2501.0,1384.0,802.0,349.0,1211.0,662.0,248.0,148.0,240,225
Pungnap 2(i)-dong,Songpa-gu,1236.0,14873.0,8837.0,1195.0,505.0,11815.0,7211.0,1645.0,1027.0,218,94
Geoyeo 1(il)-dong,Songpa-gu,828.0,2534.0,1192.0,821.0,319.0,1328.0,638.0,251.0,152.0,134,83
Geoyeo 2(i)-dong,Songpa-gu,1223.0,4400.0,1988.0,1252.0,495.0,2428.0,1054.0,567.0,334.0,153,105
Macheon 1(il)-dong,Songpa-gu,910.0,2057.0,946.0,1015.0,418.0,733.0,440.0,124.0,63.0,185,25
Macheon 2(i)-dong,Songpa-gu,1340.0,3993.0,1860.0,1469.0,636.0,2158.0,972.0,310.0,217.0,56,35
Bangi 1(il)-dong,Songpa-gu,1312.0,8976.0,3531.0,1229.0,588.0,6031.0,2270.0,1506.0,527.0,210,146
Bangi 2(i)-dong,Songpa-gu,2771.0,21572.0,8356.0,2338.0,1032.0,16285.0,6364.0,2459.0,705.0,490,255
Oryun-dong,Songpa-gu,510.0,4286.0,1919.0,385.0,222.0,3330.0,1380.0,571.0,317.0,-,-
Ogeum-dong,Songpa-gu,3197.0,16645.0,6145.0,2958.0,892.0,10765.0,3997.0,2696.0,1131.0,226,125
Songpa 1(il)-dong,Songpa-gu,2442.0,11419.0,4207.0,2238.0,813.0,5632.0,2270.0,3179.0,838.0,370,286
Songpa 2(i)-dong,Songpa-gu,881.0,5434.0,2074.0,868.0,421.0,3650.0,1321.0,776.0,234.0,140,98
Seokchon-dong,Songpa-gu,2757.0,14313.0,5725.0,2553.0,1116.0,8598.0,3665.0,2323.0,438.0,839,506
Samjeon-dong,Songpa-gu,1972.0,10176.0,3511.0,1945.0,834.0,5401.0,2165.0,1824.0,370.0,1006,142
Garakbon-dong,Songpa-gu,3460.0,28071.0,11133.0,2662.0,1119.0,21446.0,8161.0,3490.0,1483.0,473,370
Garak 1(il)-dong,Songpa-gu,3322.0,11184.0,3140.0,1729.0,708.0,8118.0,2133.0,1315.0,293.0,22,6
Garak 2(i)-dong,Songpa-gu,1832.0,8739.0,3751.0,1748.0,796.0,5901.0,2359.0,862.0,475.0,228,121
Munjeong 1(il)-dong,Songpa-gu,1434.0,6648.0,2388.0,1200.0,514.0,4374.0,1532.0,1006.0,330.0,68,12
Munjeong 2(i)-dong,Songpa-gu,2170.0,10862.0,4027.0,1608.0,663.0,7835.0,2539.0,1321.0,781.0,98,44
Jangji-dong,Songpa-gu,1449.0,9945.0,2846.0,1227.0,445.0,7625.0,1939.0,902.0,355.0,191,107
Jamsilbon-dong,Songpa-gu,3052.0,17039.0,6880.0,3067.0,1339.0,11180.0,4362.0,2413.0,935.0,379,244
Jamsil 4(sa)-dong,Songpa-gu,462.0,1727.0,1063.0,477.0,236.0,1093.0,701.0,107.0,76.0,50,50
Jamsil 6(yuk)-dong,Songpa-gu,1959.0,23128.0,8779.0,1516.0,572.0,16749.0,5933.0,3163.0,1034.0,1700,1240
Jamsil 7(chil)-dong,Songpa-gu,195.0,976.0,503.0,186.0,105.0,763.0,382.0,24.0,14.0,3,2
Jamsil 2(i)-dong,Songpa-gu,765.0,3661.0,2053.0,632.0,341.0,2560.0,1414.0,394.0,247.0,75,51
Jamsil 3(sam)-dong,Songpa-gu,1218.0,8056.0,4532.0,1069.0,603.0,4514.0,2347.0,2376.0,1516.0,97,66
Gangil-dong,Gangdong-gu,683.0,14694.0,3241.0,670.0,270.0,11314.0,2274.0,2427.0,530.0,283,167
Sangil-dong,Gangdong-gu,1238.0,5441.0,2759.0,1268.0,440.0,3056.0,1680.0,1045.0,607.0,72,32
Myeongil 1(il)-dong,Gangdong-gu,1665.0,5027.0,2727.0,1842.0,899.0,2293.0,1237.0,726.0,450.0,166,141
Myeongil 2(i)-dong,Gangdong-gu,1267.0,5137.0,2771.0,1330.0,696.0,2762.0,1363.0,766.0,497.0,279,215
Godeok 1(il)-dong,Gangdong-gu,550.0,1749.0,883.0,557.0,217.0,1030.0,555.0,80.0,49.0,82,62
Godeok 2(i)-dong,Gangdong-gu,1945.0,3801.0,1190.0,1986.0,321.0,1424.0,639.0,325.0,185.0,66,45
Amsa 2(i)-dong,Gangdong-gu,812.0,3671.0,2043.0,866.0,376.0,2222.0,1199.0,573.0,460.0,10,8
Amsa 3(sam)-dong,Gangdong-gu,603.0,1911.0,950.0,647.0,256.0,1093.0,584.0,141.0,86.0,30,24
Cheonho 1(il)-dong,Gangdong-gu,1558.0,5102.0,2629.0,1648.0,627.0,2223.0,1218.0,854.0,515.0,377,269
Cheonho 3(sam)-dong,Gangdong-gu,1877.0,6171.0,2900.0,1885.0,826.0,3016.0,1322.0,814.0,406.0,456,346
Seongnae 1(il)-dong,Gangdong-gu,2045.0,15379.0,6036.0,1719.0,669.0,9430.0,3662.0,3267.0,1137.0,963,568
Seongnae 2(i)-dong,Gangdong-gu,1928.0,7545.0,3974.0,2082.0,927.0,3100.0,1412.0,1191.0,627.0,1172,1008
Seongnae 3(sam)-dong,Gangdong-gu,2384.0,10273.0,4534.0,2446.0,1106.0,6043.0,2365.0,1153.0,690.0,631,373
Dunchon 1(il)-dong,Gangdong-gu,404.0,1318.0,576.0,415.0,203.0,767.0,281.0,136.0,92.0,-,-
Dunchon 2(i)-dong,Gangdong-gu,1610.0,9104.0,4261.0,1613.0,683.0,6659.0,3187.0,531.0,255.0,301,136
Amsa 1(il)-dong,Gangdong-gu,1947.0,5139.0,2387.0,2245.0,931.0,2221.0,1070.0,566.0,334.0,107,52
Cheonho 2(i)-dong,Gangdong-gu,3424.0,14008.0,7537.0,3612.0,1618.0,7085.0,3775.0,2355.0,1386.0,956,758
Gil-dong,Gangdong-gu,3816.0,18259.0,9026.0,4046.0,1682.0,9956.0,4760.0,2247.0,1076.0,2010,1508
