Dong,사업_사업체현황조직형태별_Gu_Gu_Gu,사업_사업체현황조직형태별_합계_사업체수_사업체수,사업_사업체현황조직형태별_합계_사업체수_여성대표자,사업_사업체현황조직형태별_합계_종사자수_계,사업_사업체현황조직형태별_합계_종사자수_남,사업_사업체현황조직형태별_합계_종사자수_여,사업_사업체현황조직형태별_개인_사업체수_사업체수,사업_사업체현황조직형태별_개인_종사자수_종사자수,사업_사업체현황조직형태별_회사법인_사업체수_사업체수,사업_사업체현황조직형태별_회사법인_종사자수_종사자수,사업_사업체현황조직형태별_회사이외의 법인_사업체수_사업체수,사업_사업체현황조직형태별_회사이외의 법인_종사자수_종사자수,사업_사업체현황조직형태별_비법인단체_사업체수_사업체수,사업_사업체현황조직형태별_비법인단체_종사자수_종사자수
Sajik-dong,Jongno-gu,3466.0,1118.0,45046.0,25492.0,19554.0,1800.0,8377.0,1333.0,25464.0,205.0,10440.0,128.0,765.0
Samcheong-dong,Jongno-gu,650.0,300.0,3980.0,2013.0,1967.0,454.0,1188.0,147.0,943.0,40.0,1758.0,9.0,91.0
Buam-dong,Jongno-gu,483.0,192.0,3590.0,1731.0,1859.0,370.0,949.0,53.0,643.0,22.0,1902.0,38.0,96.0
Pyeongchang-dong,Jongno-gu,662.0,319.0,2635.0,1239.0,1396.0,491.0,1181.0,79.0,779.0,25.0,466.0,67.0,209.0
Muak-dong,Jongno-gu,558.0,134.0,1388.0,723.0,665.0,511.0,1065.0,12.0,97.0,9.0,131.0,26.0,95.0
Gyonam-dong,Jongno-gu,315.0,97.0,3493.0,1479.0,2014.0,224.0,466.0,42.0,735.0,30.0,2207.0,19.0,85.0
Gahoe-dong,Jongno-gu,607.0,288.0,8218.0,5608.0,2610.0,451.0,1132.0,101.0,6000.0,35.0,993.0,20.0,93.0
Jongno 1·2·3·4(ilisamsa)-ga-dong,Jongno-gu,15713.0,4834.0,97700.0,57531.0,40169.0,12606.0,26976.0,2463.0,57833.0,343.0,11806.0,301.0,1085.0
Jongno 5·6(oryuk)-ga-dong,Jongno-gu,7735.0,2568.0,24602.0,15195.0,9407.0,6929.0,14270.0,546.0,8685.0,115.0,1160.0,145.0,487.0
Ihwa-dong,Jongno-gu,1139.0,373.0,13777.0,5609.0,8168.0,740.0,2515.0,218.0,3198.0,91.0,7635.0,90.0,429.0
Changsin 1(il)-dong,Jongno-gu,2250.0,680.0,6408.0,3370.0,3038.0,2090.0,4439.0,112.0,1501.0,17.0,362.0,31.0,106.0
Changsin 2(i)-dong,Jongno-gu,858.0,280.0,2331.0,1038.0,1293.0,811.0,2036.0,19.0,174.0,10.0,52.0,18.0,69.0
Changsin 3(sam)-dong,Jongno-gu,269.0,77.0,794.0,415.0,379.0,233.0,433.0,10.0,96.0,9.0,166.0,17.0,99.0
Sungin 1(il)-dong,Jongno-gu,531.0,163.0,1659.0,722.0,937.0,467.0,1191.0,39.0,301.0,8.0,94.0,17.0,73.0
Sungin 2(i)-dong,Jongno-gu,1683.0,479.0,5682.0,2838.0,2844.0,1448.0,2998.0,178.0,2064.0,26.0,539.0,31.0,81.0
Cheongunhyoja-dong,Jongno-gu,795.0,336.0,5625.0,3241.0,2384.0,609.0,1111.0,99.0,900.0,55.0,3302.0,32.0,312.0
Hyehwa-dong,Jongno-gu,1612.0,612.0,8753.0,4290.0,4463.0,1294.0,3765.0,198.0,2191.0,75.0,2595.0,45.0,202.0
Sogong-dong,Jung-gu,3823.0,947.0,61868.0,37241.0,24627.0,1946.0,6489.0,1648.0,48982.0,148.0,5908.0,81.0,489.0
Hoehyeon-dong,Jung-gu,9869.0,4958.0,47252.0,25510.0,21742.0,8911.0,16745.0,787.0,27899.0,70.0,2150.0,101.0,458.0
Myeong-dong,Jung-gu,6855.0,1935.0,103320.0,58825.0,44495.0,4004.0,13640.0,2478.0,66330.0,241.0,22493.0,132.0,857.0
Pil-dong,Jung-gu,3196.0,755.0,21901.0,13226.0,8675.0,2333.0,6714.0,699.0,9104.0,112.0,5959.0,52.0,124.0
Jangchung-dong,Jung-gu,844.0,239.0,9297.0,4725.0,4572.0,511.0,1464.0,240.0,6350.0,55.0,1189.0,38.0,294.0
Gwanghui-dong ,Jung-gu,10372.0,3558.0,36642.0,19996.0,16646.0,9269.0,19245.0,954.0,13719.0,87.0,3437.0,62.0,241.0
Euljiro-dong,Jung-gu,9814.0,1964.0,27740.0,18949.0,8791.0,8803.0,17066.0,888.0,8733.0,61.0,1646.0,62.0,295.0
Sindang 5(o)-dong,Jung-gu,1156.0,406.0,4043.0,2110.0,1933.0,1019.0,2572.0,84.0,546.0,21.0,762.0,32.0,163.0
Hwanghak-dong,Jung-gu,2055.0,632.0,5702.0,3488.0,2214.0,1905.0,3050.0,123.0,2484.0,10.0,90.0,17.0,78.0
Jungnim-dong,Jung-gu,1045.0,309.0,8292.0,4330.0,3962.0,742.0,1727.0,228.0,5627.0,42.0,743.0,33.0,195.0
Sindang-dong,Jung-gu,12219.0,6254.0,26112.0,11853.0,14259.0,11857.0,22090.0,283.0,2399.0,38.0,1325.0,41.0,298.0
Dasan-dong,Jung-gu,1119.0,345.0,7855.0,3647.0,4208.0,846.0,2013.0,211.0,5289.0,31.0,428.0,31.0,125.0
Yaksu-dong,Jung-gu,834.0,360.0,3478.0,1616.0,1862.0,699.0,1955.0,92.0,922.0,21.0,484.0,22.0,117.0
Cheonggu-dong,Jung-gu,702.0,218.0,3274.0,2059.0,1215.0,572.0,1206.0,95.0,1624.0,18.0,343.0,17.0,101.0
Donghwa-dong,Jung-gu,943.0,282.0,3294.0,1714.0,1580.0,810.0,1933.0,97.0,889.0,21.0,419.0,15.0,53.0
Huam-dong,Yongsan-gu,819.0,303.0,5239.0,2153.0,3086.0,713.0,1983.0,57.0,2580.0,28.0,586.0,21.0,90.0
Yongsan 2-ga-dong,Yongsan-gu,511.0,154.0,2934.0,1548.0,1386.0,439.0,788.0,45.0,646.0,21.0,1396.0,6.0,104.0
Namyeong-dong,Yongsan-gu,1612.0,597.0,20356.0,13110.0,7246.0,1086.0,2999.0,404.0,15551.0,68.0,1517.0,54.0,289.0
Wonhyoro 2(i)-dong,Yongsan-gu,1190.0,296.0,6812.0,4574.0,2238.0,781.0,1687.0,361.0,4386.0,24.0,638.0,24.0,101.0
Hyochang-dong,Yongsan-gu,535.0,151.0,2603.0,1483.0,1120.0,363.0,825.0,110.0,1150.0,33.0,405.0,29.0,223.0
Yongmun-dong,Yongsan-gu,637.0,262.0,1600.0,852.0,748.0,566.0,1105.0,50.0,391.0,7.0,47.0,14.0,57.0
Ichon 1(il)-dong,Yongsan-gu,805.0,384.0,3486.0,1559.0,1927.0,656.0,1771.0,73.0,594.0,27.0,699.0,49.0,422.0
Ichon 2(i)-dong,Yongsan-gu,337.0,89.0,876.0,579.0,297.0,298.0,595.0,16.0,116.0,6.0,73.0,17.0,92.0
Itaewon 1(il)-dong,Yongsan-gu,1584.0,690.0,7121.0,3945.0,3176.0,1350.0,3017.0,198.0,2044.0,19.0,1946.0,17.0,114.0
Itaewon 2(i)-dong,Yongsan-gu,597.0,231.0,2215.0,1269.0,946.0,505.0,1070.0,67.0,947.0,9.0,138.0,16.0,60.0
Seobinggo-dong,Yongsan-gu,405.0,124.0,4616.0,2780.0,1836.0,285.0,587.0,87.0,2017.0,21.0,1466.0,12.0,546.0
Bogwang-dong,Yongsan-gu,772.0,303.0,2091.0,1128.0,963.0,728.0,1577.0,21.0,156.0,11.0,293.0,12.0,65.0
Cheongpa-dong,Yongsan-gu,1890.0,644.0,10019.0,4445.0,5574.0,1623.0,4223.0,158.0,1798.0,63.0,3683.0,46.0,315.0
Wonhyoro 1(il)-dong,Yongsan-gu,1725.0,489.0,8110.0,5388.0,2722.0,1204.0,2873.0,466.0,4303.0,23.0,683.0,32.0,251.0
Hangangno-dong,Yongsan-gu,4988.0,1234.0,33136.0,19926.0,13210.0,3062.0,6869.0,1725.0,19524.0,127.0,5971.0,74.0,772.0
Hannam-dong,Yongsan-gu,1660.0,611.0,15937.0,8562.0,7375.0,1134.0,3337.0,438.0,9666.0,44.0,2372.0,44.0,562.0
Wangsimni 2(i)-dong,Seongdong-gu,746.0,254.0,1926.0,912.0,1014.0,658.0,1293.0,50.0,323.0,8.0,142.0,30.0,168.0
Majang-dong,Seongdong-gu,3146.0,765.0,10974.0,7387.0,3587.0,2502.0,4898.0,533.0,3648.0,54.0,2085.0,57.0,343.0
Sageun-dong,Seongdong-gu,963.0,321.0,9219.0,4452.0,4767.0,796.0,2035.0,82.0,685.0,65.0,6383.0,20.0,116.0
Haengdang 1(il)-dong,Seongdong-gu,1400.0,550.0,8526.0,4529.0,3997.0,1157.0,3005.0,164.0,2634.0,40.0,2724.0,39.0,163.0
Haengdang 2(i)-dong,Seongdong-gu,571.0,237.0,2107.0,859.0,1248.0,512.0,1184.0,23.0,234.0,13.0,457.0,23.0,232.0
Eungbong-dong,Seongdong-gu,384.0,127.0,1024.0,548.0,476.0,346.0,577.0,7.0,41.0,10.0,190.0,21.0,216.0
Geumho 1(il)-ga-dong,Seongdong-gu,571.0,199.0,1658.0,796.0,862.0,495.0,1069.0,31.0,234.0,11.0,185.0,34.0,170.0
Geumho 4(sa)-ga-dong,Seongdong-gu,616.0,239.0,1963.0,1043.0,920.0,538.0,1088.0,35.0,496.0,15.0,247.0,28.0,132.0
Seongsu 1(il)-ga1(il)-dong,Seongdong-gu,1336.0,323.0,6683.0,4304.0,2379.0,1062.0,2682.0,216.0,2659.0,22.0,1140.0,36.0,202.0
Seongsu 1(il)-ga2(i)-dong,Seongdong-gu,1946.0,458.0,12598.0,8205.0,4393.0,1373.0,3676.0,502.0,7564.0,27.0,1159.0,44.0,199.0
Seongsu 2(i)-ga1(il)-dong,Seongdong-gu,2351.0,646.0,14571.0,9193.0,5378.0,1759.0,4483.0,538.0,8778.0,16.0,1107.0,38.0,203.0
Seongsu 2(i)-ga 3(sam)-dong,Seongdong-gu,4690.0,1008.0,43517.0,28098.0,15419.0,2912.0,9697.0,1657.0,32778.0,63.0,762.0,58.0,280.0
Songjeong-dong,Seongdong-gu,712.0,201.0,2156.0,1319.0,837.0,624.0,1208.0,53.0,542.0,17.0,332.0,18.0,74.0
Yongdap-dong,Seongdong-gu,2050.0,535.0,13485.0,8552.0,4933.0,1543.0,3452.0,426.0,7403.0,36.0,2405.0,45.0,225.0
WangsimniDoseon-dong,Seongdong-gu,1588.0,497.0,8254.0,4301.0,3953.0,1283.0,3591.0,222.0,3641.0,35.0,629.0,48.0,393.0
Geumho 2.3(i.sam)-ga-dong,Seongdong-gu,974.0,413.0,2422.0,1054.0,1368.0,903.0,1890.0,15.0,143.0,14.0,231.0,42.0,158.0
Oksu-dong,Seongdong-gu,759.0,317.0,2720.0,1272.0,1448.0,616.0,1467.0,75.0,545.0,18.0,470.0,50.0,238.0
Hwayang-dong,Gwangjin-gu,2456.0,888.0,14197.0,7337.0,6860.0,2091.0,6334.0,269.0,2438.0,53.0,5290.0,43.0,135.0
Gunja-dong,Gwangjin-gu,1572.0,551.0,7832.0,4276.0,3556.0,1275.0,3070.0,228.0,2220.0,30.0,2395.0,39.0,147.0
Junggok 1(il)-dong,Gwangjin-gu,1601.0,553.0,6943.0,3973.0,2970.0,1375.0,3209.0,173.0,3404.0,14.0,182.0,39.0,148.0
Junggok 2(i)-dong,Gwangjin-gu,1748.0,639.0,5699.0,2711.0,2988.0,1476.0,3515.0,194.0,1586.0,23.0,430.0,55.0,168.0
Junggok 3(sam)-dong,Gwangjin-gu,1359.0,522.0,4778.0,2582.0,2196.0,1235.0,2860.0,76.0,1145.0,14.0,589.0,34.0,184.0
Junggok 4(sa)-dong,Gwangjin-gu,1572.0,539.0,4959.0,2800.0,2159.0,1435.0,2999.0,75.0,1226.0,22.0,639.0,40.0,95.0
Neung-dong,Gwangjin-gu,698.0,224.0,4466.0,2175.0,2291.0,503.0,1663.0,149.0,1850.0,29.0,868.0,17.0,85.0
Guui 1(il)-dong,Gwangjin-gu,1838.0,645.0,6361.0,3741.0,2620.0,1533.0,3374.0,210.0,2111.0,30.0,688.0,65.0,188.0
Guui 2(i)-dong,Gwangjin-gu,1314.0,421.0,5211.0,2977.0,2234.0,1118.0,2351.0,116.0,1793.0,29.0,808.0,51.0,259.0
Guui 3(sam)-dong,Gwangjin-gu,2596.0,845.0,19699.0,13156.0,6543.0,1992.0,5203.0,510.0,13304.0,29.0,776.0,65.0,416.0
Gwangjang-dong,Gwangjin-gu,1361.0,521.0,10953.0,6030.0,4923.0,941.0,2777.0,317.0,6110.0,43.0,1443.0,60.0,623.0
Jayang 1(il)-dong,Gwangjin-gu,1694.0,619.0,8364.0,5018.0,3346.0,1430.0,3294.0,187.0,3288.0,27.0,1582.0,50.0,200.0
Jayang 2(i)-dong,Gwangjin-gu,1517.0,469.0,7311.0,4263.0,3048.0,1256.0,2649.0,172.0,2310.0,34.0,2170.0,55.0,182.0
Jayang 3(sam)-dong,Gwangjin-gu,1317.0,508.0,6244.0,3137.0,3107.0,1068.0,2679.0,174.0,2496.0,20.0,748.0,55.0,321.0
Jayang 4(sa)-dong,Gwangjin-gu,2033.0,762.0,6948.0,4010.0,2938.0,1826.0,4143.0,134.0,1948.0,26.0,476.0,47.0,381.0
Hoegi-dong,Dongdaemun-gu,990.0,409.0,10029.0,4817.0,5212.0,873.0,2435.0,61.0,456.0,35.0,6920.0,21.0,218.0
Hwigyeong 1(il)-dong,Dongdaemun-gu,1041.0,367.0,3869.0,1927.0,1942.0,900.0,2252.0,79.0,1357.0,18.0,99.0,44.0,161.0
Hwigyeong 2(i)-dong,Dongdaemun-gu,1092.0,277.0,4462.0,2137.0,2325.0,985.0,1682.0,41.0,523.0,29.0,1930.0,37.0,327.0
Cheongnyangni-dong,Dongdaemun-gu,1687.0,629.0,8301.0,4555.0,3746.0,1472.0,3435.0,107.0,1235.0,51.0,3227.0,57.0,404.0
Yongsin-dong,Dongdaemun-gu,5504.0,1691.0,27882.0,16050.0,11832.0,4559.0,9979.0,760.0,13223.0,94.0,4328.0,91.0,352.0
Jegi-dong,Dongdaemun-gu,4697.0,1661.0,11249.0,6174.0,5075.0,4266.0,7464.0,314.0,2542.0,40.0,900.0,77.0,343.0
Jeonnong 1(il)-dong,Dongdaemun-gu,2244.0,849.0,7761.0,3798.0,3963.0,1982.0,4345.0,190.0,1901.0,25.0,1362.0,47.0,153.0
Jeonnong 2(i)-dong,Dongdaemun-gu,845.0,311.0,4362.0,1954.0,2408.0,737.0,1490.0,43.0,462.0,25.0,2243.0,40.0,167.0
Dapsimni 1(il)-dong,Dongdaemun-gu,2095.0,551.0,10111.0,6323.0,3788.0,1783.0,3912.0,227.0,5233.0,29.0,727.0,56.0,239.0
Dapsimni 2(i)-dong,Dongdaemun-gu,2003.0,516.0,5735.0,3479.0,2256.0,1733.0,3679.0,196.0,1450.0,18.0,139.0,56.0,467.0
Jangan 1(il)-dong,Dongdaemun-gu,4376.0,1271.0,20752.0,11494.0,9258.0,3531.0,9039.0,714.0,10364.0,51.0,955.0,80.0,394.0
Jangan 2(i)-dong,Dongdaemun-gu,3190.0,1130.0,10088.0,4930.0,5158.0,2833.0,6595.0,271.0,2743.0,30.0,548.0,56.0,202.0
Imun 1(il)-dong,Dongdaemun-gu,1476.0,594.0,5316.0,2778.0,2538.0,1355.0,2840.0,43.0,389.0,34.0,1882.0,44.0,205.0
Imun 2(i)-dong,Dongdaemun-gu,732.0,276.0,2183.0,1291.0,892.0,669.0,1302.0,28.0,356.0,11.0,436.0,24.0,89.0
Myeonmok 2(i)-dong,Jungnang-gu,2018.0,645.0,6140.0,3511.0,2629.0,1839.0,4245.0,120.0,1426.0,14.0,320.0,45.0,149.0
Myeonmok 4(sa)-dong,Jungnang-gu,1058.0,395.0,3407.0,1908.0,1499.0,954.0,2126.0,45.0,761.0,24.0,390.0,35.0,130.0
Myeonmok 5(o)-dong,Jungnang-gu,1002.0,284.0,3740.0,2242.0,1498.0,905.0,2398.0,67.0,1158.0,8.0,87.0,22.0,97.0
Myeonmok 7(chil)-dong,Jungnang-gu,1507.0,534.0,4122.0,1989.0,2133.0,1404.0,3308.0,47.0,511.0,10.0,141.0,46.0,162.0
Sangbong 1(il)-dong,Jungnang-gu,1100.0,365.0,6159.0,3186.0,2973.0,896.0,2182.0,142.0,2936.0,25.0,885.0,37.0,156.0
Sangbong 2(i)-dong,Jungnang-gu,2164.0,778.0,9971.0,5491.0,4480.0,1872.0,4934.0,165.0,4013.0,23.0,753.0,104.0,271.0
Junghwa 1(il)-dong,Jungnang-gu,1100.0,358.0,3655.0,1738.0,1917.0,963.0,2214.0,69.0,792.0,18.0,479.0,50.0,170.0
Junghwa 2(i)-dong,Jungnang-gu,2286.0,834.0,6673.0,3534.0,3139.0,2071.0,4724.0,141.0,1593.0,19.0,191.0,55.0,165.0
Muk 1(il)-dong,Jungnang-gu,1503.0,501.0,5870.0,3147.0,2723.0,1293.0,3135.0,122.0,1607.0,26.0,822.0,62.0,306.0
Muk 2(i)-dong,Jungnang-gu,1752.0,521.0,5333.0,3058.0,2275.0,1574.0,3250.0,116.0,932.0,12.0,968.0,50.0,183.0
Mangu 3(sam)-dong,Jungnang-gu,1072.0,365.0,3543.0,1849.0,1694.0,998.0,2496.0,40.0,649.0,6.0,315.0,28.0,83.0
Sinnae 1(il)-dong,Jungnang-gu,1574.0,466.0,7895.0,4561.0,3334.0,1366.0,3076.0,112.0,2362.0,28.0,2131.0,68.0,326.0
Sinnae 2(i)-dong,Jungnang-gu,1074.0,402.0,5172.0,2601.0,2571.0,948.0,1901.0,73.0,632.0,26.0,2496.0,27.0,143.0
Myeonmokbon-dong,Jungnang-gu,2454.0,945.0,6842.0,3151.0,3691.0,2310.0,5510.0,78.0,734.0,17.0,351.0,49.0,247.0
Myeonmok 3.8(sam.pal)-dong,Jungnang-gu,3043.0,789.0,7685.0,4319.0,3366.0,2888.0,5145.0,70.0,783.0,26.0,1602.0,59.0,155.0
Mangubon-dong,Jungnang-gu,2783.0,970.0,9831.0,4933.0,4898.0,2484.0,5719.0,180.0,2229.0,47.0,1315.0,72.0,568.0
Donam 1(il)-dong,Seongbuk_gu,382.0,122.0,1383.0,618.0,765.0,333.0,683.0,17.0,218.0,10.0,394.0,22.0,88.0
Donam 2(i)-dong,Seongbuk_gu,363.0,146.0,1716.0,589.0,1127.0,304.0,569.0,21.0,725.0,17.0,351.0,21.0,71.0
Anam-dong,Seongbuk_gu,1329.0,434.0,13134.0,7692.0,5442.0,1056.0,3077.0,172.0,1858.0,64.0,8029.0,37.0,170.0
Bomun-dong,Seongbuk_gu,1239.0,366.0,4121.0,2285.0,1836.0,1110.0,2246.0,84.0,1320.0,22.0,384.0,23.0,171.0
Jeongneung 1(il)-dong,Seongbuk_gu,787.0,270.0,1937.0,983.0,954.0,713.0,1496.0,24.0,149.0,14.0,127.0,36.0,165.0
Jeongneung 2(i)-dong,Seongbuk_gu,957.0,327.0,2832.0,1555.0,1277.0,859.0,1668.0,40.0,598.0,19.0,434.0,39.0,132.0
Jeongneung 3(sam)-dong,Seongbuk_gu,674.0,243.0,4343.0,2487.0,1856.0,551.0,1096.0,33.0,467.0,37.0,2577.0,53.0,203.0
Jeongneung 4(sa)-dong,Seongbuk_gu,871.0,288.0,3870.0,2417.0,1453.0,767.0,1659.0,34.0,1186.0,18.0,820.0,52.0,205.0
Gireum 1(il)-dong,Seongbuk_gu,1151.0,491.0,3619.0,1516.0,2103.0,1050.0,2382.0,48.0,466.0,19.0,540.0,34.0,231.0
Gireum 2(i)-dong,Seongbuk_gu,1116.0,529.0,4612.0,1978.0,2634.0,972.0,2724.0,82.0,1289.0,14.0,386.0,48.0,213.0
Wolgok 1(il)-dong,Seongbuk_gu,1192.0,449.0,4899.0,2639.0,2260.0,1040.0,2653.0,83.0,1284.0,24.0,743.0,45.0,219.0
Wolgok 2(i)-dong,Seongbuk_gu,1798.0,568.0,8745.0,4226.0,4519.0,1600.0,3590.0,105.0,843.0,45.0,4076.0,48.0,236.0
Jangwi 1(il)-dong,Seongbuk_gu,1131.0,381.0,2838.0,1356.0,1482.0,1052.0,2173.0,29.0,351.0,12.0,196.0,38.0,118.0
Jangwi 2(i)-dong,Seongbuk_gu,1663.0,593.0,5078.0,2729.0,2349.0,1551.0,3547.0,57.0,1033.0,16.0,373.0,39.0,125.0
Jangwi 3(sam)-dong,Seongbuk_gu,1212.0,360.0,4452.0,2582.0,1870.0,1106.0,2630.0,57.0,1289.0,16.0,406.0,33.0,127.0
Seongbuk-dong,Seongbuk_gu,1021.0,380.0,5115.0,2482.0,2633.0,778.0,1993.0,147.0,2033.0,41.0,806.0,55.0,283.0
Samseon-dong,Seongbuk_gu,1866.0,705.0,9510.0,4960.0,4550.0,1607.0,3624.0,149.0,2139.0,54.0,3578.0,56.0,169.0
Dongseon-dong,Seongbuk_gu,1974.0,774.0,10170.0,4497.0,5673.0,1709.0,5000.0,171.0,2331.0,46.0,2632.0,48.0,207.0
Jongam-dong,Seongbuk_gu,2093.0,769.0,7550.0,3905.0,3645.0,1899.0,4312.0,97.0,1467.0,32.0,1246.0,65.0,525.0
Seokgwan-dong,Seongbuk_gu,2255.0,746.0,8217.0,4834.0,3383.0,2068.0,4710.0,116.0,2371.0,26.0,995.0,45.0,141.0
Beon 1(il)-dong,Gangbuk-gu,1693.0,637.0,8783.0,3806.0,4977.0,1428.0,3626.0,210.0,4081.0,22.0,865.0,33.0,211.0
Beon 2(i)-dong,Gangbuk-gu,653.0,160.0,3128.0,2001.0,1127.0,553.0,1094.0,39.0,919.0,25.0,982.0,36.0,133.0
Beon 3(sam)-dong,Gangbuk-gu,831.0,195.0,2556.0,1491.0,1065.0,750.0,1413.0,27.0,568.0,21.0,419.0,33.0,156.0
Suyu 1(il)-dong,Gangbuk-gu,1578.0,595.0,5125.0,2500.0,2625.0,1420.0,2908.0,59.0,1002.0,27.0,818.0,72.0,397.0
Suyu 2(i)-dong,Gangbuk-gu,1365.0,494.0,4357.0,2074.0,2283.0,1222.0,2844.0,51.0,918.0,16.0,209.0,76.0,386.0
Suyu 3(sam)-dong,Gangbuk-gu,2379.0,967.0,8413.0,3779.0,4634.0,2178.0,5380.0,140.0,1544.0,22.0,1349.0,39.0,140.0
Samyang-dong,Gangbuk-gu,1228.0,451.0,3331.0,1540.0,1791.0,1120.0,2223.0,17.0,389.0,21.0,407.0,70.0,312.0
Mia-dong,Gangbuk-gu,1967.0,627.0,6580.0,3085.0,3495.0,1795.0,3988.0,93.0,1264.0,38.0,1078.0,41.0,250.0
Songjung-dong,Gangbuk-gu,2009.0,748.0,8463.0,3917.0,4546.0,1776.0,4783.0,130.0,2046.0,34.0,1338.0,69.0,296.0
Songcheon-dong,Gangbuk-gu,2268.0,874.0,7272.0,3324.0,3948.0,2068.0,5028.0,110.0,1214.0,27.0,808.0,63.0,222.0
Samgaksan-dong,Gangbuk-gu,714.0,283.0,2190.0,883.0,1307.0,665.0,1441.0,16.0,145.0,8.0,378.0,25.0,226.0
Ui-dong,Gangbuk-gu,994.0,388.0,3478.0,2168.0,1310.0,895.0,1812.0,34.0,1190.0,16.0,206.0,49.0,270.0
Insu-dong,Gangbuk-gu,1569.0,528.0,5792.0,2923.0,2869.0,1418.0,2613.0,55.0,1414.0,28.0,1485.0,68.0,280.0
Ssangmun 1(il)-dong,Dobong-gu,911.0,296.0,3803.0,1948.0,1855.0,804.0,1725.0,36.0,692.0,23.0,1196.0,48.0,190.0
Ssangmun 2(i)-dong,Dobong-gu,1227.0,455.0,4299.0,2326.0,1973.0,1082.0,2467.0,67.0,1116.0,15.0,422.0,63.0,294.0
Ssangmun 3(sam)-dong,Dobong-gu,897.0,329.0,3182.0,1552.0,1630.0,810.0,1698.0,44.0,577.0,9.0,811.0,34.0,96.0
Ssangmun 4(sa)-dong,Dobong-gu,594.0,230.0,1933.0,867.0,1066.0,550.0,1080.0,9.0,90.0,11.0,621.0,24.0,142.0
Banghak 1(il)-dong,Dobong-gu,2278.0,912.0,9931.0,5618.0,4313.0,2007.0,4605.0,148.0,3020.0,27.0,1882.0,96.0,424.0
Banghak 2(i)-dong,Dobong-gu,1289.0,462.0,2837.0,1359.0,1478.0,1203.0,2288.0,24.0,206.0,9.0,227.0,53.0,116.0
Banghak 3(sam)-dong,Dobong-gu,888.0,258.0,3161.0,1688.0,1473.0,797.0,1646.0,28.0,705.0,13.0,479.0,50.0,331.0
Chang 1(il)-dong,Dobong-gu,1078.0,386.0,3390.0,1482.0,1908.0,969.0,2210.0,57.0,516.0,13.0,427.0,39.0,237.0
Chang 2(i)-dong,Dobong-gu,1331.0,438.0,4447.0,2311.0,2136.0,1202.0,2814.0,66.0,1049.0,9.0,363.0,54.0,221.0
Chang 3(sam)-dong,Dobong-gu,964.0,346.0,1939.0,883.0,1056.0,917.0,1554.0,11.0,83.0,8.0,182.0,28.0,120.0
Chang 4(sa)-dong,Dobong-gu,1140.0,382.0,6738.0,3738.0,3000.0,930.0,2392.0,146.0,2630.0,22.0,1380.0,42.0,336.0
Chang 5(o)-dong,Dobong-gu,2062.0,477.0,6654.0,3623.0,3031.0,1840.0,4056.0,128.0,1747.0,28.0,594.0,66.0,257.0
Dobong 1(il)-dong,Dobong-gu,1660.0,602.0,5496.0,3313.0,2183.0,1458.0,3005.0,82.0,1572.0,24.0,560.0,96.0,359.0
Dobong 2(i)-dong,Dobong-gu,1394.0,479.0,6126.0,3639.0,2487.0,1213.0,2426.0,92.0,2199.0,31.0,1153.0,58.0,348.0
Wolgye 1(il)-dong,Nowon-gu,1379.0,468.0,5506.0,3499.0,2007.0,1242.0,2703.0,66.0,1058.0,16.0,1504.0,55.0,241.0
Wolgye 2(i)-dong,Nowon-gu,1047.0,265.0,3592.0,2033.0,1559.0,941.0,1672.0,39.0,571.0,23.0,1144.0,44.0,205.0
Wolgye 3(sam)-dong,Nowon-gu,950.0,287.0,3746.0,1991.0,1755.0,857.0,1483.0,50.0,1314.0,14.0,651.0,29.0,298.0
Gongneung 2(i)-dong,Nowon-gu,1813.0,601.0,10912.0,5414.0,5498.0,1583.0,3154.0,105.0,1271.0,49.0,6037.0,76.0,450.0
Hagye 1(il)-dong,Nowon-gu,914.0,308.0,6791.0,3550.0,3241.0,728.0,2004.0,92.0,1461.0,38.0,3003.0,56.0,323.0
Hagye 2(i)-dong,Nowon-gu,380.0,120.0,1064.0,458.0,606.0,354.0,574.0,6.0,45.0,5.0,304.0,15.0,141.0
Junggyebon-dong,Nowon-gu,1158.0,407.0,5241.0,2598.0,2643.0,1025.0,2773.0,59.0,1322.0,22.0,831.0,52.0,315.0
Junggye 1(il)-dong,Nowon-gu,910.0,346.0,4012.0,1791.0,2221.0,794.0,2280.0,58.0,919.0,16.0,512.0,42.0,301.0
Junggye 4(sa)-dong,Nowon-gu,1002.0,412.0,3711.0,1671.0,2040.0,884.0,2223.0,51.0,435.0,20.0,868.0,47.0,185.0
Sanggye 1(il)-dong,Nowon-gu,2827.0,652.0,7954.0,4658.0,3296.0,2545.0,4590.0,170.0,2189.0,36.0,851.0,76.0,324.0
Sanggye 2(i)-dong,Nowon-gu,2176.0,887.0,8370.0,3754.0,4616.0,1927.0,5759.0,149.0,1631.0,24.0,540.0,76.0,440.0
Sanggye 5(o)-dong,Nowon-gu,1349.0,535.0,3319.0,1582.0,1737.0,1210.0,2508.0,43.0,319.0,11.0,147.0,85.0,345.0
Sanggye 8(pal)-dong,Nowon-gu,600.0,240.0,1885.0,782.0,1103.0,555.0,1203.0,18.0,122.0,11.0,395.0,16.0,165.0
Sanggye 9(gu)-dong,Nowon-gu,730.0,263.0,2360.0,1066.0,1294.0,686.0,1291.0,17.0,227.0,14.0,705.0,13.0,137.0
Sanggye 10(sip)-dong,Nowon-gu,484.0,153.0,2139.0,1249.0,890.0,431.0,876.0,23.0,464.0,16.0,701.0,14.0,98.0
Sanggye 3.4(sam.sa)-dong,Nowon-gu,1699.0,596.0,4773.0,2811.0,1962.0,1513.0,2730.0,48.0,1239.0,17.0,336.0,121.0,468.0
Sanggye 6.7(yuk.chil)-dong,Nowon-gu,1939.0,665.0,14042.0,5560.0,8482.0,1564.0,4391.0,266.0,4680.0,50.0,4039.0,59.0,932.0
Junggye 2.3(i.sam)-dong,Nowon-gu,1233.0,524.0,4835.0,1962.0,2873.0,1116.0,2333.0,59.0,1056.0,30.0,1221.0,28.0,225.0
Gongneung 1(il)-dong,Nowon-gu,2583.0,844.0,10273.0,5274.0,4999.0,2195.0,4846.0,248.0,4081.0,45.0,727.0,95.0,619.0
Nokbeon-dong,Eunpyeong-gu,1564.0,557.0,8097.0,4302.0,3795.0,1248.0,3482.0,154.0,1914.0,71.0,2347.0,91.0,354.0
Bulgwang 1(il)-dong,Eunpyeong-gu,1672.0,680.0,6914.0,2772.0,4142.0,1455.0,3209.0,106.0,1882.0,39.0,1419.0,72.0,404.0
Galhyeon 1(il)-dong,Eunpyeong-gu,1461.0,572.0,5136.0,2165.0,2971.0,1303.0,2973.0,104.0,1680.0,13.0,368.0,41.0,115.0
Galhyeon 2(i)-dong,Eunpyeong-gu,1561.0,663.0,5495.0,2278.0,3217.0,1406.0,3296.0,73.0,952.0,32.0,1010.0,50.0,237.0
Gusan-dong,Eunpyeong-gu,1181.0,366.0,5389.0,2672.0,2717.0,1040.0,2035.0,52.0,1211.0,37.0,1957.0,52.0,186.0
Daejo-dong,Eunpyeong-gu,2566.0,1181.0,7174.0,3005.0,4169.0,2330.0,5379.0,165.0,1197.0,22.0,467.0,49.0,131.0
Eungam 1(il)-dong,Eunpyeong-gu,1615.0,638.0,7074.0,3588.0,3486.0,1391.0,3492.0,147.0,2518.0,29.0,816.0,48.0,248.0
Eungam 2(i)-dong,Eunpyeong-gu,944.0,296.0,2214.0,1165.0,1049.0,882.0,1535.0,17.0,116.0,14.0,496.0,31.0,67.0
Sinsa 1(il)-dong,Eunpyeong-gu,1559.0,445.0,3927.0,2347.0,1580.0,1440.0,2578.0,51.0,719.0,24.0,554.0,44.0,76.0
Sinsa 2(i)-dong,Eunpyeong-gu,1216.0,260.0,2933.0,1800.0,1133.0,1123.0,1764.0,34.0,490.0,19.0,574.0,40.0,105.0
Jeungsan-dong,Eunpyeong-gu,1108.0,381.0,3825.0,2351.0,1474.0,967.0,1885.0,84.0,1492.0,18.0,353.0,39.0,95.0
Susaek-dong,Eunpyeong-gu,848.0,291.0,3003.0,1902.0,1101.0,755.0,1475.0,57.0,1149.0,21.0,343.0,15.0,36.0
Jingwan-dong,Eunpyeong-gu,1007.0,447.0,5234.0,2679.0,2555.0,838.0,1813.0,56.0,1199.0,36.0,1832.0,77.0,390.0
Bulgwang 2(i)-dong,Eunpyeong-gu,1295.0,564.0,4088.0,1857.0,2231.0,1175.0,2407.0,44.0,478.0,33.0,974.0,43.0,229.0
Eungam 3(sam)-dong,Eunpyeong-gu,1909.0,749.0,5272.0,2410.0,2862.0,1752.0,3846.0,75.0,638.0,22.0,587.0,60.0,201.0
Yeokchon-dong,Eunpyeong-gu,2447.0,927.0,7428.0,3434.0,3994.0,2162.0,4842.0,169.0,1686.0,29.0,610.0,87.0,290.0
Cheonyeon-dong,Seodaemun-gu,809.0,317.0,2475.0,1140.0,1335.0,693.0,1499.0,39.0,201.0,36.0,576.0,41.0,199.0
Hongje 1(il)-dong,Seodaemun-gu,1132.0,444.0,4016.0,1944.0,2072.0,975.0,2222.0,78.0,928.0,17.0,618.0,62.0,248.0
Hongje 3(sam)-dong,Seodaemun-gu,1271.0,518.0,3848.0,1807.0,2041.0,1144.0,2171.0,56.0,657.0,27.0,587.0,44.0,433.0
Hongje 2(i)-dong,Seodaemun-gu,592.0,264.0,1666.0,862.0,804.0,505.0,958.0,33.0,185.0,13.0,267.0,41.0,256.0
Hongeun 1(il)-dong,Seodaemun-gu,1029.0,353.0,2398.0,1187.0,1211.0,918.0,1548.0,45.0,275.0,23.0,333.0,43.0,242.0
Hongeun 2(i)-dong,Seodaemun-gu,1148.0,389.0,5636.0,3021.0,2615.0,990.0,2151.0,71.0,1536.0,27.0,1683.0,60.0,266.0
Namgajwa 1(il)-dong,Seodaemun-gu,640.0,322.0,1253.0,509.0,744.0,601.0,985.0,17.0,115.0,9.0,106.0,13.0,47.0
Namgajwa 2(i)-dong,Seodaemun-gu,1554.0,585.0,4268.0,2217.0,2051.0,1403.0,2735.0,66.0,583.0,23.0,741.0,62.0,209.0
Bukgajwa 1(il)-dong,Seodaemun-gu,504.0,138.0,2025.0,1322.0,703.0,435.0,783.0,45.0,933.0,8.0,221.0,16.0,88.0
Bukgajwa 2(i)-dong,Seodaemun-gu,2261.0,619.0,6294.0,3777.0,2517.0,2102.0,3624.0,85.0,2266.0,17.0,174.0,57.0,230.0
Chunghyeon-dong,Seodaemun-gu,1709.0,549.0,21801.0,12687.0,9114.0,1035.0,2604.0,477.0,13134.0,125.0,5484.0,72.0,579.0
Bugahyeon-dong,Seodaemun-gu,699.0,245.0,1862.0,967.0,895.0,634.0,1237.0,20.0,100.0,24.0,455.0,21.0,70.0
Sinchon-dong,Seodaemun-gu,3725.0,1538.0,30866.0,13401.0,17465.0,2935.0,8987.0,585.0,6295.0,134.0,15161.0,71.0,423.0
Yeonhui-dong,Seodaemun-gu,2138.0,765.0,10258.0,5787.0,4471.0,1755.0,3872.0,256.0,3661.0,55.0,2446.0,72.0,279.0
Yonggang-dong,Mapo-gu,2390.0,689.0,15534.0,9221.0,6313.0,1252.0,3167.0,953.0,10373.0,95.0,1646.0,90.0,348.0
Daeheung-dong,Mapo-gu,1628.0,551.0,10395.0,5257.0,5138.0,1290.0,3746.0,222.0,3382.0,63.0,3018.0,53.0,249.0
Yeomni-dong,Mapo-gu,787.0,284.0,4964.0,2812.0,2152.0,625.0,1228.0,98.0,1573.0,24.0,1894.0,40.0,269.0
Sinsu-dong,Mapo-gu,1382.0,344.0,5800.0,2931.0,2869.0,1147.0,2336.0,167.0,2507.0,36.0,824.0,32.0,133.0
Seogyo-dong,Mapo-gu,8274.0,2736.0,52524.0,26876.0,25648.0,5731.0,18354.0,2307.0,31320.0,120.0,2279.0,116.0,571.0
Hapjeong-dong,Mapo-gu,1843.0,569.0,9941.0,5523.0,4418.0,1301.0,3200.0,460.0,5933.0,40.0,615.0,42.0,193.0
Mangwon 1(il)-dong,Mapo-gu,1380.0,466.0,4690.0,2343.0,2347.0,1208.0,2413.0,120.0,1963.0,18.0,234.0,34.0,80.0
Mangwon 2(i)-dong,Mapo-gu,1246.0,468.0,3392.0,1960.0,1432.0,1052.0,1862.0,134.0,1158.0,14.0,200.0,46.0,172.0
Yeonnam-dong,Mapo-gu,1220.0,387.0,5242.0,3087.0,2155.0,926.0,2133.0,245.0,2680.0,20.0,301.0,29.0,128.0
Seongsan 1(il)-dong,Mapo-gu,1600.0,456.0,9378.0,5702.0,3676.0,1099.0,2446.0,406.0,6046.0,45.0,676.0,50.0,210.0
Seongsan 2(i)-dong,Mapo-gu,1675.0,574.0,8434.0,4502.0,3932.0,1336.0,2961.0,237.0,1974.0,36.0,2815.0,66.0,684.0
Sangam-dong,Mapo-gu,1761.0,593.0,28598.0,18458.0,10140.0,1122.0,3039.0,493.0,22039.0,92.0,3146.0,54.0,374.0
Dohwa-dong,Mapo-gu,1855.0,586.0,14318.0,8139.0,6179.0,1189.0,2979.0,569.0,10133.0,43.0,817.0,54.0,389.0
Seogang-dong,Mapo-gu,1395.0,463.0,10170.0,5459.0,4711.0,1052.0,2640.0,258.0,4651.0,45.0,2661.0,40.0,218.0
gongdeok-dong,Mapo-gu,2622.0,850.0,18749.0,10575.0,8174.0,1910.0,4515.0,501.0,11367.0,101.0,2443.0,110.0,424.0
Ahyeon-dong,Mapo-gu,1735.0,594.0,12492.0,7541.0,4951.0,1223.0,2867.0,417.0,7728.0,52.0,1665.0,43.0,232.0
Mok 1(il)-dong,Yangcheon-gu,2617.0,1003.0,22037.0,12656.0,9381.0,1758.0,5973.0,746.0,13654.0,59.0,2095.0,54.0,315.0
Mok 2(i)-dong,Yangcheon-gu,1156.0,439.0,3604.0,1885.0,1719.0,997.0,2124.0,95.0,924.0,13.0,256.0,51.0,300.0
Mok 3(sam)-dong,Yangcheon-gu,1227.0,533.0,3917.0,1758.0,2159.0,1089.0,2371.0,81.0,1107.0,18.0,282.0,39.0,157.0
Mok 4(sa)-dong,Yangcheon-gu,1373.0,584.0,3666.0,1764.0,1902.0,1238.0,2556.0,68.0,667.0,11.0,327.0,56.0,116.0
Sinwol 1(il)-dong,Yangcheon-gu,1779.0,634.0,5028.0,2836.0,2192.0,1593.0,3376.0,107.0,1323.0,14.0,175.0,65.0,154.0
Sinwol 2(i)-dong,Yangcheon-gu,1101.0,315.0,3715.0,2111.0,1604.0,949.0,2167.0,88.0,1017.0,11.0,376.0,53.0,155.0
Sinwol 3(sam)-dong,Yangcheon-gu,1005.0,297.0,4187.0,2580.0,1607.0,842.0,1869.0,114.0,1533.0,22.0,689.0,27.0,96.0
Sinwol 4(sa)-dong,Yangcheon-gu,1150.0,378.0,3786.0,2310.0,1476.0,1023.0,1992.0,63.0,1267.0,11.0,256.0,53.0,271.0
Sinwol 5(o)-dong,Yangcheon-gu,951.0,333.0,3393.0,1697.0,1696.0,853.0,2140.0,56.0,666.0,14.0,483.0,28.0,104.0
Sinwol 6(yuk)-dong,Yangcheon-gu,1638.0,260.0,3473.0,2353.0,1120.0,1541.0,2338.0,57.0,825.0,13.0,228.0,27.0,82.0
Sinwol 7(chil)-dong,Yangcheon-gu,1367.0,417.0,5355.0,3472.0,1883.0,1195.0,2309.0,94.0,1793.0,14.0,949.0,64.0,304.0
Sinjeong 1(il)-dong,Yangcheon-gu,1054.0,475.0,4451.0,2205.0,2246.0,926.0,2132.0,65.0,779.0,25.0,1254.0,38.0,286.0
Sinjeong 2(i)-dong,Yangcheon-gu,1103.0,452.0,3708.0,1672.0,2036.0,973.0,2429.0,70.0,696.0,20.0,414.0,40.0,169.0
Sinjeong 3(sam)-dong,Yangcheon-gu,1991.0,629.0,7934.0,4610.0,3324.0,1686.0,3412.0,199.0,2921.0,35.0,1032.0,71.0,569.0
Sinjeong 6(yuk)-dong,Yangcheon-gu,693.0,278.0,5130.0,2616.0,2514.0,566.0,1548.0,75.0,772.0,23.0,2634.0,29.0,176.0
Sinjeong 7(chil)-dong,Yangcheon-gu,1016.0,359.0,4365.0,2501.0,1864.0,866.0,1808.0,79.0,751.0,30.0,1534.0,41.0,272.0
Mok 5(o)-dong,Yangcheon-gu,1489.0,666.0,9703.0,4239.0,5464.0,1221.0,3191.0,183.0,2371.0,36.0,3783.0,49.0,358.0
Sinjeong 4(sa)-dong,Yangcheon-gu,3010.0,1115.0,12547.0,6821.0,5726.0,2522.0,6986.0,332.0,4398.0,52.0,856.0,104.0,307.0
Yeomchang-dong,Gangseo-gu,2157.0,701.0,15145.0,9222.0,5923.0,1480.0,3580.0,554.0,9900.0,34.0,1106.0,89.0,559.0
Deungchon 1(il)-dong,Gangseo-gu,1742.0,568.0,10265.0,5964.0,4301.0,1194.0,3442.0,471.0,6067.0,23.0,536.0,54.0,220.0
Deungchon 2(i)-dong,Gangseo-gu,712.0,240.0,3351.0,1921.0,1430.0,590.0,1427.0,67.0,892.0,22.0,909.0,33.0,123.0
Deungchon 3(sam)-dong,Gangseo-gu,2296.0,755.0,19501.0,9766.0,9735.0,1564.0,4449.0,586.0,12129.0,66.0,2294.0,80.0,629.0
Hwagokbon-dong,Gangseo-gu,1368.0,533.0,3954.0,1732.0,2222.0,1233.0,2910.0,67.0,550.0,23.0,336.0,45.0,158.0
Hwagok 2(i)-dong,Gangseo-gu,842.0,308.0,2340.0,1177.0,1163.0,742.0,1475.0,55.0,470.0,6.0,208.0,39.0,187.0
Hwagok 3(sam)-dong,Gangseo-gu,1177.0,478.0,3975.0,1542.0,2433.0,1030.0,2185.0,89.0,1369.0,18.0,304.0,40.0,117.0
Hwagok 4(sa)-dong,Gangseo-gu,1445.0,567.0,3549.0,1772.0,1777.0,1324.0,2598.0,59.0,425.0,17.0,433.0,45.0,93.0
Hwagok 6(yuk)-dong,Gangseo-gu,1831.0,671.0,11125.0,6069.0,5056.0,1454.0,4041.0,279.0,4656.0,52.0,2254.0,46.0,174.0
Hwagok 8(pal)-dong,Gangseo-gu,1214.0,493.0,3156.0,1586.0,1570.0,1114.0,2138.0,39.0,827.0,16.0,85.0,45.0,106.0
Gayang 1(il)-dong,Gangseo-gu,1225.0,332.0,9936.0,6648.0,3288.0,828.0,2334.0,320.0,6813.0,29.0,585.0,48.0,204.0
Gayang 2(i)-dong,Gangseo-gu,651.0,223.0,3293.0,1671.0,1622.0,474.0,1160.0,108.0,1129.0,27.0,753.0,42.0,251.0
Gayang 3(sam)-dong,Gangseo-gu,861.0,178.0,6785.0,4285.0,2500.0,492.0,1212.0,325.0,4552.0,21.0,830.0,23.0,191.0
Balsan 1(il)-dong,Gangseo-gu,2147.0,715.0,10930.0,6219.0,4711.0,1631.0,4085.0,379.0,4480.0,56.0,2057.0,81.0,308.0
Gonghang-dong,Gangseo-gu,1822.0,596.0,33019.0,17128.0,15891.0,1292.0,3062.0,446.0,28041.0,36.0,1772.0,48.0,144.0
Banghwa 1(il)-dong,Gangseo-gu,1957.0,719.0,7140.0,3605.0,3535.0,1693.0,3450.0,152.0,2784.0,12.0,375.0,100.0,531.0
Banghwa 2(i)-dong,Gangseo-gu,3160.0,829.0,12658.0,8202.0,4456.0,2661.0,4666.0,390.0,6798.0,33.0,844.0,76.0,350.0
Banghwa 3(sam)-dong,Gangseo-gu,853.0,236.0,3824.0,2386.0,1438.0,695.0,1211.0,81.0,1359.0,31.0,938.0,46.0,316.0
Hwagok 1(il)-dong,Gangseo-gu,2987.0,1150.0,8395.0,4296.0,4099.0,2677.0,6188.0,179.0,1332.0,23.0,491.0,108.0,384.0
Ujangsan-dong,Gangseo-gu,1574.0,622.0,5940.0,2795.0,3145.0,1325.0,3508.0,148.0,1548.0,31.0,640.0,70.0,244.0
Sindorim-dong,Guro-gu,2569.0,725.0,13854.0,7452.0,6402.0,1973.0,4819.0,515.0,8164.0,27.0,552.0,54.0,319.0
Guro 1(il)-dong,Guro-gu,675.0,236.0,2971.0,1517.0,1454.0,573.0,1263.0,69.0,1081.0,10.0,512.0,23.0,115.0
Guro 3(sam)-dong,Guro-gu,5737.0,1153.0,78879.0,50506.0,28373.0,2351.0,8685.0,3191.0,66825.0,114.0,2105.0,81.0,1264.0
Guro 4(sa)-dong,Guro-gu,2011.0,906.0,5476.0,2483.0,2993.0,1787.0,3562.0,129.0,1078.0,41.0,442.0,54.0,394.0
Guro 5(o)-dong,Guro-gu,4619.0,1255.0,24401.0,12768.0,11633.0,3570.0,7904.0,899.0,13982.0,64.0,1871.0,86.0,644.0
Gocheok 1(il)-dong,Guro-gu,2456.0,636.0,7829.0,4694.0,3135.0,2096.0,4458.0,275.0,1939.0,31.0,1258.0,54.0,174.0
Gocheok 2(i)-dong,Guro-gu,1155.0,515.0,3432.0,1624.0,1808.0,1026.0,2198.0,59.0,514.0,22.0,544.0,48.0,176.0
Gaebong 2(i)-dong,Guro-gu,1170.0,421.0,2703.0,1317.0,1386.0,1080.0,2029.0,44.0,427.0,10.0,115.0,36.0,132.0
Gaebong 3(sam)-dong,Guro-gu,1002.0,374.0,3803.0,2174.0,1629.0,902.0,1686.0,44.0,1648.0,10.0,357.0,46.0,112.0
Oryu 1(il)-dong,Guro-gu,1080.0,414.0,4353.0,2114.0,2239.0,932.0,2344.0,95.0,1510.0,21.0,303.0,32.0,196.0
Oryu 2(i)-dong,Guro-gu,1406.0,439.0,6306.0,4013.0,2293.0,1185.0,2518.0,113.0,1345.0,42.0,2060.0,66.0,383.0
Sugung-dong,Guro-gu,1091.0,316.0,5602.0,3667.0,1935.0,900.0,2097.0,100.0,2207.0,30.0,1094.0,61.0,204.0
Garibong-dong,Guro-gu,1032.0,455.0,2877.0,1238.0,1639.0,948.0,1838.0,48.0,455.0,10.0,165.0,26.0,419.0
Guro 2(i)-dong,Guro-gu,7577.0,1629.0,25793.0,15750.0,10043.0,5922.0,12106.0,1522.0,9376.0,58.0,3904.0,75.0,407.0
Gaebong 1(il)-dong,Guro-gu,1772.0,636.0,5381.0,2719.0,2662.0,1561.0,3728.0,109.0,936.0,31.0,498.0,71.0,219.0
Gasan-dong,Geumcheon-gu,11813.0,2346.0,140007.0,91899.0,48108.0,5101.0,18734.0,6462.0,117831.0,164.0,2720.0,86.0,722.0
Doksan 1(il)-dong,Geumcheon-gu,3233.0,934.0,18814.0,11888.0,6926.0,2568.0,7825.0,546.0,9721.0,44.0,793.0,75.0,475.0
Doksan 2(i)-dong,Geumcheon-gu,1237.0,428.0,3323.0,1690.0,1633.0,1105.0,2225.0,60.0,672.0,15.0,254.0,57.0,172.0
Doksan 3(sam)-dong,Geumcheon-gu,2226.0,806.0,8511.0,4517.0,3994.0,2002.0,4819.0,104.0,2560.0,40.0,893.0,80.0,239.0
Doksan 4(sa)-dong,Geumcheon-gu,1060.0,429.0,3096.0,1531.0,1565.0,961.0,1956.0,46.0,432.0,16.0,621.0,37.0,87.0
Siheung 1(il)-dong,Geumcheon-gu,3018.0,1188.0,13368.0,6624.0,6744.0,2635.0,6190.0,220.0,4602.0,44.0,2074.0,119.0,502.0
Siheung 2(i)-dong,Geumcheon-gu,551.0,169.0,1787.0,743.0,1044.0,487.0,894.0,13.0,98.0,16.0,553.0,35.0,242.0
Siheung 3(sam)-dong,Geumcheon-gu,3182.0,513.0,9142.0,6649.0,2493.0,2452.0,4663.0,679.0,3838.0,22.0,561.0,29.0,80.0
Siheung 4(sa)-dong,Geumcheon-gu,882.0,312.0,1956.0,939.0,1017.0,793.0,1377.0,11.0,77.0,14.0,288.0,64.0,214.0
Siheung 5(o)-dong,Geumcheon-gu,1204.0,485.0,3451.0,1745.0,1706.0,1088.0,2125.0,29.0,844.0,14.0,200.0,73.0,282.0
Yeouido-dong,Yeongdeungpo-gu,7564.0,2137.0,150020.0,93140.0,56880.0,3617.0,12506.0,3314.0,110671.0,390.0,24696.0,243.0,2147.0
Dangsan 1(il)-dong,Yeongdeungpo-gu,3092.0,881.0,16953.0,9502.0,7451.0,2323.0,5132.0,619.0,7995.0,73.0,3524.0,77.0,302.0
Dangsan2(i)-dong,Yeongdeungpo-gu,2164.0,732.0,16477.0,8491.0,7986.0,1490.0,3945.0,562.0,10772.0,53.0,1399.0,59.0,361.0
Yangpyeong 1(il)-dong,Yeongdeungpo-gu,3186.0,486.0,19922.0,12808.0,7114.0,2478.0,4507.0,612.0,14372.0,44.0,730.0,52.0,313.0
Yangpyeong 2(i)-dong,Yeongdeungpo-gu,2074.0,570.0,18234.0,11812.0,6422.0,1306.0,3842.0,689.0,13100.0,32.0,952.0,47.0,340.0
Singil 1(il)-dong,Yeongdeungpo-gu,1177.0,470.0,4035.0,1982.0,2053.0,1027.0,2049.0,92.0,929.0,22.0,847.0,36.0,210.0
Singil 3(sam)-dong,Yeongdeungpo-gu,1007.0,392.0,3056.0,1737.0,1319.0,915.0,1661.0,55.0,914.0,14.0,378.0,23.0,103.0
Singil 4(sa)-dong,Yeongdeungpo-gu,595.0,209.0,1567.0,766.0,801.0,534.0,988.0,29.0,302.0,8.0,166.0,24.0,111.0
Singil 5(o)-dong,Yeongdeungpo-gu,689.0,213.0,2079.0,1243.0,836.0,596.0,980.0,41.0,349.0,20.0,615.0,32.0,135.0
Singil 6(yuk)-dong,Yeongdeungpo-gu,1232.0,443.0,3974.0,1919.0,2055.0,1073.0,2214.0,82.0,1077.0,30.0,557.0,47.0,126.0
Singil 7(chil)-dong,Yeongdeungpo-gu,591.0,200.0,3030.0,1516.0,1514.0,458.0,998.0,84.0,1121.0,22.0,783.0,27.0,128.0
Daerim 1(il)-dong,Yeongdeungpo-gu,1129.0,479.0,4079.0,1757.0,2322.0,990.0,2243.0,81.0,477.0,17.0,1196.0,41.0,163.0
Daerim 2(i)-dong,Yeongdeungpo-gu,1408.0,590.0,4437.0,2365.0,2072.0,1272.0,2727.0,96.0,1385.0,13.0,263.0,27.0,62.0
Daerim 3(sam)-dong,Yeongdeungpo-gu,2907.0,739.0,10781.0,6212.0,4569.0,2460.0,5392.0,334.0,4357.0,35.0,671.0,78.0,361.0
Yeongdeungpobon-dong,Yeongdeungpo-gu,1240.0,494.0,4537.0,2151.0,2386.0,1042.0,2339.0,123.0,1333.0,28.0,638.0,47.0,227.0
Yeongdeungpo-dong,Yeongdeungpo-gu,6076.0,1898.0,34547.0,18701.0,15846.0,4779.0,10882.0,1103.0,19242.0,98.0,3945.0,96.0,478.0
Dorim-dong,Yeongdeungpo-gu,1025.0,355.0,3138.0,1935.0,1203.0,859.0,1991.0,115.0,816.0,10.0,80.0,41.0,251.0
Mullae-dong,Yeongdeungpo-gu,4995.0,993.0,36161.0,22972.0,13189.0,3657.0,8814.0,1172.0,25471.0,73.0,1335.0,93.0,541.0
Noryangjin 2(i)-dong,Dongjak-gu,1035.0,428.0,5138.0,2476.0,2662.0,899.0,1967.0,83.0,1737.0,17.0,1307.0,36.0,127.0
Sangdo 1(il)-dong,Dongjak-gu,1724.0,676.0,6250.0,3245.0,3005.0,1456.0,3398.0,153.0,1168.0,40.0,1353.0,75.0,331.0
Sangdo 2(i)-dong,Dongjak-gu,1261.0,541.0,4090.0,1888.0,2202.0,1110.0,2533.0,82.0,771.0,23.0,610.0,46.0,176.0
Sangdo 3(sam)-dong,Dongjak-gu,989.0,393.0,2720.0,1260.0,1460.0,895.0,1927.0,41.0,449.0,10.0,237.0,43.0,107.0
Sangdo 4(sa)-dong,Dongjak-gu,1006.0,366.0,2879.0,1324.0,1555.0,899.0,1846.0,36.0,254.0,19.0,608.0,52.0,171.0
Sadang 1(il)-dong,Dongjak-gu,1744.0,628.0,8660.0,4398.0,4262.0,1379.0,3485.0,267.0,4290.0,41.0,676.0,57.0,209.0
Sadang 3(sam)-dong,Dongjak-gu,1037.0,348.0,4303.0,2195.0,2108.0,853.0,1847.0,85.0,1458.0,29.0,721.0,70.0,277.0
Sadang 4(sa)-dong,Dongjak-gu,663.0,259.0,1638.0,807.0,831.0,603.0,1238.0,20.0,123.0,10.0,195.0,30.0,82.0
Sadang 5(o)-dong,Dongjak-gu,517.0,161.0,1692.0,905.0,787.0,434.0,853.0,36.0,315.0,16.0,425.0,31.0,99.0
Daebang-dong,Dongjak-gu,1689.0,608.0,12717.0,7734.0,4983.0,1327.0,3544.0,235.0,6880.0,57.0,1891.0,70.0,402.0
Sindaebang 1(il)-dong,Dongjak-gu,1050.0,422.0,4496.0,2480.0,2016.0,887.0,2035.0,118.0,1433.0,16.0,829.0,29.0,199.0
Sindaebang 2(i)-dong,Dongjak-gu,1254.0,495.0,27372.0,15489.0,11883.0,919.0,2407.0,219.0,20026.0,45.0,4091.0,71.0,848.0
Heukseok-dong,Dongjak-gu,1622.0,698.0,9671.0,4838.0,4833.0,1379.0,3130.0,109.0,1045.0,62.0,5190.0,72.0,306.0
Noryangjin 1(il)-dong,Dongjak-gu,2893.0,1104.0,11058.0,5830.0,5228.0,2636.0,6820.0,171.0,2896.0,38.0,1055.0,48.0,287.0
Sadang 2(i)-dong,Dongjak-gu,1551.0,637.0,5323.0,2578.0,2745.0,1346.0,3413.0,118.0,1092.0,31.0,529.0,56.0,289.0
Boramae-dong,Gwanak-gu,1316.0,537.0,4966.0,2387.0,2579.0,1125.0,2358.0,125.0,1923.0,24.0,577.0,42.0,108.0
Cheongnim-dong,Gwanak-gu,430.0,180.0,1059.0,488.0,571.0,397.0,783.0,7.0,62.0,7.0,105.0,19.0,109.0
Haengun-dong,Gwanak-gu,1397.0,555.0,5161.0,2451.0,2710.0,1211.0,3144.0,98.0,938.0,35.0,631.0,53.0,448.0
Nagseongdae-dong,Gwanak-gu,1277.0,481.0,7971.0,4006.0,3965.0,1009.0,3251.0,170.0,3729.0,42.0,814.0,56.0,177.0
Jungang-dong,Gwanak-gu,1469.0,382.0,4681.0,2240.0,2441.0,1309.0,2577.0,110.0,1680.0,13.0,201.0,37.0,223.0
Inheon-dong,Gwanak-gu,1123.0,441.0,4406.0,2145.0,2261.0,999.0,2037.0,77.0,1786.0,16.0,363.0,31.0,220.0
Namhyeon-dong,Gwanak-gu,842.0,337.0,5952.0,3217.0,2735.0,664.0,1985.0,125.0,3446.0,26.0,443.0,27.0,78.0
Sewon-dong,Gwanak-gu,1298.0,489.0,6702.0,3076.0,3626.0,1098.0,3826.0,141.0,2341.0,23.0,298.0,36.0,237.0
Sinwon-dong,Gwanak-gu,877.0,363.0,2256.0,1036.0,1220.0,815.0,1541.0,18.0,245.0,9.0,285.0,35.0,185.0
Serim-dong,Gwanak-gu,857.0,295.0,2755.0,1602.0,1153.0,771.0,1675.0,35.0,628.0,11.0,234.0,40.0,218.0
Sinsa-dong,Gwanak-gu,1451.0,525.0,4365.0,2238.0,2127.0,1285.0,2865.0,109.0,1059.0,13.0,266.0,44.0,175.0
Sillim-dong,Gwanak-gu,1744.0,755.0,5632.0,2952.0,2680.0,1598.0,3947.0,109.0,1239.0,12.0,350.0,25.0,96.0
Nanhyang-dong,Gwanak-gu,392.0,133.0,1685.0,858.0,827.0,349.0,707.0,14.0,580.0,7.0,258.0,22.0,140.0
Jowon-dong,Gwanak-gu,2172.0,724.0,7225.0,3902.0,3323.0,1890.0,4833.0,198.0,1588.0,26.0,578.0,58.0,226.0
Daehak-dong,Gwanak-gu,1562.0,596.0,11988.0,6658.0,5330.0,1327.0,3168.0,92.0,1392.0,74.0,6969.0,69.0,459.0
Euncheon-dong,Gwanak-gu,1673.0,589.0,7535.0,4074.0,3461.0,1434.0,3417.0,128.0,2724.0,31.0,981.0,80.0,413.0
Seonghyeon-dong,Gwanak-gu,834.0,287.0,2449.0,1121.0,1328.0,741.0,1554.0,26.0,257.0,12.0,423.0,55.0,215.0
Cheongnyong-dong,Gwanak-gu,1946.0,770.0,12463.0,6431.0,6032.0,1625.0,3745.0,186.0,4001.0,56.0,4435.0,79.0,282.0
Nangok-dong,Gwanak-gu,935.0,295.0,1988.0,1013.0,975.0,862.0,1400.0,9.0,57.0,14.0,385.0,50.0,146.0
Samseong-dong,Gwanak-gu,1139.0,422.0,2615.0,1336.0,1279.0,1037.0,1677.0,21.0,201.0,26.0,473.0,55.0,264.0
Miseong-dong,Gwanak-gu,1575.0,549.0,5201.0,2791.0,2410.0,1387.0,2970.0,83.0,1260.0,23.0,628.0,82.0,343.0
Seocho 1(il)-dong,Seocho-gu,3047.0,770.0,26660.0,16637.0,10023.0,1742.0,4800.0,1089.0,18415.0,131.0,2780.0,85.0,665.0
Seocho 2(i)-dong,Seocho-gu,4253.0,1175.0,49210.0,32181.0,17029.0,2187.0,6511.0,1805.0,37666.0,146.0,4425.0,115.0,608.0
Seocho 3(sam)-dong,Seocho-gu,6884.0,1627.0,65115.0,39050.0,26065.0,3915.0,12369.0,2267.0,37006.0,560.0,14834.0,142.0,906.0
Seocho 4(sa)-dong,Seocho-gu,2704.0,837.0,27523.0,15445.0,12078.0,1925.0,8975.0,602.0,16208.0,131.0,1931.0,46.0,409.0
Jamwon-dong,Seocho-gu,2176.0,730.0,13886.0,7487.0,6399.0,1435.0,4266.0,644.0,8680.0,29.0,428.0,68.0,512.0
Banpobon-dong,Seocho-gu,668.0,364.0,2280.0,1009.0,1271.0,599.0,1226.0,49.0,492.0,12.0,468.0,8.0,94.0
Banpo 1(il)-dong,Seocho-gu,1548.0,554.0,9227.0,5337.0,3890.0,1145.0,3383.0,351.0,5042.0,26.0,553.0,26.0,249.0
Banpo 2(i)-dong,Seocho-gu,428.0,190.0,2223.0,1082.0,1141.0,335.0,707.0,50.0,596.0,19.0,711.0,24.0,209.0
Banpo 3(sam)-dong,Seocho-gu,887.0,360.0,5949.0,2653.0,3296.0,706.0,1656.0,122.0,3240.0,23.0,681.0,36.0,372.0
Banpo 4(sa)-dong,Seocho-gu,3382.0,1498.0,29186.0,15030.0,14156.0,2547.0,7590.0,732.0,15415.0,68.0,5862.0,35.0,319.0
Bangbaebon-dong,Seocho-gu,1606.0,569.0,10745.0,5492.0,5253.0,1155.0,2855.0,381.0,7198.0,26.0,392.0,44.0,300.0
Bangbae 1(il)-dong,Seocho-gu,1629.0,534.0,13769.0,9466.0,4303.0,1080.0,2746.0,472.0,10429.0,43.0,471.0,34.0,123.0
Bangbae 2(i)-dong,Seocho-gu,1771.0,568.0,14947.0,9937.0,5010.0,1200.0,2887.0,474.0,10138.0,45.0,1752.0,52.0,170.0
Bangbae 3(sam)-dong,Seocho-gu,1103.0,347.0,10484.0,6820.0,3664.0,696.0,2316.0,286.0,6537.0,64.0,1320.0,57.0,311.0
Bangbae 4(sa)-dong,Seocho-gu,2265.0,752.0,13140.0,8065.0,5075.0,1576.0,3868.0,580.0,8210.0,47.0,837.0,62.0,225.0
Yangjae 1(il)-dong,Seocho-gu,3090.0,864.0,30202.0,20481.0,9721.0,1716.0,4706.0,1187.0,22623.0,102.0,2394.0,85.0,479.0
Yangjae 2(i)-dong,Seocho-gu,4981.0,1307.0,44373.0,30460.0,13913.0,2835.0,6707.0,1998.0,34201.0,102.0,3310.0,46.0,155.0
Naegok-dong,Seocho-gu,460.0,107.0,5035.0,2983.0,2052.0,344.0,745.0,77.0,2333.0,27.0,1919.0,12.0,38.0
Sinsa-dong,Gangnam-gu,4334.0,1629.0,27047.0,13256.0,13791.0,2991.0,11281.0,1277.0,15019.0,35.0,572.0,31.0,175.0
Nonhyeon 1(il)-dong,Gangnam-gu,4970.0,1437.0,38902.0,21945.0,16957.0,2985.0,10483.0,1842.0,27183.0,90.0,1001.0,53.0,235.0
Nonhyeon 2(i)-dong,Gangnam-gu,5128.0,1441.0,56495.0,33474.0,23021.0,2799.0,9824.0,2126.0,42658.0,147.0,3762.0,56.0,251.0
Samseong 1(il)-dong,Gangnam-gu,3170.0,824.0,49715.0,31180.0,18535.0,1473.0,6066.0,1533.0,37723.0,104.0,5578.0,60.0,348.0
Samseong 2(i)-dong,Gangnam-gu,3008.0,862.0,30057.0,17501.0,12556.0,1687.0,5497.0,1171.0,20536.0,70.0,3661.0,80.0,363.0
Daechi 1(il)-dong,Gangnam-gu,1004.0,424.0,6550.0,3112.0,3438.0,781.0,2899.0,171.0,2371.0,24.0,1046.0,28.0,234.0
Daechi 4(sa)-dong,Gangnam-gu,3242.0,1083.0,26790.0,15723.0,11067.0,2206.0,7545.0,916.0,18133.0,68.0,894.0,52.0,218.0
Yeoksam 1(il)-dong,Gangnam-gu,12516.0,3370.0,144308.0,87953.0,56355.0,6636.0,25484.0,5236.0,104305.0,499.0,13725.0,145.0,794.0
Yeoksam 2(i)-dong,Gangnam-gu,2956.0,833.0,34579.0,20605.0,13974.0,1575.0,5508.0,1241.0,26737.0,80.0,1845.0,60.0,489.0
Dogok 1(il)-dong,Gangnam-gu,1392.0,431.0,14298.0,8336.0,5962.0,880.0,3063.0,429.0,8388.0,33.0,2402.0,50.0,445.0
Dogok 2(i)-dong,Gangnam-gu,1646.0,524.0,18453.0,11051.0,7402.0,919.0,2924.0,652.0,13106.0,36.0,2089.0,39.0,334.0
Gaepo 1(il)-dong,Gangnam-gu,459.0,173.0,1318.0,758.0,560.0,422.0,660.0,15.0,238.0,4.0,225.0,18.0,195.0
Gaepo 4(sa)-dong,Gangnam-gu,3257.0,601.0,11318.0,7578.0,3740.0,2420.0,4211.0,757.0,6198.0,36.0,668.0,44.0,241.0
Irwonbon-dong,Gangnam-gu,492.0,201.0,8073.0,2156.0,5917.0,418.0,905.0,26.0,294.0,23.0,6576.0,25.0,298.0
Irwon 1(il)-dong,Gangnam-gu,894.0,337.0,5454.0,3038.0,2416.0,709.0,1896.0,131.0,2925.0,18.0,455.0,36.0,178.0
Irwon 2(i)-dong,Gangnam-gu,575.0,191.0,5064.0,3248.0,1816.0,419.0,907.0,96.0,1414.0,32.0,2522.0,28.0,221.0
Suseo-dong,Gangnam-gu,1333.0,315.0,17294.0,11139.0,6155.0,654.0,1802.0,602.0,14096.0,47.0,1143.0,30.0,253.0
Segok-dong,Gangnam-gu,437.0,112.0,2422.0,1582.0,840.0,324.0,744.0,85.0,1004.0,17.0,561.0,11.0,113.0
Apgujeong -dong,Gangnam-gu,3778.0,1456.0,28387.0,12802.0,15585.0,2591.0,11185.0,1098.0,15935.0,49.0,780.0,40.0,487.0
Cheongdam -dong,Gangnam-gu,3793.0,1512.0,36500.0,18586.0,17914.0,2464.0,11379.0,1200.0,23283.0,62.0,1478.0,67.0,360.0
Daechi 2(i)-dong,Gangnam-gu,3220.0,1125.0,50271.0,30456.0,19815.0,1945.0,6123.0,1110.0,39774.0,96.0,3780.0,69.0,594.0
Gaepo 2(i)-dong,Gangnam-gu,1010.0,414.0,4045.0,2046.0,1999.0,834.0,1802.0,94.0,961.0,24.0,852.0,58.0,430.0
Pungnap 1(il)-dong,Songpa-gu,806.0,316.0,2501.0,1117.0,1384.0,726.0,1220.0,44.0,907.0,14.0,228.0,22.0,146.0
Pungnap 2(i)-dong,Songpa-gu,1236.0,438.0,14873.0,6036.0,8837.0,1010.0,2697.0,119.0,2635.0,56.0,9341.0,51.0,200.0
Geoyeo 1(il)-dong,Songpa-gu,828.0,287.0,2534.0,1342.0,1192.0,700.0,1416.0,68.0,574.0,22.0,374.0,38.0,170.0
Geoyeo 2(i)-dong,Songpa-gu,1223.0,418.0,4400.0,2412.0,1988.0,1074.0,2180.0,80.0,1414.0,16.0,565.0,53.0,241.0
Macheon 1(il)-dong,Songpa-gu,910.0,323.0,2057.0,1111.0,946.0,829.0,1409.0,18.0,256.0,17.0,229.0,46.0,163.0
Macheon 2(i)-dong,Songpa-gu,1340.0,486.0,3993.0,2133.0,1860.0,1198.0,2246.0,58.0,798.0,19.0,528.0,65.0,421.0
Bangi 1(il)-dong,Songpa-gu,1312.0,506.0,8976.0,5445.0,3531.0,988.0,2826.0,263.0,5490.0,26.0,502.0,35.0,158.0
Bangi 2(i)-dong,Songpa-gu,2771.0,895.0,21572.0,13216.0,8356.0,1918.0,5165.0,754.0,15342.0,46.0,584.0,53.0,481.0
Oryun-dong,Songpa-gu,510.0,212.0,4286.0,2367.0,1919.0,329.0,678.0,51.0,1029.0,81.0,2326.0,49.0,253.0
Ogeum-dong,Songpa-gu,3197.0,783.0,16645.0,10500.0,6145.0,2594.0,5250.0,472.0,9311.0,47.0,1631.0,84.0,453.0
Songpa 1(il)-dong,Songpa-gu,2442.0,721.0,11419.0,7212.0,4207.0,1923.0,4353.0,428.0,6403.0,33.0,443.0,58.0,220.0
Songpa 2(i)-dong,Songpa-gu,881.0,371.0,5434.0,3360.0,2074.0,733.0,1534.0,97.0,3047.0,15.0,630.0,36.0,223.0
Seokchon-dong,Songpa-gu,2757.0,992.0,14313.0,8588.0,5725.0,2141.0,5611.0,503.0,8098.0,33.0,356.0,80.0,248.0
Samjeon-dong,Songpa-gu,1972.0,691.0,10176.0,6665.0,3511.0,1562.0,3813.0,319.0,5396.0,31.0,788.0,60.0,179.0
Garakbon-dong,Songpa-gu,3460.0,1037.0,28071.0,16938.0,11133.0,2210.0,6096.0,1075.0,17265.0,75.0,4290.0,100.0,420.0
Garak 1(il)-dong,Songpa-gu,3322.0,874.0,11184.0,8044.0,3140.0,1318.0,2888.0,1911.0,7426.0,39.0,680.0,54.0,190.0
Garak 2(i)-dong,Songpa-gu,1832.0,691.0,8739.0,4988.0,3751.0,1439.0,3273.0,298.0,4127.0,26.0,903.0,69.0,436.0
Munjeong 1(il)-dong,Songpa-gu,1434.0,497.0,6648.0,4260.0,2388.0,1045.0,2285.0,323.0,3886.0,15.0,331.0,51.0,146.0
Munjeong 2(i)-dong,Songpa-gu,2170.0,677.0,10862.0,6835.0,4027.0,1436.0,3549.0,695.0,6410.0,22.0,786.0,17.0,117.0
Jangji-dong,Songpa-gu,1449.0,440.0,9945.0,7099.0,2846.0,1109.0,2361.0,212.0,6090.0,33.0,1079.0,95.0,415.0
Jamsilbon-dong,Songpa-gu,3052.0,1079.0,17039.0,10159.0,6880.0,2382.0,7224.0,555.0,9112.0,46.0,447.0,69.0,256.0
Jamsil 4(sa)-dong,Songpa-gu,462.0,209.0,1727.0,664.0,1063.0,413.0,995.0,21.0,193.0,15.0,340.0,13.0,199.0
Jamsil 6(yuk)-dong,Songpa-gu,1959.0,565.0,23128.0,14349.0,8779.0,1337.0,3118.0,528.0,15042.0,66.0,4761.0,28.0,207.0
Jamsil 7(chil)-dong,Songpa-gu,195.0,101.0,976.0,473.0,503.0,160.0,263.0,17.0,224.0,10.0,394.0,8.0,95.0
Jamsil 2(i)-dong,Songpa-gu,765.0,349.0,3661.0,1608.0,2053.0,602.0,1508.0,62.0,524.0,33.0,1310.0,68.0,319.0
Jamsil 3(sam)-dong,Songpa-gu,1218.0,606.0,8056.0,3524.0,4532.0,955.0,2500.0,226.0,4832.0,23.0,540.0,14.0,184.0
Gangil-dong,Gangdong-gu,683.0,217.0,14694.0,11453.0,3241.0,566.0,1571.0,64.0,11805.0,20.0,1025.0,33.0,293.0
Sangil-dong,Gangdong-gu,1238.0,371.0,5441.0,2682.0,2759.0,1086.0,2068.0,69.0,545.0,32.0,2568.0,51.0,260.0
Myeongil 1(il)-dong,Gangdong-gu,1665.0,737.0,5027.0,2300.0,2727.0,1524.0,3545.0,89.0,921.0,18.0,367.0,34.0,194.0
Myeongil 2(i)-dong,Gangdong-gu,1267.0,596.0,5137.0,2366.0,2771.0,1091.0,3015.0,132.0,1210.0,11.0,659.0,33.0,253.0
Godeok 1(il)-dong,Gangdong-gu,550.0,193.0,1749.0,866.0,883.0,487.0,807.0,18.0,99.0,16.0,758.0,29.0,85.0
Godeok 2(i)-dong,Gangdong-gu,1945.0,257.0,3801.0,2611.0,1190.0,1862.0,2393.0,29.0,525.0,27.0,793.0,27.0,90.0
Amsa 2(i)-dong,Gangdong-gu,812.0,300.0,3671.0,1628.0,2043.0,714.0,1654.0,65.0,1691.0,10.0,239.0,23.0,87.0
Amsa 3(sam)-dong,Gangdong-gu,603.0,200.0,1911.0,961.0,950.0,528.0,1030.0,42.0,353.0,8.0,456.0,25.0,72.0
Cheonho 1(il)-dong,Gangdong-gu,1558.0,537.0,5102.0,2473.0,2629.0,1387.0,2763.0,106.0,1315.0,25.0,885.0,40.0,139.0
Cheonho 3(sam)-dong,Gangdong-gu,1877.0,713.0,6171.0,3271.0,2900.0,1616.0,3231.0,175.0,2428.0,31.0,251.0,55.0,261.0
Seongnae 1(il)-dong,Gangdong-gu,2045.0,608.0,15379.0,9343.0,6036.0,1462.0,3773.0,482.0,8587.0,47.0,2854.0,54.0,165.0
Seongnae 2(i)-dong,Gangdong-gu,1928.0,714.0,7545.0,3571.0,3974.0,1667.0,3926.0,193.0,3275.0,16.0,162.0,52.0,182.0
Seongnae 3(sam)-dong,Gangdong-gu,2384.0,918.0,10273.0,5739.0,4534.0,1985.0,5114.0,310.0,4558.0,29.0,275.0,60.0,326.0
Dunchon 1(il)-dong,Gangdong-gu,404.0,183.0,1318.0,742.0,576.0,370.0,479.0,16.0,214.0,9.0,423.0,9.0,202.0
Dunchon 2(i)-dong,Gangdong-gu,1610.0,567.0,9104.0,4843.0,4261.0,1339.0,3213.0,158.0,3441.0,32.0,2212.0,81.0,238.0
Amsa 1(il)-dong,Gangdong-gu,1947.0,707.0,5139.0,2752.0,2387.0,1783.0,3631.0,92.0,1003.0,12.0,331.0,60.0,174.0
Cheonho 2(i)-dong,Gangdong-gu,3424.0,1348.0,14008.0,6471.0,7537.0,2924.0,7564.0,383.0,5049.0,41.0,947.0,76.0,448.0
Gil-dong,Gangdong-gu,3816.0,1372.0,18259.0,9233.0,9026.0,3272.0,9020.0,402.0,6906.0,39.0,1947.0,103.0,386.0
